Cons ID,Data Time,Active Import(kWh),Active Export(kWh),Reactive Import(kVArh),Reactive Export(kVArh),Apparent Import(kVAh),Apparent Export(kVAh),Active Power(kW),Meter ID,Hourly_Kwh
29574,2024-04-13 01:00:00,11595.032,27.488,3443.151,897.47,12095.456,897.89,0.18,10,0.1999999999989086
29574,2024-04-13 02:00:00,11595.217,27.488,3443.196,897.474,12095.646,897.894,0.164,10,0.1850000000013096
29574,2024-04-13 03:00:00,11595.416,27.488,3443.266,897.477,12095.856,897.897,0.177,10,0.1989999999987048
29574,2024-04-13 04:00:00,11595.624,27.488,3443.319,897.48,12096.071,897.9,0.194,10,0.2080000000005384
29574,2024-04-13 05:00:00,11595.919,27.488,3443.386,897.48,12096.373,897.9,0.285,10,0.2950000000000727
29574,2024-04-13 06:00:00,11596.152,27.51,3443.445,897.604,12096.613,898.025,0.272,10,0.2330000000001746
29574,2024-04-13 07:00:00,11596.801,27.51,3443.524,897.62,12097.257,898.041,0.62,10,0.6489999999994325
29574,2024-04-13 08:00:00,11597.865,27.51,3443.623,897.623,12098.306,898.044,1.049,10,1.0640000000003056
29574,2024-04-13 09:00:00,11598.246,27.51,3443.744,897.634,12098.705,898.055,0.344,10,0.3809999999994033
29574,2024-04-13 10:00:00,11599.444,27.51,3443.812,897.638,12099.873,898.059,1.172,10,1.19800000000032
29574,2024-04-13 11:00:00,11600.608,27.51,3443.862,897.653,12101.003,898.074,1.152,10,1.1640000000006694
29574,2024-04-13 12:00:00,11601.304,27.51,3444.031,897.653,12101.719,898.074,0.688,10,0.6959999999999127
29574,2024-04-13 13:00:00,11601.611,27.51,3444.171,897.671,12102.053,898.092,0.318,10,0.3070000000006985
29574,2024-04-13 14:00:00,11601.853,27.51,3444.305,897.694,12102.323,898.115,0.224,10,0.2419999999983701
29574,2024-04-13 15:00:00,11601.975,27.51,3444.424,897.711,12102.474,898.132,0.116,10,0.1220000000012078
29574,2024-04-13 16:00:00,11602.11,27.51,3444.509,897.73,12102.627,898.151,0.101,10,0.1350000000002182
29574,2024-04-13 17:00:00,11602.236,27.51,3444.611,897.764,12102.777,898.185,0.103,10,0.1260000000002037
29574,2024-04-13 18:00:00,11602.394,27.51,3444.758,897.801,12102.97,898.222,0.116,10,0.157999999999447
29574,2024-04-13 19:00:00,11602.695,27.51,3444.825,897.816,12103.278,898.237,0.258,10,0.3009999999994761
29574,2024-04-13 20:00:00,11602.973,27.51,3444.912,897.82,12103.569,898.241,0.221,10,0.2780000000002474
29574,2024-04-13 21:00:00,11603.248,27.51,3444.995,897.843,12103.857,898.264,0.213,10,0.2749999999996362
29574,2024-04-13 22:00:00,11603.486,27.51,3445.059,897.853,12104.103,898.274,0.202,10,0.2380000000011932
29574,2024-04-13 23:00:00,11603.804,27.51,3445.14,897.858,12104.431,898.279,0.309,10,0.3179999999993015
29574,2024-04-14 02:00:00,11604.268,27.51,3445.319,897.883,12104.927,898.304,0.142,10,0.1430000000000291
29574,2024-04-14 03:00:00,11604.429,27.51,3445.391,897.891,12105.101,898.312,0.159,10,0.1610000000000582
29574,2024-04-14 04:00:00,11604.598,27.51,3445.446,897.896,12105.279,898.317,0.14,10,0.168999999999869
29574,2024-04-14 05:00:00,11604.774,27.51,3445.528,897.898,12105.471,898.319,0.155,10,0.1759999999994761
29574,2024-04-14 06:00:00,11604.874,27.552,3445.642,897.971,12105.599,898.393,0.138,10,0.1000000000003638
29574,2024-04-14 07:00:00,11605.043,27.552,3445.712,897.974,12105.781,898.396,0.144,10,0.168999999999869
29574,2024-04-14 08:00:00,11605.209,27.552,3445.772,897.985,12105.958,898.407,0.107,10,0.1660000000010768
29574,2024-04-14 09:00:00,11605.391,27.552,3445.859,897.992,12106.157,898.414,0.122,10,0.1819999999988795
29574,2024-04-14 10:00:00,11606.525,27.552,3445.917,898.004,12107.26,898.426,1.117,10,1.1340000000000146
29574,2024-04-14 11:00:00,11607.074,27.552,3445.999,898.011,12107.81,898.433,0.507,10,0.5490000000008877
29574,2024-04-14 12:00:00,11607.349,27.552,3446.09,898.017,12108.1,898.439,0.244,10,0.2749999999996362
29574,2024-04-14 13:00:00,11607.57,27.552,3446.18,898.021,12108.337,898.443,0.195,10,0.2209999999995489
29574,2024-04-14 14:00:00,11607.923,27.552,3446.266,898.023,12108.7,898.445,0.34,10,0.353000000000975
29574,2024-04-14 15:00:00,11608.082,27.552,3446.343,898.028,12108.874,898.45,0.141,10,0.1589999999996507
29574,2024-04-14 16:00:00,11608.251,27.552,3446.409,898.03,12109.055,898.452,0.143,10,0.168999999999869
29574,2024-04-14 17:00:00,11608.525,27.552,3446.516,898.037,12109.348,898.459,0.211,10,0.2739999999994325
29574,2024-04-14 18:00:00,11608.817,27.552,3446.621,898.039,12109.658,898.461,0.262,10,0.2919999999994616
29574,2024-04-14 19:00:00,11609.49,27.552,3446.833,898.041,12110.363,898.463,0.662,10,0.6730000000006839
29574,2024-04-14 20:00:00,11610.727,27.552,3446.937,898.059,12111.579,898.481,1.221,10,1.2370000000009895
29574,2024-04-14 21:00:00,11610.908,27.552,3447.002,898.061,12111.771,898.483,0.351,10,0.1809999999986757
29574,2024-04-15 03:00:00,11612.08,27.552,3447.509,898.082,12113.039,898.504,0.141,10,0.1730000000006839
29574,2024-04-15 04:00:00,11612.228,27.552,3447.576,898.085,12113.2,898.507,0.12,10,0.1479999999992287
29574,2024-04-15 05:00:00,11612.394,27.552,3447.659,898.085,12113.382,898.507,0.135,10,0.1660000000010768
29574,2024-04-15 06:00:00,11612.699,27.552,3447.719,898.086,12113.692,898.508,0.302,10,0.305000000000291
29574,2024-04-15 07:00:00,11612.861,27.552,3447.795,898.089,12113.869,898.511,0.117,10,0.1620000000002619
29574,2024-04-15 08:00:00,11613.721,27.552,3447.879,898.094,12114.717,898.516,0.846,10,0.8599999999987631
29574,2024-04-15 09:00:00,11614.023,27.552,3447.953,898.1,12115.028,898.522,0.237,10,0.3019999999996798
29574,2024-04-15 10:00:00,11614.216,27.552,3448.037,898.107,12115.237,898.529,0.14,10,0.1930000000011205
29574,2024-04-15 11:00:00,11614.506,27.552,3448.197,898.107,12115.56,898.529,0.246,10,0.2899999999990541
29574,2024-04-15 12:00:00,11614.875,27.552,3448.344,898.11,12115.956,898.532,0.343,10,0.3690000000005966
29574,2024-04-15 13:00:00,11615.313,27.552,3448.568,898.113,12116.439,898.535,0.415,10,0.4380000000001018
29574,2024-04-15 14:00:00,11615.63,27.552,3448.715,898.134,12116.785,898.556,0.297,10,0.3169999999990978
29574,2024-04-15 15:00:00,11615.799,27.552,3448.804,898.138,12116.973,898.56,0.137,10,0.169000000001688
29574,2024-04-15 16:00:00,11616.0,27.552,3448.886,898.144,12117.189,898.566,0.179,10,0.2009999999991123
29574,2024-04-15 17:00:00,11616.221,27.552,3448.973,898.148,12117.425,898.57,0.173,10,0.2209999999995489
29574,2024-04-15 18:00:00,11616.529,27.552,3449.043,898.154,12117.74,898.576,0.255,10,0.3080000000009022
29574,2024-04-15 19:00:00,11616.814,27.552,3449.102,898.167,12118.03,898.589,0.221,10,0.2849999999998545
29574,2024-04-15 20:00:00,11617.125,27.552,3449.174,898.172,12118.349,898.594,0.271,10,0.3109999999996944
29574,2024-04-15 21:00:00,11617.444,27.552,3449.258,898.188,12118.679,898.61,0.287,10,0.3189999999995052
29574,2024-04-15 22:00:00,11617.685,27.552,3449.328,898.201,12118.93,898.623,0.219,10,0.2409999999999854
29574,2024-04-15 23:00:00,11617.851,27.552,3449.414,898.202,12119.113,898.624,0.142,10,0.1660000000010768
29574,2024-04-16 00:00:00,11617.993,27.552,3449.491,898.206,12119.271,898.628,0.118,10,0.1419999999998253
29574,2024-04-16 01:00:00,11618.147,27.552,3449.557,898.21,12119.438,898.632,0.133,10,0.1540000000004511
29574,2024-04-16 02:00:00,11618.294,27.552,3449.65,898.211,12119.605,898.633,0.11,10,0.146999999999025
29574,2024-04-16 03:00:00,11618.426,27.552,3449.731,898.213,12119.755,898.635,0.094,10,0.1319999999996071
29574,2024-04-16 04:00:00,11618.551,27.552,3449.813,898.215,12119.898,898.637,0.092,10,0.125
29574,2024-04-16 05:00:00,11618.68,27.552,3449.907,898.218,12120.048,898.64,0.099,10,0.1290000000008149
29574,2024-04-16 06:00:00,11620.155,27.552,3449.972,898.221,12121.481,898.643,1.491,10,1.4750000000003638
29574,2024-04-16 07:00:00,11621.267,27.552,3450.058,898.23,12122.571,898.652,1.093,10,1.1119999999991703
29574,2024-04-16 08:00:00,11621.408,27.552,3450.13,898.235,12122.727,898.657,0.102,10,0.1409999999996216
29574,2024-04-16 09:00:00,11621.571,27.552,3450.188,898.249,12122.9,898.671,0.105,10,0.1630000000004656
29574,2024-04-16 10:00:00,11622.117,27.552,3450.32,898.252,12123.461,898.674,0.531,10,0.5460000000002765
29574,2024-04-16 11:00:00,11622.256,27.552,3450.419,898.262,12123.622,898.684,0.093,10,0.1389999999992142
29574,2024-04-16 12:00:00,11622.364,27.552,3450.481,898.269,12123.743,898.691,0.08,10,0.1080000000001746
29574,2024-04-16 13:00:00,11622.461,27.552,3450.547,898.28,12123.855,898.702,0.084,10,0.0969999999997526
29574,2024-04-16 14:00:00,11622.569,27.552,3450.626,898.286,12123.981,898.708,0.09,10,0.1080000000001746
29574,2024-04-16 15:00:00,11622.681,27.552,3450.697,898.294,12124.109,898.716,0.08,10,0.1120000000009895
29574,2024-04-16 21:00:00,11623.892,27.552,3451.241,898.333,12125.424,898.755,0.169,10,0.2049999999999272
29574,2024-04-16 22:00:00,11624.239,27.552,3451.32,898.337,12125.78,898.759,0.313,10,0.3469999999997526
29574,2024-04-16 23:00:00,11624.49,27.552,3451.453,898.34,12126.058,898.762,0.219,10,0.2510000000002037
29574,2024-04-17 00:00:00,11624.662,27.552,3451.552,898.341,12126.251,898.763,0.138,10,0.1720000000004802
29574,2024-04-17 01:00:00,11624.823,27.552,3451.643,898.341,12126.431,898.763,0.132,10,0.1610000000000582
29574,2024-04-17 02:00:00,11625.08,27.552,3451.734,898.343,12126.704,898.765,0.236,10,0.2569999999996071
29574,2024-04-17 03:00:00,11625.265,27.552,3451.827,898.344,12126.907,898.766,0.159,10,0.1849999999994906
29574,2024-04-17 04:00:00,11625.423,27.552,3451.9,898.346,12127.08,898.768,0.134,10,0.158000000001266
29574,2024-04-17 05:00:00,11625.598,27.552,3451.978,898.346,12127.27,898.768,0.15,10,0.1749999999992724
29574,2024-04-17 06:00:00,11626.683,27.552,3452.061,898.349,12128.333,898.771,1.108,10,1.085000000000946
29574,2024-04-17 07:00:00,11628.089,27.552,3452.117,898.358,12129.697,898.78,1.403,10,1.4059999999990396
29574,2024-04-17 08:00:00,11628.335,27.552,3452.216,898.361,12129.961,898.783,0.233,10,0.2459999999991851
29574,2024-04-17 09:00:00,11629.316,27.552,3452.376,898.361,12130.947,898.783,0.971,10,0.9810000000015862
29574,2024-04-17 10:00:00,11629.44,27.552,3452.442,898.365,12131.085,898.787,0.123,10,0.1239999999997962
29574,2024-04-17 11:00:00,11629.63,27.552,3452.516,898.365,12131.288,898.787,0.189,10,0.1899999999986903
29574,2024-04-17 12:00:00,11629.915,27.552,3452.608,898.368,12131.587,898.79,0.285,10,0.2850000000016734
29574,2024-04-17 13:00:00,11630.066,27.552,3452.693,898.37,12131.756,898.792,0.151,10,0.1509999999998399
29574,2024-04-17 14:00:00,11630.188,27.552,3452.76,898.373,12131.892,898.795,0.122,10,0.1219999999993888
29574,2024-04-17 15:00:00,11630.307,27.552,3452.837,898.375,12132.028,898.797,0.118,10,0.1190000000005966
29574,2024-04-17 16:00:00,11630.43,27.552,3452.918,898.378,12132.169,898.8,0.122,10,0.1229999999995925
29574,2024-04-17 17:00:00,11630.556,27.552,3452.994,898.381,12132.312,898.803,0.125,10,0.1260000000002037
29574,2024-04-17 18:00:00,11630.669,27.552,3453.056,898.384,12132.438,898.806,0.113,10,0.1129999999993742
29574,2024-04-17 19:00:00,11630.857,27.552,3453.134,898.392,12132.64,898.814,0.187,10,0.1880000000001018
29574,2024-04-17 20:00:00,11631.099,27.552,3453.201,898.406,12132.891,898.828,0.242,10,0.2420000000001891
29574,2024-04-17 21:00:00,11631.342,27.552,3453.252,898.416,12133.139,898.838,0.243,10,0.2430000000003929
29574,2024-04-17 22:00:00,11631.781,27.552,3453.309,898.436,12133.576,898.858,0.438,10,0.4390000000003056
29574,2024-04-17 23:00:00,11632.098,27.552,3453.385,898.443,12133.901,898.865,0.316,10,0.3169999999990978
29574,2024-04-18 00:00:00,11632.358,27.552,3453.479,898.449,12134.177,898.871,0.259,10,0.2600000000002183
29574,2024-04-18 01:00:00,11632.524,27.552,3453.576,898.451,12134.364,898.873,0.166,10,0.1659999999992578
29574,2024-04-18 02:00:00,11632.628,27.552,3453.653,898.455,12134.486,898.877,0.104,10,0.1040000000011787
29574,2024-04-18 03:00:00,11632.738,27.552,3453.725,898.459,12134.612,898.881,0.11,10,0.109999999998763
29574,2024-04-18 04:00:00,11632.858,27.552,3453.817,898.462,12134.753,898.884,0.119,10,0.1200000000008003
29574,2024-04-18 05:00:00,11633.027,27.552,3453.91,898.467,12134.941,898.889,0.169,10,0.168999999999869
29574,2024-04-18 06:00:00,11633.203,27.552,3454.007,898.47,12135.138,898.892,0.176,10,0.1759999999994761
29574,2024-04-18 07:00:00,11633.756,27.552,3454.18,898.47,12135.717,898.892,0.552,10,0.5529999999998836
29574,2024-04-18 08:00:00,11635.114,27.552,3454.252,898.471,12137.039,898.893,1.358,10,1.3580000000001746
29574,2024-04-18 09:00:00,11635.347,27.569,3454.33,898.527,12137.285,898.949,0.24,10,0.2330000000001746
29574,2024-04-18 10:00:00,11636.359,27.569,3454.426,898.549,12138.282,898.971,1.019,10,1.0120000000006255
29574,2024-04-18 11:00:00,11637.555,27.569,3454.53,898.553,12139.458,898.975,1.195,10,1.195999999999913
29574,2024-04-18 12:00:00,11637.696,27.569,3454.642,898.567,12139.626,898.989,0.125,10,0.1409999999996216
29574,2024-04-18 13:00:00,11637.846,27.569,3454.743,898.573,12139.798,898.995,0.126,10,0.1499999999996362
29574,2024-04-18 14:00:00,11637.986,27.569,3454.845,898.58,12139.961,899.002,0.119,10,0.1400000000012369
29574,2024-04-18 15:00:00,11638.098,27.569,3454.992,898.606,12140.11,899.028,0.128,10,0.1119999999991705
29574,2024-04-18 16:00:00,11638.431,27.569,3455.172,898.608,12140.481,899.03,0.312,10,0.3330000000005384
29574,2024-04-18 17:00:00,11638.679,27.569,3455.279,898.617,12140.749,899.039,0.223,10,0.2479999999995925
29574,2024-04-18 18:00:00,11638.864,27.569,3455.35,898.623,12140.947,899.045,0.151,10,0.1849999999994906
29574,2024-04-18 19:00:00,11639.151,27.569,3455.428,898.633,12141.244,899.055,0.249,10,0.2870000000002619
29574,2024-04-18 20:00:00,11639.488,27.569,3455.524,898.644,12141.594,899.066,0.315,10,0.3369999999995343
29574,2024-04-18 21:00:00,11639.765,27.569,3455.614,898.655,12141.886,899.077,0.25,10,0.2770000000000436
29574,2024-04-18 22:00:00,11640.125,27.569,3455.684,898.666,12142.251,899.088,0.341,10,0.3600000000005821
29574,2024-04-18 23:00:00,11640.365,27.569,3455.781,898.667,12142.508,899.089,0.209,10,0.2399999999997817
29574,2024-04-19 02:00:00,11640.922,27.569,3456.119,898.683,12143.138,899.105,0.192,10,0.2180000000007567
29574,2024-04-19 03:00:00,11641.103,27.569,3456.224,898.684,12143.342,899.106,0.155,10,0.1809999999986757
29574,2024-04-19 04:00:00,11641.229,27.569,3456.313,898.688,12143.488,899.11,0.102,10,0.1260000000002037
29574,2024-04-19 05:00:00,11641.36,27.569,3456.411,898.69,12143.641,899.112,0.112,10,0.1310000000012223
29574,2024-04-19 06:00:00,11641.713,27.617,3456.554,898.73,12144.021,899.154,0.392,10,0.352999999999156
29574,2024-04-19 07:00:00,11642.699,27.617,3456.625,898.736,12144.986,899.16,0.981,10,0.9860000000007858
29574,2024-04-19 08:00:00,11643.691,27.617,3456.706,898.742,12145.96,899.166,0.993,10,0.9920000000001892
29574,2024-04-19 09:00:00,11644.26,27.617,3456.796,898.752,12146.531,899.176,0.507,10,0.5689999999995052
29574,2024-04-19 10:00:00,11644.556,27.617,3456.928,898.757,12146.852,899.181,0.229,10,0.2960000000002765
29574,2024-04-19 11:00:00,11644.843,27.617,3457.088,898.759,12147.173,899.183,0.268,10,0.2870000000002619
29574,2024-04-19 12:00:00,11644.977,27.617,3457.173,898.763,12147.326,899.187,0.121,10,0.1340000000000145
29574,2024-04-19 13:00:00,11645.103,27.617,3457.235,898.766,12147.464,899.19,0.104,10,0.1259999999983847
29574,2024-04-19 14:00:00,11645.316,27.617,3457.337,898.771,12147.697,899.195,0.194,10,0.213000000001557
29574,2024-04-19 15:00:00,11645.621,27.617,3457.434,898.777,12148.017,899.201,0.279,10,0.304999999998472
29574,2024-04-19 16:00:00,11645.813,27.617,3457.515,898.781,12148.224,899.205,0.162,10,0.1920000000009167
29574,2024-04-19 17:00:00,11645.962,27.617,3457.605,898.782,12148.393,899.206,0.111,10,0.1489999999994324
29574,2024-04-19 18:00:00,11646.235,27.617,3457.726,898.791,12148.689,899.215,0.245,10,0.2730000000010477
29574,2024-04-19 19:00:00,11646.427,27.617,3457.815,898.799,12148.898,899.223,0.151,10,0.1919999999990977
29574,2024-04-19 20:00:00,11646.771,27.617,3457.882,898.803,12149.247,899.227,0.294,10,0.3440000000009604
29574,2024-04-19 21:00:00,11647.143,27.628,3457.994,898.85,12149.636,899.274,0.358,10,0.3719999999993888
29574,2024-04-19 22:00:00,11647.541,27.628,3458.087,898.861,12150.044,899.285,0.397,10,0.3979999999992287
29574,2024-04-19 23:00:00,11647.727,27.628,3458.24,898.863,12150.266,899.287,0.186,10,0.1860000000015134
29574,2024-04-20 00:00:00,11647.837,27.628,3458.342,898.866,12150.4,899.29,0.109,10,0.109999999998763
29574,2024-04-20 01:00:00,11647.934,27.628,3458.436,898.872,12150.52,899.296,0.097,10,0.0969999999997526
29574,2024-04-20 02:00:00,11648.026,27.628,3458.528,898.877,12150.634,899.301,0.092,10,0.0920000000005529
29574,2024-04-20 03:00:00,11648.115,27.628,3458.615,898.882,12150.744,899.306,0.088,10,0.0889999999999417
29574,2024-04-20 04:00:00,11648.196,27.628,3458.691,898.888,12150.844,899.312,0.08,10,0.0810000000001309
29574,2024-04-20 05:00:00,11648.277,27.628,3458.764,898.894,12150.942,899.318,0.081,10,0.0810000000001309
29574,2024-04-20 06:00:00,11648.363,27.628,3458.846,898.9,12151.048,899.324,0.085,10,0.0859999999993306
29574,2024-04-20 07:00:00,11649.07,27.628,3458.926,898.906,12151.748,899.33,0.707,10,0.7070000000003347
29574,2024-04-20 08:00:00,11650.27,27.628,3459.166,898.908,12152.967,899.332,1.199,10,1.2000000000007276
29574,2024-04-20 09:00:00,11650.691,27.628,3459.366,898.908,12153.428,899.332,0.421,10,0.4210000000002765
29574,2024-04-20 10:00:00,11651.039,27.628,3459.62,898.908,12153.833,899.332,0.347,10,0.3479999999999563
29574,2024-04-20 11:00:00,11651.278,27.628,3459.793,898.908,12154.112,899.332,0.239,10,0.238999999999578
29574,2024-04-20 12:00:00,11651.518,27.628,3459.928,898.909,12154.38,899.333,0.24,10,0.2399999999997817
29574,2024-04-20 13:00:00,11651.761,27.628,3460.15,898.909,12154.676,899.333,0.243,10,0.2430000000003929
29574,2024-04-20 14:00:00,11651.993,27.628,3460.369,898.909,12154.961,899.333,0.232,10,0.2319999999999709
29574,2024-04-20 15:00:00,11652.214,27.628,3460.585,898.909,12155.235,899.333,0.221,10,0.2209999999995489
29574,2024-04-20 16:00:00,11652.518,27.628,3460.799,898.909,12155.587,899.333,0.304,10,0.3040000000000873
29574,2024-04-20 17:00:00,11652.812,27.628,3461.017,898.909,12155.931,899.333,0.294,10,0.293999999999869
29574,2024-04-20 18:00:00,11653.046,27.628,3461.236,898.909,12156.217,899.333,0.233,10,0.2340000000003783
29574,2024-04-20 19:00:00,11653.403,27.628,3461.422,898.909,12156.613,899.333,0.356,10,0.3569999999999709
29574,2024-04-20 20:00:00,11653.802,27.628,3461.48,898.933,12157.012,899.357,0.398,10,0.3989999999994325
29574,2024-04-20 21:00:00,11654.19,27.628,3461.662,898.933,12157.435,899.357,0.388,10,0.3880000000008294
29574,2024-04-20 22:00:00,11654.571,27.628,3461.88,898.933,12157.863,899.357,0.38,10,0.3809999999994033
29574,2024-04-20 23:00:00,11654.889,27.628,3462.096,898.933,12158.229,899.357,0.318,10,0.3179999999993015
29574,2024-04-21 00:00:00,11655.175,27.628,3462.312,898.933,12158.565,899.357,0.286,10,0.2860000000000582
29574,2024-04-21 01:00:00,11655.451,27.628,3462.531,898.933,12158.892,899.357,0.275,10,0.2759999999998399
29574,2024-04-21 02:00:00,11655.785,27.628,3462.746,898.933,12159.273,899.357,0.333,10,0.3340000000007421
29574,2024-04-21 03:00:00,11656.052,27.628,3462.972,898.933,12159.593,899.357,0.266,10,0.2669999999998254
29574,2024-04-21 04:00:00,11657.547,27.628,3463.18,898.933,12161.086,899.357,1.494,10,1.4950000000008004
29574,2024-04-21 05:00:00,11657.886,27.628,3463.368,898.933,12161.464,899.357,0.338,10,0.3389999999999418
29574,2024-04-21 06:00:00,11658.212,27.628,3463.581,898.933,12161.837,899.357,0.325,10,0.3259999999991123
29574,2024-04-21 07:00:00,11658.474,27.628,3463.796,898.933,12162.15,899.357,0.262,10,0.2620000000006257
29574,2024-04-21 08:00:00,11658.694,27.628,3464.001,898.933,12162.419,899.357,0.219,10,0.2199999999993451
29574,2024-04-21 09:00:00,11658.896,27.628,3464.21,898.933,12162.672,899.357,0.202,10,0.202000000001135
29574,2024-04-21 10:00:00,11659.299,27.628,3464.409,898.933,12163.115,899.357,0.403,10,0.4030000000002474
29574,2024-04-21 11:00:00,11659.621,27.628,3464.62,898.933,12163.484,899.357,0.321,10,0.3219999999982974
29574,2024-04-21 12:00:00,11659.83,27.628,3464.791,898.934,12163.733,899.358,0.209,10,0.2090000000007421
29574,2024-04-21 13:00:00,11660.046,27.628,3464.865,898.941,12163.961,899.365,0.215,10,0.2160000000003492
29574,2024-04-21 14:00:00,11660.216,27.628,3465.001,898.943,12164.163,899.367,0.17,10,0.1700000000000727
29574,2024-04-21 15:00:00,11660.339,27.628,3465.086,898.945,12164.305,899.369,0.121,10,0.1229999999995925
29574,2024-04-21 16:00:00,11660.457,27.628,3465.171,898.948,12164.442,899.372,0.118,10,0.1180000000003929
29574,2024-04-21 17:00:00,11660.571,27.628,3465.252,898.951,12164.575,899.375,0.113,10,0.113999999999578
29574,2024-04-21 18:00:00,11660.699,27.628,3465.338,898.953,12164.722,899.377,0.127,10,0.1280000000006111
29574,2024-04-21 19:00:00,11660.851,27.628,3465.409,898.96,12164.888,899.384,0.152,10,0.1520000000000436
29574,2024-04-21 20:00:00,11661.064,27.628,3465.468,898.978,12165.109,899.402,0.213,10,0.212999999999738
29574,2024-04-21 21:00:00,11661.415,27.628,3465.54,898.988,12165.466,899.412,0.351,10,0.3510000000005675
29574,2024-04-21 22:00:00,11661.618,27.628,3465.617,898.994,12165.682,899.418,0.203,10,0.2029999999995198
29574,2024-04-21 23:00:00,11661.81,27.628,3465.702,898.996,12165.89,899.42,0.191,10,0.1919999999990977
29574,2024-04-22 00:00:00,11661.945,27.628,3465.795,898.998,12166.046,899.422,0.135,10,0.1350000000002182
29574,2024-04-23 01:00:00,11666.288,27.628,3467.84,899.143,12170.792,899.567,0.185,10,0.1859999999996944
29574,2024-04-23 02:00:00,11666.459,27.628,3467.921,899.15,12170.979,899.574,0.17,10,0.1710000000002765
29574,2024-04-23 03:00:00,11666.644,27.628,3468.007,899.154,12171.181,899.578,0.185,10,0.1849999999994906
29574,2024-04-23 04:00:00,11666.813,27.628,3468.086,899.16,12171.365,899.584,0.168,10,0.168999999999869
29574,2024-04-23 05:00:00,11666.978,27.628,3468.155,899.166,12171.543,899.59,0.165,10,0.1649999999990541
29574,2024-04-23 06:00:00,11667.12,27.628,3468.23,899.169,12171.701,899.593,0.141,10,0.1420000000016443
29574,2024-04-23 07:00:00,11667.301,27.628,3468.328,899.171,12171.902,899.595,0.18,10,0.1809999999986757
29574,2024-04-23 08:00:00,11667.435,27.628,3468.42,899.175,12172.057,899.599,0.134,10,0.1340000000000145
29574,2024-04-23 09:00:00,11667.56,27.628,3468.5,899.177,12172.199,899.601,0.124,10,0.125
29574,2024-04-23 10:00:00,11667.689,27.628,3468.571,899.183,12172.343,899.607,0.129,10,0.1290000000008149
29574,2024-04-23 11:00:00,11667.937,27.628,3468.665,899.184,12172.608,899.608,0.247,10,0.2479999999995925
29574,2024-04-23 12:00:00,11668.05,27.666,3468.734,899.282,12172.736,899.707,0.123,10,0.1129999999993742
29574,2024-04-23 13:00:00,11668.237,27.666,3468.812,899.287,12172.937,899.712,0.159,10,0.1869999999998981
29574,2024-04-23 14:00:00,11668.407,27.666,3468.901,899.3,12173.125,899.725,0.164,10,0.1700000000000727
29574,2024-04-23 15:00:00,11668.572,27.666,3468.98,899.304,12173.306,899.729,0.142,10,0.1650000000008731
29574,2024-04-23 16:00:00,11668.738,27.666,3469.068,899.306,12173.49,899.731,0.161,10,0.1659999999992578
29574,2024-04-23 17:00:00,11668.884,27.666,3469.144,899.307,12173.652,899.732,0.144,10,0.1460000000006402
29574,2024-04-23 18:00:00,11669.123,27.666,3469.24,899.309,12173.908,899.734,0.205,10,0.238999999999578
29574,2024-04-23 19:00:00,11669.361,27.666,3469.34,899.314,12174.165,899.739,0.194,10,0.2380000000011932
29574,2024-04-23 20:00:00,11669.599,27.682,3469.399,899.423,12174.41,899.848,0.263,10,0.2379999999993742
29574,2024-04-23 21:00:00,11669.892,27.682,3469.475,899.43,12174.712,899.855,0.268,10,0.2929999999996653
29574,2024-04-23 22:00:00,11670.147,27.682,3469.571,899.432,12174.984,899.857,0.225,10,0.2550000000010186
29574,2024-04-23 23:00:00,11670.416,27.682,3469.662,899.433,12175.268,899.858,0.263,10,0.2689999999984138
29574,2024-04-24 00:00:00,11670.613,27.682,3469.751,899.436,12175.482,899.861,0.191,10,0.1970000000001164
29574,2024-04-24 01:00:00,11670.793,27.682,3469.825,899.44,12175.676,899.865,0.177,10,0.180000000000291
29574,2024-04-24 02:00:00,11670.981,27.682,3469.896,899.442,12175.876,899.867,0.185,10,0.1880000000001018
29574,2024-04-24 03:00:00,11671.218,27.682,3469.982,899.45,12176.128,899.875,0.241,10,0.2370000000009895
29574,2024-04-24 04:00:00,11671.438,27.682,3470.088,899.45,12176.369,899.875,0.198,10,0.2199999999993451
29574,2024-04-24 05:00:00,11671.635,27.682,3470.174,899.452,12176.582,899.877,0.178,10,0.1970000000001164
29574,2024-04-24 06:00:00,11671.763,27.709,3470.286,899.517,12176.737,899.943,0.184,10,0.1280000000006111
29574,2024-04-24 07:00:00,11671.963,27.709,3470.372,899.523,12176.953,899.949,0.164,10,0.1999999999989086
29574,2024-04-24 08:00:00,11672.17,27.709,3470.464,899.53,12177.178,899.956,0.144,10,0.2070000000003347
29574,2024-04-24 09:00:00,11672.503,27.709,3470.622,899.541,12177.542,899.967,0.285,10,0.3330000000005384
29574,2024-04-24 10:00:00,11672.641,27.72,3470.723,899.59,12177.703,900.016,0.157,10,0.1379999999990104
29574,2024-04-24 11:00:00,11673.148,27.721,3470.814,899.607,12178.215,900.034,0.505,10,0.5069999999996071
29574,2024-04-24 12:00:00,11673.266,27.721,3470.906,899.611,12178.354,900.038,0.095,10,0.1180000000003929
29574,2024-04-24 13:00:00,11673.618,27.721,3471.1,899.611,12178.747,900.038,0.329,10,0.3520000000007712
29574,2024-04-24 14:00:00,11674.075,27.721,3471.239,899.612,12179.225,900.039,0.468,10,0.4570000000003347
29574,2024-04-24 15:00:00,11675.076,27.721,3471.329,899.616,12180.21,900.042,1.021,10,1.0009999999983847
29574,2024-04-24 16:00:00,11675.221,27.721,3471.413,899.621,12180.373,900.047,0.114,10,0.1450000000004365
29574,2024-04-24 17:00:00,11675.374,27.721,3471.518,899.626,12180.549,900.052,0.126,10,0.1530000000002473
29574,2024-04-24 18:00:00,11675.538,27.721,3471.612,899.628,12180.733,900.054,0.133,10,0.1640000000006694
29574,2024-04-24 19:00:00,11675.765,27.721,3471.691,899.636,12180.973,900.062,0.172,10,0.2269999999989522
29574,2024-04-24 20:00:00,11676.023,27.721,3471.769,899.65,12181.243,900.076,0.236,10,0.2579999999998108
29574,2024-04-24 21:00:00,11676.272,27.721,3471.837,899.66,12181.501,900.086,0.225,10,0.2490000000016152
29574,2024-04-24 22:00:00,11676.565,27.721,3471.913,899.665,12181.804,900.091,0.263,10,0.2929999999996653
29574,2024-04-24 23:00:00,11676.943,27.721,3472.016,899.665,12182.195,900.091,0.349,10,0.3779999999987922
29574,2024-04-25 00:00:00,11677.215,27.721,3472.134,899.668,12182.49,900.094,0.239,10,0.272000000000844
29574,2024-04-25 01:00:00,11677.414,27.721,3472.245,899.669,12182.712,900.095,0.173,10,0.1990000000005238
29574,2024-04-25 02:00:00,11677.597,27.721,3472.334,899.669,12182.913,900.095,0.157,10,0.1829999999990832
29574,2024-04-25 03:00:00,11677.778,27.721,3472.424,899.67,12183.112,900.096,0.159,10,0.1810000000004947
29574,2024-04-25 04:00:00,11677.956,27.721,3472.508,899.672,12183.306,900.098,0.157,10,0.1779999999998835
29574,2024-04-25 05:00:00,11678.124,27.721,3472.584,899.672,12183.489,900.098,0.148,10,0.1679999999996653
29574,2024-04-25 06:00:00,11678.26,27.761,3472.661,899.774,12183.641,900.202,0.15,10,0.136000000000422
29574,2024-04-25 07:00:00,11679.253,27.761,3472.735,899.778,12184.614,900.206,0.989,10,0.9930000000003928
29574,2024-04-25 08:00:00,11679.35,27.762,3472.842,899.811,12184.738,900.239,0.113,10,0.0969999999997526
29574,2024-04-25 09:00:00,11679.489,27.762,3472.925,899.813,12184.895,900.241,0.1,10,0.1389999999992142
29574,2024-04-25 10:00:00,11680.032,27.762,3472.989,899.817,12185.433,900.245,0.515,10,0.5429999999996653
29574,2024-04-25 11:00:00,11680.177,27.762,3473.066,899.825,12185.594,900.253,0.102,10,0.1450000000004365
29574,2024-04-25 12:00:00,11680.348,27.762,3473.19,899.832,12185.794,900.26,0.155,10,0.1710000000002765
29574,2024-04-25 13:00:00,11680.695,27.778,3473.328,899.865,12186.166,900.293,0.363,10,0.3469999999997526
29574,2024-04-25 14:00:00,11680.872,27.778,3473.441,899.875,12186.367,900.303,0.16,10,0.1769999999996798
29574,2024-04-25 15:00:00,11680.993,27.783,3473.574,899.901,12186.521,900.329,0.126,10,0.121000000001004
29574,2024-04-25 16:00:00,11681.133,27.783,3473.678,899.902,12186.685,900.33,0.12,10,0.1399999999994179
29574,2024-04-25 17:00:00,11681.27,27.783,3473.775,899.907,12186.844,900.335,0.129,10,0.1370000000006257
29574,2024-04-25 18:00:00,11681.417,27.783,3473.862,899.915,12187.01,900.343,0.13,10,0.146999999999025
29574,2024-04-25 19:00:00,11681.646,27.783,3473.941,899.924,12187.252,900.352,0.176,10,0.2290000000011787
29574,2024-04-25 20:00:00,11681.973,27.783,3474.033,899.935,12187.591,900.363,0.275,10,0.326999999999316
29574,2024-04-25 21:00:00,11682.25,27.783,3474.191,899.953,12187.902,900.381,0.255,10,0.2770000000000436
29574,2024-04-25 22:00:00,11682.78,27.783,3474.328,899.966,12188.449,900.394,0.52,10,0.5300000000006548
29574,2024-04-25 23:00:00,11683.071,27.783,3474.487,899.969,12188.773,900.397,0.266,10,0.2909999999992578
29574,2024-04-26 00:00:00,11683.278,27.783,3474.616,899.975,12189.009,900.403,0.178,10,0.2070000000003347
29574,2024-04-26 01:00:00,11683.465,27.783,3474.726,899.987,12189.219,900.415,0.161,10,0.1869999999998981
29574,2024-04-26 02:00:00,11683.658,27.783,3474.834,899.994,12189.435,900.422,0.172,10,0.1929999999993015
29574,2024-04-26 03:00:00,11683.831,27.783,3474.928,899.999,12189.628,900.427,0.152,10,0.1730000000006839
29574,2024-04-26 04:00:00,11684.009,27.783,3475.012,900.003,12189.822,900.431,0.158,10,0.1779999999998835
29574,2024-04-26 05:00:00,11684.183,27.783,3475.106,900.006,12190.016,900.434,0.152,10,0.1740000000008876
29574,2024-04-26 06:00:00,11684.323,27.796,3475.229,900.014,12190.185,900.443,0.159,10,0.1399999999994179
29574,2024-04-26 07:00:00,11685.288,27.796,3475.324,900.025,12191.137,900.454,0.946,10,0.9650000000001456
29574,2024-04-26 08:00:00,11685.513,27.796,3475.39,900.033,12191.371,900.462,0.193,10,0.2250000000003638
29574,2024-04-26 09:00:00,11685.732,27.796,3475.503,900.04,12191.614,900.469,0.169,10,0.2189999999991414
29574,2024-04-26 10:00:00,11685.959,27.796,3475.597,900.042,12191.858,900.471,0.197,10,0.2270000000007712
29574,2024-04-26 11:00:00,11686.102,27.796,3475.679,900.045,12192.018,900.474,0.122,10,0.1430000000000291
29574,2024-04-26 12:00:00,11686.232,27.796,3475.753,900.047,12192.164,900.476,0.122,10,0.1299999999991996
29574,2024-04-26 13:00:00,11686.359,27.796,3475.837,900.049,12192.31,900.478,0.114,10,0.1270000000004074
29574,2024-04-26 14:00:00,11686.591,27.796,3475.954,900.05,12192.565,900.479,0.212,10,0.2319999999999709
29574,2024-04-26 15:00:00,11686.796,27.796,3476.047,900.054,12192.788,900.483,0.184,10,0.2049999999999272
29574,2024-04-26 16:00:00,11687.029,27.796,3476.186,900.054,12193.051,900.483,0.215,10,0.2330000000001746
29574,2024-04-26 17:00:00,11687.23,27.796,3476.283,900.058,12193.272,900.487,0.18,10,0.2009999999991123
29574,2024-04-26 18:00:00,11687.509,27.796,3476.366,900.062,12193.563,900.491,0.236,10,0.2790000000004511
29574,2024-04-26 19:00:00,11687.805,27.796,3476.488,900.065,12193.881,900.494,0.263,10,0.2960000000002765
29574,2024-04-26 20:00:00,11688.06,27.796,3476.624,900.073,12194.165,900.502,0.268,10,0.2549999999991996
29574,2024-04-26 21:00:00,11688.495,27.796,3476.74,900.076,12194.615,900.505,0.406,10,0.4350000000013097
29574,2024-04-26 22:00:00,11688.806,27.796,3476.851,900.081,12194.944,900.51,0.283,10,0.3109999999996944
29574,2024-04-26 23:00:00,11689.075,27.796,3476.971,900.083,12195.236,900.512,0.234,10,0.2690000000002328
29574,2024-04-27 02:00:00,11689.686,27.796,3477.28,900.091,12195.91,900.52,0.177,10,0.2029999999995198
29574,2024-04-27 03:00:00,11689.859,27.796,3477.352,900.092,12196.096,900.521,0.148,10,0.1730000000006839
29574,2024-04-27 04:00:00,11690.047,27.796,3477.444,900.094,12196.303,900.523,0.166,10,0.1880000000001018
29574,2024-04-27 05:00:00,11690.253,27.796,3477.548,900.099,12196.53,900.528,0.164,10,0.2060000000001309
29574,2024-04-27 06:00:00,11690.429,27.796,3477.621,900.1,12196.719,900.529,0.155,10,0.1759999999994761
29574,2024-04-27 07:00:00,11690.606,27.796,3477.714,900.103,12196.916,900.532,0.158,10,0.1769999999996798
29574,2024-04-27 08:00:00,11691.036,27.796,3477.819,900.107,12197.358,900.536,0.391,10,0.430000000000291
29574,2024-04-27 09:00:00,11691.137,27.82,3477.962,900.12,12197.495,900.549,0.108,10,0.1010000000005675
29574,2024-04-27 14:00:00,11692.174,27.82,3478.57,900.161,12198.663,900.59,0.13,10,0.1490000000012514
29574,2024-04-27 15:00:00,11692.303,27.825,3478.651,900.2,12198.809,900.629,0.113,10,0.1289999999989959
29574,2024-04-27 16:00:00,11692.418,27.825,3478.742,900.217,12198.946,900.646,0.114,10,0.1149999999997817
29574,2024-04-27 17:00:00,11692.562,27.825,3478.837,900.222,12199.111,900.651,0.126,10,0.1440000000002328
29574,2024-04-27 18:00:00,11692.734,27.827,3478.936,900.232,12199.304,900.661,0.154,10,0.1720000000004802
29574,2024-04-27 19:00:00,11692.914,27.838,3479.053,900.263,12199.51,900.693,0.195,10,0.180000000000291
29574,2024-04-27 20:00:00,11693.279,27.838,3479.126,900.271,12199.88,900.701,0.304,10,0.3649999999997817
29574,2024-04-27 21:00:00,11693.645,27.838,3479.205,900.278,12200.254,900.708,0.304,10,0.3659999999999854
29574,2024-04-27 22:00:00,11693.99,27.838,3479.291,900.284,12200.609,900.714,0.315,10,0.3449999999993451
29574,2024-04-27 23:00:00,11694.238,27.838,3479.384,900.292,12200.873,900.722,0.217,10,0.2479999999995925
29574,2024-04-28 00:00:00,11694.473,27.838,3479.46,900.294,12201.12,900.724,0.187,10,0.235000000000582
29574,2024-04-28 01:00:00,11694.673,27.838,3479.544,900.295,12201.336,900.725,0.157,10,0.2000000000007276
29574,2024-04-28 02:00:00,11694.865,27.838,3479.633,900.296,12201.545,900.726,0.153,10,0.1919999999990977
29574,2024-04-28 03:00:00,11695.049,27.838,3479.714,900.297,12201.744,900.727,0.149,10,0.1840000000011059
29574,2024-04-28 04:00:00,11695.222,27.838,3479.779,900.299,12201.929,900.729,0.137,10,0.1729999999988649
29574,2024-04-28 05:00:00,11695.395,27.838,3479.86,900.302,12202.118,900.732,0.145,10,0.1730000000006839
29574,2024-04-28 06:00:00,11695.537,27.867,3479.944,900.384,12202.278,900.815,0.138,10,0.1419999999998253
29574,2024-04-28 07:00:00,11695.712,27.867,3479.98,900.398,12202.456,900.829,0.119,10,0.1749999999992724
29574,2024-04-28 08:00:00,11695.888,27.867,3480.11,900.407,12202.662,900.838,0.127,10,0.1760000000012951
29574,2024-04-28 09:00:00,11696.395,27.867,3480.205,900.41,12203.175,900.841,0.485,10,0.5069999999996071
29574,2024-04-28 10:00:00,11696.609,27.867,3480.288,900.412,12203.403,900.843,0.175,10,0.2139999999999418
29574,2024-04-28 11:00:00,11696.779,27.867,3480.375,900.415,12203.591,900.846,0.133,10,0.1700000000000727
29574,2024-04-28 12:00:00,11697.696,27.867,3480.451,900.419,12204.492,900.85,0.918,10,0.9169999999994616
29574,2024-04-28 13:00:00,11698.04,27.867,3480.619,900.419,12204.869,900.85,0.321,10,0.3440000000009604
29574,2024-04-28 14:00:00,11698.198,27.867,3480.71,900.422,12205.047,900.853,0.12,10,0.157999999999447
29574,2024-04-28 15:00:00,11698.313,27.867,3480.781,900.431,12205.177,900.862,0.111,10,0.1149999999997817
29574,2024-04-28 16:00:00,11698.423,27.868,3480.837,900.458,12205.299,900.889,0.105,10,0.110000000000582
29574,2024-04-28 17:00:00,11698.544,27.868,3480.91,900.464,12205.435,900.895,0.113,10,0.120999999999185
29574,2024-04-28 18:00:00,11699.279,27.868,3481.004,900.469,12206.167,900.9,0.726,10,0.7350000000005821
29574,2024-04-28 19:00:00,11700.263,27.868,3481.072,900.476,12207.129,900.907,0.987,10,0.9840000000003783
29574,2024-04-28 20:00:00,11700.537,27.868,3481.122,900.487,12207.406,900.918,0.237,10,0.2739999999994325
29574,2024-04-28 21:00:00,11700.803,27.868,3481.203,900.49,12207.684,900.921,0.21,10,0.2659999999996216
29574,2024-04-28 22:00:00,11701.174,27.868,3481.289,900.493,12208.064,900.924,0.347,10,0.3710000000010041
29574,2024-04-28 23:00:00,11701.385,27.868,3481.367,900.505,12208.289,900.936,0.195,10,0.2109999999993306
29574,2024-04-29 00:00:00,11701.561,27.868,3481.423,900.514,12208.473,900.945,0.167,10,0.1759999999994761
29574,2024-04-29 01:00:00,11701.724,27.868,3481.499,900.527,12208.651,900.958,0.158,10,0.1630000000004656
29574,2024-04-29 02:00:00,11701.868,27.868,3481.55,900.537,12208.804,900.968,0.141,10,0.1440000000002328
29574,2024-04-29 03:00:00,11702.022,27.868,3481.623,900.551,12208.972,900.982,0.151,10,0.1540000000004511
29574,2024-04-29 04:00:00,11702.278,27.868,3481.701,900.551,12209.24,900.982,0.235,10,0.2559999999994033
29574,2024-04-29 05:00:00,11702.464,27.868,3481.755,900.553,12209.434,900.984,0.168,10,0.1859999999996944
29574,2024-04-29 06:00:00,11702.619,27.894,3481.895,900.595,12209.622,901.026,0.198,10,0.1550000000006548
29574,2024-04-29 07:00:00,11702.808,27.894,3481.97,900.602,12209.825,901.033,0.13,10,0.1890000000003056
29574,2024-04-29 08:00:00,11702.947,27.894,3482.037,900.607,12209.977,901.038,0.098,10,0.1389999999992142
29574,2024-04-29 09:00:00,11703.097,27.894,3482.126,900.608,12210.146,901.039,0.113,10,0.1499999999996362
29574,2024-04-29 10:00:00,11703.279,27.916,3482.176,900.677,12210.335,901.109,0.165,10,0.1820000000006985
29574,2024-04-29 11:00:00,11703.449,27.916,3482.275,900.678,12210.526,901.11,0.15,10,0.1700000000000727
29574,2024-04-29 12:00:00,11703.7,27.916,3482.355,900.687,12210.789,901.119,0.19,10,0.2510000000002037
29574,2024-04-29 13:00:00,11704.025,27.916,3482.481,900.693,12211.137,901.125,0.335,10,0.3249999999989086
29574,2024-04-29 14:00:00,11704.141,27.916,3482.548,900.703,12211.267,901.135,0.148,10,0.1159999999999854
29574,2024-04-29 19:00:00,11705.022,27.916,3483.002,900.74,12212.241,901.172,0.128,10,0.1630000000004656
29574,2024-04-29 20:00:00,11705.257,27.918,3483.087,900.746,12212.491,901.178,0.207,10,0.2349999999987631
29574,2024-04-29 21:00:00,11705.478,27.92,3483.161,900.765,12212.723,901.197,0.211,10,0.2209999999995489
29574,2024-04-29 22:00:00,11705.738,27.92,3483.252,900.767,12212.999,901.199,0.193,10,0.2600000000002183
29574,2024-04-29 23:00:00,11705.978,27.92,3483.351,900.768,12213.257,901.2,0.178,10,0.2399999999997817
29574,2024-04-30 00:00:00,11706.2,27.92,3483.455,900.772,12213.499,901.204,0.176,10,0.2220000000015716
29574,2024-04-30 01:00:00,11706.453,27.92,3483.523,900.776,12213.761,901.208,0.198,10,0.2529999999987922
29574,2024-04-30 02:00:00,11706.719,27.92,3483.678,900.779,12214.06,901.211,0.219,10,0.2659999999996216
29574,2024-04-30 03:00:00,11706.938,27.92,3483.786,900.784,12214.301,901.216,0.172,10,0.2190000000009604
29574,2024-04-30 04:00:00,11707.145,27.92,3483.882,900.787,12214.527,901.219,0.164,10,0.2070000000003347
29574,2024-04-30 05:00:00,11707.34,27.92,3483.961,900.791,12214.736,901.223,0.154,10,0.1949999999997089
29574,2024-04-30 06:00:00,11707.478,27.945,3484.103,900.83,12214.909,901.263,0.148,10,0.1379999999990104
29574,2024-04-30 07:00:00,11707.669,27.945,3484.205,900.844,12215.121,901.277,0.121,10,0.191000000000713
29574,2024-04-30 08:00:00,11707.855,27.945,3484.303,900.859,12215.327,901.292,0.128,10,0.1859999999996944
29574,2024-04-30 09:00:00,11708.027,27.945,3484.401,900.879,12215.52,901.312,0.117,10,0.1720000000004802
29574,2024-04-30 10:00:00,11708.245,27.945,3484.48,900.89,12215.752,901.323,0.177,10,0.2180000000007567
29574,2024-04-30 11:00:00,11708.396,27.945,3484.591,900.894,12215.928,901.327,0.123,10,0.1509999999998399
29574,2024-04-30 12:00:00,11708.729,27.945,3484.715,900.897,12216.283,901.33,0.311,10,0.3329999999987194
29574,2024-04-30 13:00:00,11708.894,27.945,3484.811,900.902,12216.468,901.335,0.145,10,0.1650000000008731
29574,2024-04-30 14:00:00,11709.048,27.951,3484.913,900.922,12216.645,901.355,0.149,10,0.1540000000004511
29574,2024-04-30 15:00:00,11709.199,27.982,3485.002,901.013,12216.815,901.447,0.152,10,0.1509999999998399
29574,2024-04-30 16:00:00,11709.354,27.991,3485.079,901.059,12216.985,901.493,0.142,10,0.1549999999988358
29574,2024-04-30 17:00:00,11709.605,27.991,3485.2,901.064,12217.261,901.498,0.247,10,0.2510000000002037
29574,2024-04-30 18:00:00,11710.148,27.991,3485.447,901.064,12217.851,901.498,0.535,10,0.5429999999996653
29574,2024-04-30 19:00:00,11710.38,27.991,3485.567,901.074,12218.108,901.508,0.2,10,0.2319999999999709
29574,2024-04-30 20:00:00,11710.635,27.991,3485.703,901.092,12218.391,901.526,0.223,10,0.2550000000010186
29574,2024-04-30 21:00:00,11711.022,27.991,3485.795,901.103,12218.788,901.537,0.358,10,0.3870000000006257
29574,2024-04-30 22:00:00,11711.293,27.991,3485.926,901.107,12219.086,901.541,0.245,10,0.2709999999988213
29574,2024-04-30 23:00:00,11711.518,27.991,3486.033,901.111,12219.332,901.545,0.19,10,0.2250000000003638
29574,2024-05-01 00:00:00,11711.709,27.991,3486.142,901.121,12219.546,901.555,0.156,10,0.191000000000713
29574,2024-05-01 01:00:00,11711.882,27.991,3486.247,901.133,12219.742,901.567,0.145,10,0.1729999999988649
29574,2024-05-01 02:00:00,11712.046,27.991,3486.338,901.145,12219.925,901.579,0.136,10,0.1640000000006694
29574,2024-05-01 03:00:00,11712.207,27.991,3486.43,901.152,12220.105,901.586,0.135,10,0.1610000000000582
29574,2024-05-01 04:00:00,11712.367,27.991,3486.532,901.158,12220.288,901.592,0.138,10,0.1599999999998544
29574,2024-05-01 05:00:00,11712.517,27.991,3486.626,901.166,12220.458,901.6,0.133,10,0.1499999999996362
29574,2024-05-01 06:00:00,11712.655,27.991,3486.71,901.171,12220.615,901.605,0.126,10,0.1380000000008294
29574,2024-05-01 07:00:00,11712.805,27.991,3486.782,901.177,12220.779,901.611,0.127,10,0.1499999999996362
29574,2024-05-01 08:00:00,11713.231,27.991,3486.873,901.181,12221.213,901.615,0.425,10,0.4259999999994761
29574,2024-05-01 09:00:00,11713.422,27.991,3486.991,901.192,12221.43,901.626,0.158,10,0.191000000000713
29574,2024-05-01 10:00:00,11713.57,27.991,3487.088,901.199,12221.599,901.633,0.127,10,0.1479999999992287
29574,2024-05-01 11:00:00,11713.704,27.991,3487.157,901.202,12221.748,901.636,0.107,10,0.1340000000000145
29574,2024-05-01 12:00:00,11713.853,27.991,3487.252,901.209,12221.917,901.643,0.122,10,0.1489999999994324
29574,2024-05-01 13:00:00,11714.012,27.991,3487.358,901.217,12222.1,901.651,0.123,10,0.1590000000014697
29574,2024-05-01 14:00:00,11714.156,27.991,3487.452,901.22,12222.265,901.654,0.128,10,0.1440000000002328
29574,2024-05-01 15:00:00,11714.283,27.991,3487.532,901.224,12222.409,901.658,0.105,10,0.1269999999985884
29574,2024-05-01 16:00:00,11714.421,27.992,3487.643,901.24,12222.573,901.674,0.124,10,0.1380000000008294
29574,2024-05-01 17:00:00,11714.576,28.014,3487.736,901.28,12222.749,901.715,0.188,10,0.1549999999988358
29574,2024-05-01 18:00:00,11715.007,28.014,3487.845,901.287,12223.193,901.722,0.447,10,0.4310000000004947
29574,2024-05-01 19:00:00,11715.209,28.014,3487.932,901.294,12223.411,901.729,0.192,10,0.202000000001135
29574,2024-05-01 20:00:00,11715.5,28.014,3488.018,901.311,12223.715,901.746,0.25,10,0.2909999999992578
29574,2024-05-01 21:00:00,11715.889,28.014,3488.107,901.317,12224.113,901.752,0.346,10,0.3889999999992142
29574,2024-05-01 22:00:00,11716.376,28.014,3488.199,901.322,12224.606,901.757,0.466,10,0.4870000000009895
29574,2024-05-01 23:00:00,11716.628,28.014,3488.266,901.342,12224.866,901.777,0.228,10,0.2520000000004074
29574,2024-05-03 00:00:00,11721.405,28.014,3490.201,901.556,12229.997,901.991,0.396,10,-1855.1299999999992
29574,2024-05-03 01:00:00,11721.58,28.014,3490.279,901.561,12230.187,901.996,0.145,10,0.1749999999992724
29574,2024-05-03 02:00:00,11721.779,28.014,3490.356,901.566,12230.4,902.001,0.174,10,0.1990000000005238
29574,2024-05-03 03:00:00,11721.986,28.014,3490.434,901.571,12230.62,902.006,0.184,10,0.2070000000003347
29574,2024-05-03 04:00:00,11722.155,28.014,3490.511,901.583,12230.804,902.018,0.141,10,0.168999999999869
29574,2024-05-03 05:00:00,11722.305,28.014,3490.573,901.598,12230.966,902.033,0.13,10,0.1499999999996362
29574,2024-05-03 06:00:00,11722.445,28.014,3490.648,901.602,12231.121,902.037,0.128,10,0.1399999999994179
29574,2024-05-03 07:00:00,11722.605,28.014,3490.738,901.605,12231.3,902.04,0.134,10,0.1599999999998544
29574,2024-05-03 08:00:00,11722.894,28.014,3490.847,901.62,12231.608,902.055,0.27,10,0.2890000000006694
29574,2024-05-03 09:00:00,11723.013,28.018,3490.95,901.63,12231.752,902.065,0.12,10,0.1190000000005966
29574,2024-05-03 10:00:00,11724.008,28.042,3491.041,901.67,12232.731,902.105,1.008,10,0.9949999999989814
29574,2024-05-03 11:00:00,11724.162,28.042,3491.099,901.677,12232.896,902.112,0.154,10,0.1540000000004511
29574,2024-05-03 12:00:00,11724.33,28.042,3491.249,901.679,12233.099,902.114,0.168,10,0.1679999999996653
29574,2024-05-03 13:00:00,11724.453,28.042,3491.344,901.681,12233.244,902.116,0.122,10,0.1229999999995925
29574,2024-05-03 14:00:00,11724.535,28.042,3491.401,901.682,12233.339,902.117,0.188,10,0.0820000000003347
29574,2024-05-03 15:00:00,11724.74,28.042,3491.536,901.683,12233.574,902.118,0.197,10,0.2049999999999272
29574,2024-05-03 16:00:00,11725.266,28.042,3491.771,901.683,12234.145,902.118,0.513,10,0.5259999999998399
29574,2024-05-03 17:00:00,11725.402,28.042,3491.857,901.688,12234.3,902.123,0.119,10,0.136000000000422
29574,2024-05-03 18:00:00,11725.535,28.042,3491.937,901.689,12234.451,902.124,0.221,10,0.1329999999998108
29574,2024-05-04 01:00:00,11727.777,28.042,3492.523,901.77,12236.767,902.205,0.234,10,0.2530000000006112
29574,2024-05-04 07:00:00,11729.416,28.042,3492.951,901.838,12238.46,902.273,0.34,10,0.3759999999983847
29574,2024-05-04 08:00:00,11729.693,28.042,3493.057,901.847,12238.755,902.282,0.189,10,0.2770000000000436
29574,2024-05-04 09:00:00,11729.83,28.042,3493.135,901.864,12238.909,902.299,0.119,10,0.1370000000006257
29574,2024-05-04 10:00:00,11729.994,28.062,3493.23,901.918,12239.093,902.354,0.131,10,0.1640000000006694
29574,2024-05-04 11:00:00,11730.187,28.062,3493.364,901.926,12239.316,902.362,0.117,10,0.1929999999993015
29574,2024-05-04 12:00:00,11731.164,28.062,3493.48,901.929,12240.286,902.365,0.956,10,0.9770000000007713
29574,2024-05-04 13:00:00,11731.947,28.062,3493.594,901.935,12241.069,902.371,0.756,10,0.782999999999447
29574,2024-05-04 14:00:00,11732.429,28.062,3493.715,901.939,12241.565,902.375,0.439,10,0.4819999999999709
29574,2024-05-04 15:00:00,11732.557,28.062,3493.825,901.951,12241.719,902.387,0.103,10,0.1280000000006111
29574,2024-05-04 19:00:00,11733.902,28.062,3494.198,901.987,12243.115,902.423,0.821,10,0.8690000000005966
29574,2024-05-04 20:00:00,11734.636,28.062,3494.274,901.993,12243.84,902.429,0.65,10,0.7340000000003783
29574,2024-05-04 21:00:00,11734.882,28.062,3494.361,902.002,12244.101,902.438,0.162,10,0.2459999999991851
29574,2024-05-04 22:00:00,11735.122,28.062,3494.451,902.011,12244.356,902.447,0.171,10,0.2399999999997817
29574,2024-05-04 23:00:00,11735.328,28.062,3494.545,902.018,12244.581,902.454,0.138,10,0.2060000000001309
29574,2024-05-05 02:00:00,11735.86,28.062,3494.809,902.047,12245.166,902.483,0.128,10,0.1720000000004802
29574,2024-05-05 03:00:00,11736.069,28.062,3494.944,902.05,12245.405,902.486,0.166,10,0.2089999999989231
29574,2024-05-05 04:00:00,11736.237,28.062,3495.05,902.051,12245.596,902.487,0.122,10,0.1679999999996653
29574,2024-05-05 05:00:00,11736.386,28.062,3495.134,902.053,12245.763,902.489,0.115,10,0.1490000000012514
29574,2024-05-05 06:00:00,11736.508,28.062,3495.211,902.062,12245.902,902.498,0.095,10,0.1219999999993888
29574,2024-05-05 07:00:00,11736.641,28.062,3495.285,902.068,12246.05,902.504,0.096,10,0.1329999999998108
29574,2024-05-05 08:00:00,11736.793,28.069,3495.382,902.109,12246.224,902.545,0.111,10,0.1520000000000436
29574,2024-05-05 09:00:00,11737.688,28.078,3495.45,902.17,12247.101,902.606,0.901,10,0.8950000000004366
29574,2024-05-05 10:00:00,11737.861,28.078,3495.514,902.21,12247.285,902.646,0.1,10,0.1730000000006839
29574,2024-05-05 11:00:00,11738.255,28.078,3495.574,902.229,12247.68,902.665,0.299,10,0.3939999999984138
29574,2024-05-05 12:00:00,11738.454,28.078,3495.634,902.242,12247.887,902.678,0.112,10,0.1990000000005238
29574,2024-05-05 13:00:00,11738.829,28.078,3495.721,902.246,12248.272,902.682,0.292,10,0.375
29574,2024-05-05 14:00:00,11739.064,28.078,3495.808,902.263,12248.522,902.699,0.12,10,0.235000000000582
29574,2024-05-05 15:00:00,11739.277,28.078,3495.921,902.29,12248.758,902.726,0.116,10,0.212999999999738
29574,2024-05-05 16:00:00,11739.524,28.078,3496.031,902.303,12249.026,902.739,0.111,10,0.2469999999993888
29574,2024-05-05 17:00:00,11739.752,28.078,3496.099,902.307,12249.264,902.743,0.117,10,0.2280000000009749
29574,2024-05-05 18:00:00,11739.977,28.078,3496.188,902.313,12249.505,902.749,0.183,10,0.2250000000003638
29574,2024-05-05 19:00:00,11740.406,28.078,3496.268,902.321,12249.939,902.757,0.352,10,0.4290000000000873
29574,2024-05-05 20:00:00,11740.78,28.078,3496.359,902.327,12250.324,902.763,0.295,10,0.3739999999997963
29574,2024-05-05 21:00:00,11741.119,28.078,3496.494,902.328,12250.687,902.764,0.267,10,0.3389999999999418
29574,2024-05-05 22:00:00,11741.391,28.078,3496.61,902.339,12250.981,902.775,0.197,10,0.271999999999025
29574,2024-05-05 23:00:00,11741.672,28.078,3496.66,902.351,12251.264,902.787,0.211,10,0.2810000000008585
29574,2024-05-06 02:00:00,11742.427,28.078,3497.01,902.356,12252.088,902.792,0.182,10,0.2229999999999563
29574,2024-05-06 03:00:00,11742.647,28.078,3497.095,902.357,12252.323,902.793,0.178,10,0.2200000000011641
29574,2024-05-06 04:00:00,11742.869,28.078,3497.182,902.359,12252.561,902.795,0.18,10,0.2219999999997526
29574,2024-05-06 05:00:00,11743.087,28.078,3497.27,902.362,12252.795,902.798,0.179,10,0.2179999999989377
29574,2024-05-06 06:00:00,11743.299,28.078,3497.366,902.372,12253.025,902.808,0.176,10,0.2120000000013533
29574,2024-05-06 07:00:00,11743.466,28.089,3497.478,902.412,12253.217,902.849,0.159,10,0.1669999999994615
29574,2024-05-06 08:00:00,11743.887,28.089,3497.649,902.419,12253.67,902.856,0.393,10,0.4210000000002765
29574,2024-05-06 09:00:00,11744.851,28.089,3497.697,902.446,12254.607,902.883,0.991,10,0.9639999999999418
29574,2024-05-06 10:00:00,11745.524,28.089,3497.759,902.467,12255.27,902.904,0.677,10,0.672999999998865
29574,2024-05-06 11:00:00,11746.032,28.089,3497.846,902.473,12255.782,902.91,0.475,10,0.5079999999998108
29574,2024-05-06 12:00:00,11746.182,28.089,3497.936,902.477,12255.951,902.914,0.112,10,0.1500000000014552
29574,2024-05-06 13:00:00,11746.329,28.089,3498.02,902.481,12256.116,902.918,0.122,10,0.146999999999025
29574,2024-05-06 14:00:00,11746.485,28.089,3498.106,902.487,12256.29,902.924,0.123,10,0.1560000000008585
29574,2024-05-06 15:00:00,11746.677,28.089,3498.23,902.502,12256.509,902.939,0.148,10,0.1919999999990977
29574,2024-05-06 16:00:00,11746.91,28.089,3498.33,902.505,12256.761,902.942,0.16,10,0.2330000000001746
29574,2024-05-06 17:00:00,11747.118,28.089,3498.426,902.511,12256.988,902.948,0.152,10,0.2080000000005384
29574,2024-05-06 18:00:00,11747.329,28.089,3498.497,902.515,12257.21,902.952,0.179,10,0.2109999999993306
29574,2024-05-06 19:00:00,11747.786,28.091,3498.514,902.535,12257.653,902.972,0.307,10,0.4570000000003347
29574,2024-05-06 20:00:00,11748.141,28.091,3498.639,902.539,12258.029,902.976,0.317,10,0.3549999999995634
29574,2024-05-06 21:00:00,11748.47,28.091,3498.752,902.544,12258.377,902.981,0.284,10,0.3289999999997235
29574,2024-05-06 22:00:00,11748.779,28.091,3498.826,902.551,12258.694,902.988,0.253,10,0.3090000000011059
29574,2024-05-06 23:00:00,11749.113,28.091,3498.916,902.555,12259.04,902.992,0.284,10,0.3339999999989231
29574,2024-05-07 00:00:00,11749.349,28.091,3499.0,902.557,12259.29,902.994,0.19,10,0.2360000000007858
29574,2024-05-07 01:00:00,11749.559,28.091,3499.082,902.559,12259.515,902.996,0.174,10,0.2099999999991268
29574,2024-05-07 02:00:00,11749.775,28.091,3499.17,902.559,12259.747,902.996,0.181,10,0.2160000000003492
29574,2024-05-07 03:00:00,11749.987,28.091,3499.251,902.563,12259.973,903.0,0.179,10,0.2119999999995343
29574,2024-05-07 04:00:00,11750.231,28.091,3499.317,902.563,12260.226,903.0,0.21,10,0.2440000000005966
29574,2024-05-07 05:00:00,11750.452,28.091,3499.394,902.565,12260.46,903.002,0.18,10,0.2209999999995489
29574,2024-05-07 06:00:00,11750.605,28.091,3499.476,902.575,12260.63,903.012,0.129,10,0.1530000000002473
29574,2024-05-07 07:00:00,11751.007,28.091,3499.55,902.589,12261.036,903.026,0.328,10,0.4020000000000436
29574,2024-05-07 08:00:00,11751.471,28.091,3499.647,902.607,12261.508,903.044,0.384,10,0.4639999999999418
29574,2024-05-07 09:00:00,11751.718,28.093,3499.748,902.63,12261.774,903.067,0.228,10,0.2470000000012078
29574,2024-05-07 10:00:00,11752.684,28.093,3499.823,902.64,12262.721,903.077,0.938,10,0.9659999999985304
29574,2024-05-07 11:00:00,11752.862,28.093,3499.907,902.648,12262.916,903.085,0.132,10,0.1779999999998835
29574,2024-05-07 12:00:00,11753.016,28.093,3499.977,902.653,12263.083,903.09,0.14,10,0.1540000000004511
29574,2024-05-07 17:00:00,11753.783,28.093,3500.312,902.707,12263.914,903.144,0.183,10,0.2160000000003492
29574,2024-05-07 18:00:00,11753.96,28.093,3500.404,902.722,12264.11,903.159,0.141,10,0.1769999999996798
29574,2024-05-07 19:00:00,11754.148,28.093,3500.459,902.77,12264.306,903.207,0.182,10,0.1880000000001018
29574,2024-05-07 20:00:00,11754.432,28.093,3500.518,902.782,12264.595,903.218,0.223,10,0.2840000000014697
29574,2024-05-07 21:00:00,11754.693,28.098,3500.611,902.828,12264.871,903.265,0.253,10,0.260999999998603
29574,2024-05-07 22:00:00,11754.936,28.098,3500.686,902.833,12265.126,903.27,0.211,10,0.2430000000003929
29574,2024-05-07 23:00:00,11755.158,28.098,3500.75,902.842,12265.357,903.279,0.185,10,0.2219999999997526
29574,2024-05-08 00:00:00,11755.354,28.098,3500.81,902.845,12265.562,903.282,0.167,10,0.1959999999999127
29574,2024-05-08 01:00:00,11755.552,28.098,3500.882,902.853,12265.772,903.29,0.171,10,0.1980000000003201
29574,2024-05-08 02:00:00,11755.752,28.098,3500.94,902.86,12265.98,903.297,0.174,10,0.2000000000007276
29574,2024-05-08 03:00:00,11755.934,28.098,3501.004,902.863,12266.173,903.3,0.16,10,0.1819999999988795
29574,2024-05-08 04:00:00,11756.102,28.098,3501.081,902.868,12266.356,903.305,0.141,10,0.1680000000014843
29574,2024-05-08 05:00:00,11756.259,28.098,3501.133,902.878,12266.521,903.315,0.119,10,0.1569999999992433
29574,2024-05-08 06:00:00,11756.408,28.13,3501.207,902.97,12266.685,903.408,0.131,10,0.1489999999994324
29574,2024-05-08 07:00:00,11756.624,28.13,3501.268,902.974,12266.91,903.412,0.111,10,0.2160000000003492
29574,2024-05-08 08:00:00,11756.814,28.13,3501.331,902.992,12267.11,903.43,0.117,10,0.1900000000005093
29574,2024-05-08 09:00:00,11756.956,28.13,3501.373,903.04,12267.258,903.478,0.102,10,0.1419999999998253
29574,2024-05-08 10:00:00,11758.183,28.13,3501.449,903.04,12268.455,903.478,1.318,10,1.2270000000007713
29574,2024-05-08 11:00:00,11758.43,28.13,3501.516,903.056,12268.711,903.494,0.191,10,0.2469999999993888
29574,2024-05-08 12:00:00,11758.641,28.13,3501.569,903.087,12268.929,903.525,0.221,10,0.2109999999993306
29574,2024-05-08 13:00:00,11758.844,28.13,3501.612,903.136,12269.136,903.573,0.203,10,0.2029999999995198
29574,2024-05-08 14:00:00,11759.099,28.13,3501.687,903.139,12269.401,903.576,0.179,10,0.2550000000010186
29574,2024-05-08 15:00:00,11759.303,28.13,3501.763,903.15,12269.619,903.587,0.113,10,0.2039999999997235
29574,2024-05-08 16:00:00,11759.495,28.13,3501.83,903.165,12269.822,903.602,0.11,10,0.1920000000009167
29574,2024-05-08 17:00:00,11759.735,28.13,3501.877,903.172,12270.065,903.609,0.129,10,0.2399999999997817
29574,2024-05-08 18:00:00,11760.004,28.13,3501.988,903.174,12270.355,903.611,0.165,10,0.2690000000002328
29574,2024-05-08 19:00:00,11760.266,28.13,3502.058,903.18,12270.626,903.617,0.164,10,0.2619999999988067
29574,2024-05-08 20:00:00,11760.538,28.13,3502.112,903.269,12270.902,903.706,0.215,10,0.272000000000844
29574,2024-05-08 21:00:00,11760.882,28.13,3502.178,903.279,12271.25,903.716,0.223,10,0.3439999999991414
29574,2024-05-08 22:00:00,11761.628,28.13,3502.275,903.283,12271.993,903.72,0.691,10,0.7460000000010041
29574,2024-05-08 23:00:00,11761.937,28.13,3502.379,903.29,12272.319,903.727,0.224,10,0.3089999999992869
29574,2024-05-09 00:00:00,11762.168,28.13,3502.457,903.295,12272.562,903.732,0.152,10,0.2309999999997671
29574,2024-05-09 01:00:00,11762.39,28.13,3502.524,903.299,12272.794,903.736,0.142,10,0.2219999999997526
29574,2024-05-09 02:00:00,11762.621,28.13,3502.607,903.299,12273.039,903.736,0.154,10,0.2309999999997671
29574,2024-05-09 03:00:00,11762.855,28.13,3502.688,903.302,12273.287,903.739,0.158,10,0.2340000000003783
29574,2024-05-09 04:00:00,11763.053,28.13,3502.735,903.31,12273.49,903.747,0.122,10,0.1980000000003201
29574,2024-05-09 05:00:00,11763.293,28.13,3502.823,903.329,12273.745,903.766,0.143,10,0.2399999999997817
29574,2024-05-09 06:00:00,11763.517,28.131,3502.92,903.356,12273.987,903.793,0.118,10,0.22400000000016
29574,2024-05-09 07:00:00,11763.822,28.136,3503.022,903.423,12274.309,903.861,0.165,10,0.305000000000291
29574,2024-05-09 08:00:00,11764.261,28.136,3503.141,903.436,12274.764,903.874,0.317,10,0.4390000000003056
29574,2024-05-09 09:00:00,11764.531,28.136,3503.218,903.465,12275.044,903.903,0.096,10,0.2700000000004365
29574,2024-05-09 10:00:00,11765.775,28.136,3503.286,903.494,12276.256,903.931,1.218,10,1.2439999999987776
29574,2024-05-09 11:00:00,11766.008,28.136,3503.354,903.508,12276.499,903.945,0.096,10,0.2330000000001746
29574,2024-05-09 12:00:00,11766.212,28.136,3503.422,903.515,12276.714,903.952,0.115,10,0.2039999999997235
29574,2024-05-09 13:00:00,11766.403,28.136,3503.495,903.527,12276.918,903.964,0.098,10,0.191000000000713
29574,2024-05-09 14:00:00,11766.636,28.136,3503.589,903.564,12277.168,904.001,0.105,10,0.2330000000001746
29574,2024-05-09 15:00:00,11766.85,28.136,3503.669,903.582,12277.396,904.019,0.105,10,0.2139999999999418
29574,2024-05-09 16:00:00,11767.119,28.136,3503.699,903.602,12277.662,904.039,0.176,10,0.2690000000002328
29574,2024-05-09 17:00:00,11767.484,28.136,3503.867,903.631,12278.06,904.068,0.183,10,0.3649999999997817
29574,2024-05-09 18:00:00,11767.803,28.136,3503.988,903.66,12278.4,904.097,0.136,10,0.3189999999995052
29574,2024-05-09 19:00:00,11768.103,28.136,3504.062,903.683,12278.709,904.12,0.159,10,0.2999999999992724
29574,2024-05-09 20:00:00,11768.72,28.136,3504.179,903.709,12279.333,904.146,0.447,10,0.6170000000001892
29574,2024-05-09 21:00:00,11769.31,28.136,3504.387,903.717,12279.958,904.154,0.411,10,0.5900000000001455
29574,2024-05-09 22:00:00,11769.655,28.136,3504.477,903.76,12280.315,904.197,0.148,10,0.3450000000011641
29574,2024-05-09 23:00:00,11770.054,28.136,3504.616,903.795,12280.737,904.232,0.218,10,0.3989999999994325
29574,2024-05-10 00:00:00,11770.3,28.136,3504.679,903.807,12280.99,904.244,0.122,10,0.2459999999991851
29574,2024-05-10 01:00:00,11770.559,28.136,3504.765,903.809,12281.263,904.246,0.139,10,0.2590000000000145
29574,2024-05-10 02:00:00,11770.8,28.136,3504.827,903.809,12281.512,904.246,0.122,10,0.2409999999999854
29574,2024-05-10 03:00:00,11771.048,28.136,3504.912,903.81,12281.774,904.247,0.132,10,0.2480000000014115
29574,2024-05-10 04:00:00,11771.271,28.136,3504.972,903.811,12282.005,904.248,0.104,10,0.2229999999999563
29574,2024-05-10 05:00:00,11771.502,28.136,3505.047,903.811,12282.247,904.248,0.115,10,0.2309999999997671
29574,2024-05-10 06:00:00,11771.656,28.136,3505.099,903.816,12282.41,904.253,0.099,10,0.1540000000004511
29574,2024-05-10 07:00:00,11771.827,28.136,3505.164,903.832,12282.592,904.269,0.103,10,0.1709999999984575
29574,2024-05-10 08:00:00,11772.008,28.136,3505.258,903.859,12282.793,904.296,0.116,10,0.1810000000004947
29574,2024-05-10 09:00:00,11772.62,28.136,3505.474,903.88,12283.441,904.317,0.445,10,0.6120000000009895
29574,2024-05-10 10:00:00,11773.908,28.136,3505.6,903.896,12284.711,904.333,1.206,10,1.287999999998647
29574,2024-05-10 11:00:00,11774.139,28.136,3505.685,903.914,12284.957,904.351,0.107,10,0.2309999999997671
29574,2024-05-10 12:00:00,11774.372,28.136,3505.774,903.939,12285.206,904.376,0.1,10,0.2330000000001746
29574,2024-05-10 13:00:00,11774.605,28.136,3505.856,903.972,12285.452,904.409,0.095,10,0.2330000000001746
29574,2024-05-10 14:00:00,11774.827,28.136,3505.942,904.015,12285.69,904.452,0.092,10,0.2219999999997526
29574,2024-05-10 15:00:00,11775.015,28.136,3506.029,904.021,12285.895,904.458,0.105,10,0.1880000000001018
29574,2024-05-10 16:00:00,11775.19,28.136,3506.097,904.033,12286.082,904.47,0.093,10,0.1750000000010914
29574,2024-05-10 17:00:00,11775.437,28.136,3506.182,904.039,12286.343,904.476,0.124,10,0.2469999999993888
29574,2024-05-10 18:00:00,11775.704,28.136,3506.247,904.05,12286.617,904.487,0.167,10,0.2669999999998254
29574,2024-05-10 19:00:00,11775.962,28.136,3506.342,904.065,12286.892,904.502,0.154,10,0.2579999999998108
29574,2024-05-10 20:00:00,11776.4,28.136,3506.444,904.106,12287.34,904.543,0.237,10,0.4380000000001018
29574,2024-05-10 21:00:00,11777.118,28.136,3506.556,904.143,12288.061,904.58,0.558,10,0.7180000000007567
29574,2024-05-10 22:00:00,11777.542,28.136,3506.635,904.182,12288.489,904.619,0.258,10,0.4239999999990687
29574,2024-05-10 23:00:00,11777.868,28.136,3506.753,904.213,12288.836,904.65,0.156,10,0.3260000000009313
29574,2024-05-11 03:00:00,11778.994,28.136,3507.177,904.352,12290.036,904.789,0.121,10,0.2730000000010477
29574,2024-05-11 04:00:00,11779.253,28.136,3507.273,904.386,12290.311,904.823,0.111,10,0.2590000000000145
29574,2024-05-11 05:00:00,11779.51,28.136,3507.366,904.412,12290.584,904.849,0.113,10,0.2569999999996071
29574,2024-05-11 06:00:00,11779.762,28.136,3507.483,904.446,12290.859,904.883,0.118,10,0.2520000000004074
29574,2024-05-11 07:00:00,11779.975,28.149,3507.571,904.516,12291.088,904.953,0.102,10,0.212999999999738
29574,2024-05-11 08:00:00,11780.26,28.149,3507.646,904.537,12291.383,904.974,0.147,10,0.2849999999998545
29574,2024-05-11 09:00:00,11780.544,28.149,3507.762,904.553,12291.688,904.99,0.124,10,0.2839999999996507
29574,2024-05-11 10:00:00,11780.996,28.149,3507.856,904.584,12292.148,905.021,0.275,10,0.451999999999316
29574,2024-05-11 11:00:00,11781.352,28.149,3507.947,904.61,12292.515,905.047,0.191,10,0.3560000000015861
29574,2024-05-11 12:00:00,11782.533,28.149,3508.071,904.639,12293.683,905.076,1.082,10,1.1809999999986758
29574,2024-05-11 13:00:00,11783.426,28.149,3508.196,904.674,12294.574,905.111,0.758,10,0.8930000000000291
29574,2024-05-11 14:00:00,11784.54,28.149,3508.363,904.691,12295.69,905.128,1.023,10,1.114000000001397
29574,2024-05-11 15:00:00,11784.8,28.149,3508.496,904.728,12295.977,905.165,0.116,10,0.2599999999983993
29574,2024-05-11 16:00:00,11785.053,28.149,3508.619,904.783,12296.254,905.22,0.111,10,0.2530000000006112
29574,2024-05-11 17:00:00,11786.02,28.149,3508.717,904.83,12297.209,905.267,0.854,10,0.967000000000553
29574,2024-05-11 18:00:00,11786.657,28.149,3508.884,904.851,12297.867,905.288,0.531,10,0.6369999999988067
29574,2024-05-11 19:00:00,11786.986,28.149,3509.016,904.877,12298.22,905.314,0.18,10,0.3290000000015425
29574,2024-05-11 20:00:00,11787.365,28.149,3509.113,904.915,12298.611,905.352,0.218,10,0.3789999999989959
29574,2024-05-11 21:00:00,11787.874,28.149,3509.205,904.965,12299.125,905.402,0.353,10,0.5090000000000146
29574,2024-05-11 22:00:00,11788.43,28.149,3509.303,905.023,12299.686,905.46,0.427,10,0.5560000000004948
29574,2024-05-11 23:00:00,11788.796,28.149,3509.419,905.052,12300.07,905.489,0.206,10,0.3659999999999854
29574,2024-05-12 00:00:00,11789.144,28.149,3509.518,905.069,12300.432,905.506,0.185,10,0.3479999999999563
29574,2024-05-14 03:00:00,11808.298,28.157,3514.083,906.091,12320.092,906.528,0.093,10,0.3200000000015279
29574,2024-05-14 04:00:00,11808.607,28.157,3514.134,906.105,12320.403,906.542,0.087,10,0.3089999999992869
29574,2024-05-14 05:00:00,11808.898,28.159,3514.187,906.147,12320.697,906.584,0.094,10,0.2909999999992578
29574,2024-05-14 06:00:00,11809.158,28.16,3514.239,906.203,12320.961,906.64,0.099,10,0.2600000000002183
29574,2024-05-14 07:00:00,11809.482,28.16,3514.275,906.23,12321.282,906.667,0.084,10,0.3240000000005238
29574,2024-05-14 08:00:00,11809.82,28.16,3514.341,906.236,12321.624,906.673,0.104,10,0.337999999999738
29574,2024-05-14 09:00:00,11810.164,28.16,3514.393,906.244,12321.969,906.681,0.084,10,0.3440000000009604
29574,2024-05-14 10:00:00,11811.56,28.16,3514.455,906.253,12323.325,906.69,1.196,10,1.3959999999988213
29574,2024-05-14 11:00:00,11812.221,28.16,3514.553,906.262,12323.986,906.699,0.499,10,0.6610000000000582
29574,2024-05-14 12:00:00,11812.675,28.16,3514.61,906.292,12324.438,906.729,0.274,10,0.4539999999997235
29574,2024-05-14 13:00:00,11813.042,28.16,3514.652,906.326,12324.801,906.763,0.158,10,0.3670000000001892
29574,2024-05-14 14:00:00,11813.352,28.16,3514.7,906.363,12325.112,906.8,0.124,10,0.3100000000013097
29574,2024-05-14 15:00:00,11813.729,28.16,3514.749,906.389,12325.487,906.826,0.16,10,0.3769999999985884
29574,2024-05-14 16:00:00,11814.135,28.16,3514.856,906.396,12325.907,906.833,0.15,10,0.4060000000008585
29574,2024-05-14 17:00:00,11814.464,28.16,3514.907,906.432,12326.237,906.869,0.123,10,0.3289999999997235
29574,2024-05-14 18:00:00,11814.779,28.16,3514.95,906.498,12326.551,906.935,0.128,10,0.3150000000005093
29574,2024-05-14 19:00:00,11815.186,28.16,3514.994,906.519,12326.954,906.956,0.143,10,0.4069999999992433
29574,2024-05-14 20:00:00,11815.66,28.16,3515.056,906.539,12327.426,906.976,0.214,10,0.47400000000016
29574,2024-05-14 21:00:00,11816.147,28.16,3515.154,906.548,12327.921,906.985,0.24,10,0.4870000000009895
29574,2024-05-14 22:00:00,11816.518,28.16,3515.225,906.631,12328.296,907.068,0.164,10,0.3709999999991851
29574,2024-05-14 23:00:00,11816.889,28.16,3515.279,906.653,12328.667,907.09,0.138,10,0.3709999999991851
29574,2024-05-15 03:00:00,11818.368,28.16,3515.523,906.73,12330.155,907.167,0.138,10,0.3610000000007858
29574,2024-05-15 04:00:00,11818.724,28.16,3515.576,906.753,12330.511,907.19,0.135,10,0.3559999999997671
29574,2024-05-15 05:00:00,11819.086,28.16,3515.639,906.777,12330.876,907.214,0.141,10,0.3619999999991705
29574,2024-05-15 06:00:00,11819.368,28.16,3515.762,906.785,12331.181,907.222,0.137,10,0.2820000000010623
29574,2024-05-15 07:00:00,11819.697,28.16,3515.8,906.82,12331.507,907.257,0.13,10,0.3289999999997235
29574,2024-05-15 08:00:00,11820.09,28.16,3515.853,906.847,12331.899,907.284,0.21,10,0.3930000000000291
29574,2024-05-15 09:00:00,11820.411,28.16,3515.907,906.892,12332.222,907.329,0.124,10,0.3209999999999127
29574,2024-05-15 10:00:00,11822.087,28.16,3515.982,906.933,12333.85,907.37,1.571,10,1.675999999999476
29574,2024-05-15 11:00:00,11822.473,28.16,3516.025,906.984,12334.232,907.421,0.213,10,0.386000000000422
29574,2024-05-15 12:00:00,11822.737,28.16,3516.074,907.028,12334.499,907.465,0.12,10,0.2639999999992142
29574,2024-05-15 13:00:00,11823.057,28.16,3516.112,907.069,12334.817,907.506,0.15,10,0.3200000000015279
29574,2024-05-15 14:00:00,11823.36,28.16,3516.205,907.097,12335.134,907.533,0.154,10,0.3029999999998836
29574,2024-05-15 15:00:00,11823.643,28.16,3516.259,907.138,12335.42,907.574,0.12,10,0.282999999999447
29574,2024-05-15 16:00:00,11824.012,28.16,3516.304,907.195,12335.787,907.631,0.213,10,0.3690000000005966
29574,2024-05-15 17:00:00,11824.31,28.16,3516.353,907.235,12336.087,907.671,0.123,10,0.2979999999988649
29574,2024-05-15 18:00:00,11824.66,28.16,3516.402,907.271,12336.436,907.707,0.19,10,0.3500000000003638
29574,2024-05-15 19:00:00,11825.086,28.16,3516.441,907.332,12336.856,907.768,0.235,10,0.4259999999994761
29574,2024-05-15 20:00:00,11825.552,28.16,3516.477,907.397,12337.312,907.833,0.249,10,0.4660000000003492
29574,2024-05-15 21:00:00,11825.946,28.16,3516.595,907.45,12337.724,907.886,0.25,10,0.3940000000002328
29574,2024-05-15 22:00:00,11826.442,28.16,3516.626,907.516,12338.208,907.952,0.329,10,0.4959999999991851
29574,2024-05-15 23:00:00,11826.892,28.16,3516.68,907.558,12338.655,907.994,0.27,10,0.4500000000007276
29574,2024-05-16 00:00:00,11827.246,28.16,3516.739,907.609,12339.011,908.045,0.213,10,0.3539999999993597
29574,2024-05-16 01:00:00,11827.6,28.16,3516.776,907.683,12339.361,908.119,0.222,10,0.3540000000011787
29574,2024-05-16 02:00:00,11827.856,28.16,3516.817,907.76,12339.618,908.196,0.127,10,0.2559999999994033
29574,2024-05-16 03:00:00,11828.109,28.16,3516.86,907.832,12339.873,908.268,0.126,10,0.2530000000006112
29574,2024-05-16 04:00:00,11828.355,28.16,3516.91,907.891,12340.123,908.327,0.125,10,0.2459999999991851
29574,2024-05-16 05:00:00,11828.585,28.16,3516.957,907.949,12340.356,908.385,0.108,10,0.2299999999995634
29574,2024-05-16 06:00:00,11828.798,28.161,3516.996,908.024,12340.572,908.46,0.106,10,0.213000000001557
29574,2024-05-16 11:00:00,11831.404,28.161,3517.244,908.357,12343.14,908.793,1.096,10,1.2309999999997672
29574,2024-05-16 12:00:00,11831.882,28.161,3517.339,908.365,12343.626,908.801,0.333,10,0.477999999999156
29574,2024-05-16 13:00:00,11832.16,28.161,3517.399,908.4,12343.909,908.836,0.131,10,0.2780000000002474
29574,2024-05-16 14:00:00,11832.431,28.161,3517.447,908.459,12344.183,908.895,0.121,10,0.2710000000006403
29574,2024-05-16 15:00:00,11832.832,28.161,3517.509,908.489,12344.585,908.925,0.236,10,0.4009999999998399
29574,2024-05-16 16:00:00,11833.067,28.161,3517.544,908.561,12344.82,908.997,0.103,10,0.2349999999987631
29574,2024-05-16 17:00:00,11833.255,28.161,3517.566,908.672,12345.006,909.108,0.098,10,0.1880000000001018
29574,2024-05-16 18:00:00,11833.476,28.161,3517.59,908.773,12345.225,909.209,0.105,10,0.2210000000013678
29574,2024-05-16 19:00:00,11833.767,28.161,3517.631,908.837,12345.516,909.273,0.147,10,0.2909999999992578
29574,2024-05-16 20:00:00,11834.289,28.161,3517.675,908.891,12346.029,909.327,0.336,10,0.522000000000844
29574,2024-05-16 21:00:00,11834.775,28.161,3517.752,908.979,12346.516,909.415,0.329,10,0.4859999999989668
29574,2024-05-16 22:00:00,11835.145,28.161,3517.814,909.021,12346.889,909.457,0.181,10,0.3700000000008003
29574,2024-05-16 23:00:00,11835.53,28.161,3517.883,909.05,12347.277,909.486,0.199,10,0.3850000000002183
29574,2024-05-17 00:00:00,11835.842,28.161,3517.941,909.098,12347.593,909.534,0.139,10,0.3119999999998981
29574,2024-05-17 01:00:00,11836.133,28.161,3517.997,909.143,12347.888,909.579,0.127,10,0.2909999999992578
29574,2024-05-17 02:00:00,11836.415,28.161,3518.047,909.191,12348.172,909.627,0.121,10,0.2820000000010623
29574,2024-05-17 03:00:00,11836.694,28.161,3518.098,909.245,12348.454,909.68,0.12,10,0.2789999999986321
29574,2024-05-17 04:00:00,11836.972,28.161,3518.151,909.297,12348.736,909.732,0.118,10,0.2780000000002474
29574,2024-05-17 05:00:00,11837.294,28.161,3518.2,909.35,12349.059,909.785,0.164,10,0.3220000000001164
29574,2024-05-17 06:00:00,11837.557,28.162,3518.292,909.426,12349.337,909.861,0.151,10,0.2630000000008294
29574,2024-05-17 07:00:00,11837.903,28.162,3518.345,909.467,12349.684,909.902,0.111,10,0.3459999999995489
29574,2024-05-17 08:00:00,11838.231,28.162,3518.4,909.504,12350.014,909.939,0.112,10,0.3279999999995198
29574,2024-05-17 09:00:00,11838.554,28.162,3518.449,909.548,12350.337,909.983,0.101,10,0.3230000000003201
29574,2024-05-17 10:00:00,11839.217,28.162,3518.496,909.602,12350.986,910.037,0.49,10,0.6630000000004657
29574,2024-05-17 11:00:00,11840.114,28.162,3518.542,909.651,12351.859,910.086,0.766,10,0.896999999999025
29574,2024-05-17 12:00:00,11840.566,28.162,3518.602,909.679,12352.31,910.114,0.308,10,0.452000000001135
29574,2024-05-17 13:00:00,11840.851,28.162,3518.648,909.73,12352.596,910.165,0.121,10,0.2849999999998545
29574,2024-05-17 14:00:00,11841.127,28.162,3518.703,909.772,12352.876,910.207,0.122,10,0.2759999999998399
29574,2024-05-17 15:00:00,11841.432,28.162,3518.754,909.809,12353.183,910.244,0.112,10,0.305000000000291
29574,2024-05-17 16:00:00,11841.74,28.162,3518.814,909.841,12353.495,910.276,0.117,10,0.3079999999990832
29574,2024-05-17 17:00:00,11842.021,28.162,3518.877,909.874,12353.783,910.309,0.108,10,0.2810000000008585
29574,2024-05-17 18:00:00,11842.283,28.162,3518.924,909.909,12354.047,910.344,0.132,10,0.2619999999988067
29574,2024-05-18 01:00:00,11845.209,28.162,3519.284,910.268,12356.954,910.703,0.182,10,0.342000000000553
29574,2024-05-18 02:00:00,11845.564,28.162,3519.37,910.284,12357.319,910.719,0.196,10,0.3549999999995634
29574,2024-05-18 03:00:00,11845.874,28.162,3519.432,910.322,12357.634,910.757,0.155,10,0.3099999999994907
29574,2024-05-18 04:00:00,11846.18,28.162,3519.489,910.365,12357.944,910.8,0.147,10,0.3060000000004947
29574,2024-05-18 05:00:00,11846.493,28.162,3519.545,910.409,12358.26,910.844,0.143,10,0.3130000000001018
29574,2024-05-18 06:00:00,11846.756,28.164,3519.601,910.493,12358.528,910.928,0.139,10,0.2629999999990104
29574,2024-05-18 07:00:00,11847.099,28.164,3519.649,910.536,12358.87,910.971,0.128,10,0.3430000000007567
29574,2024-05-18 08:00:00,11847.403,28.164,3519.708,910.579,12359.178,911.014,0.102,10,0.3040000000000873
29574,2024-05-18 09:00:00,11847.677,28.164,3519.749,910.637,12359.453,911.072,0.134,10,0.2739999999994325
29574,2024-05-18 10:00:00,11847.971,28.164,3519.81,910.671,12359.752,911.106,0.112,10,0.293999999999869
29574,2024-05-18 11:00:00,11848.445,28.164,3519.863,910.707,12360.221,911.142,0.339,10,0.47400000000016
29574,2024-05-18 12:00:00,11849.698,28.164,3519.949,910.722,12361.447,911.157,1.143,10,1.2530000000006112
29574,2024-05-18 13:00:00,11850.759,28.164,3520.028,910.733,12362.487,911.168,0.93,10,1.0609999999996944
29574,2024-05-18 14:00:00,11851.435,28.164,3520.178,910.741,12363.177,911.176,0.518,10,0.6759999999994761
29574,2024-05-18 15:00:00,11851.737,28.164,3520.269,910.761,12363.493,911.196,0.151,10,0.3019999999996798
29574,2024-05-18 16:00:00,11852.02,28.164,3520.335,910.786,12363.783,911.221,0.119,10,0.283000000001266
29574,2024-05-18 17:00:00,11852.313,28.164,3520.4,910.809,12364.082,911.244,0.115,10,0.2929999999996653
29574,2024-05-18 18:00:00,11852.598,28.164,3520.454,910.861,12364.371,911.296,0.116,10,0.2849999999998545
29574,2024-05-18 19:00:00,11852.858,28.164,3520.499,910.934,12364.633,911.369,0.153,10,0.2600000000002183
29574,2024-05-18 20:00:00,11853.298,28.164,3520.536,911.065,12365.065,911.5,0.277,10,0.4400000000005093
29574,2024-05-18 21:00:00,11853.756,28.164,3520.585,911.109,12365.518,911.544,0.232,10,0.4579999999987194
29574,2024-05-18 22:00:00,11854.531,28.164,3520.653,911.154,12366.28,911.589,0.628,10,0.7750000000014552
29574,2024-05-19 01:00:00,11855.703,28.164,3520.815,911.259,12367.45,911.694,0.274,10,0.4449999999997089
29574,2024-05-19 02:00:00,11856.1,28.164,3520.88,911.296,12367.849,911.731,0.228,10,0.397000000000844
29574,2024-05-19 03:00:00,11856.472,28.164,3520.942,911.332,12368.223,911.767,0.212,10,0.3719999999993888
29574,2024-05-19 08:00:00,11858.04,28.164,3521.224,911.59,12369.807,912.024,0.115,10,0.3170000000009167
29574,2024-05-19 09:00:00,11858.379,28.164,3521.282,911.62,12370.148,912.054,0.109,10,0.3389999999999418
29574,2024-05-19 10:00:00,11858.703,28.164,3521.318,911.68,12370.469,912.114,0.125,10,0.3239999999987049
29574,2024-05-19 11:00:00,11859.164,28.164,3521.37,911.717,12370.926,912.151,0.298,10,0.4610000000011496
29574,2024-05-19 12:00:00,11859.5,28.164,3521.426,911.755,12371.264,912.189,0.187,10,0.3359999999993306
29574,2024-05-19 13:00:00,11859.865,28.164,3521.507,911.78,12371.637,912.214,0.173,10,0.3649999999997817
29574,2024-05-19 14:00:00,11860.215,28.164,3521.549,911.838,12371.984,912.272,0.174,10,0.3500000000003638
29574,2024-05-19 15:00:00,11860.6,28.164,3521.623,911.85,12372.374,912.284,0.216,10,0.3850000000002183
29574,2024-05-19 16:00:00,11860.91,28.164,3521.69,911.888,12372.691,912.322,0.146,10,0.3099999999994907
29574,2024-05-19 17:00:00,11861.164,28.164,3521.711,911.964,12372.94,912.398,0.152,10,0.2540000000008149
29574,2024-05-19 18:00:00,11861.596,28.164,3521.736,912.029,12373.361,912.463,0.333,10,0.4319999999988795
29574,2024-05-19 19:00:00,11861.947,28.164,3521.772,912.077,12373.708,912.511,0.222,10,0.3510000000005675
29574,2024-05-19 20:00:00,11862.337,28.164,3521.807,912.139,12374.092,912.573,0.216,10,0.3899999999994179
29574,2024-05-19 21:00:00,11862.777,28.164,3521.845,912.194,12374.525,912.628,0.213,10,0.4400000000005093
29574,2024-05-19 22:00:00,11863.218,28.164,3521.895,912.231,12374.962,912.665,0.209,10,0.441000000000713
29574,2024-05-19 23:00:00,11863.602,28.164,3521.942,912.28,12375.343,912.714,0.17,10,0.3840000000000145
29574,2024-05-20 00:00:00,11863.977,28.164,3521.992,912.337,12375.717,912.771,0.164,10,0.375
29574,2024-05-20 01:00:00,11864.344,28.164,3522.05,912.38,12376.085,912.814,0.162,10,0.3669999999983702
29574,2024-05-20 02:00:00,11864.702,28.164,3522.107,912.424,12376.445,912.858,0.162,10,0.3580000000001746
29574,2024-05-20 03:00:00,11865.069,28.164,3522.149,912.49,12376.808,912.924,0.185,10,0.3670000000001892
29574,2024-05-20 04:00:00,11865.422,28.164,3522.208,912.524,12377.163,912.958,0.168,10,0.353000000000975
29574,2024-05-20 05:00:00,11865.723,28.164,3522.26,912.574,12377.467,913.008,0.123,10,0.3009999999994761
29574,2024-05-20 06:00:00,11865.998,28.164,3522.362,912.576,12377.759,913.01,0.194,10,0.2749999999996362
29574,2024-05-20 07:00:00,11866.221,28.164,3522.434,912.596,12377.994,913.03,0.113,10,0.2229999999999563
29574,2024-05-20 08:00:00,11866.422,28.164,3522.506,912.616,12378.207,913.05,0.107,10,0.2010000000009313
29574,2024-05-20 09:00:00,11866.61,28.164,3522.563,912.663,12378.403,913.097,0.108,10,0.1880000000001018
29574,2024-05-20 10:00:00,11867.96,28.164,3522.694,912.667,12379.735,913.101,1.364,10,1.3499999999985448
29574,2024-05-20 11:00:00,11868.234,28.164,3522.762,912.688,12380.017,913.122,0.217,10,0.2740000000012514
29574,2024-05-20 12:00:00,11868.388,28.164,3522.83,912.704,12380.184,913.138,0.107,10,0.1540000000004511
29574,2024-05-20 13:00:00,11868.598,28.164,3522.915,912.706,12380.409,913.14,0.117,10,0.2099999999991268
29574,2024-05-20 14:00:00,11868.854,28.164,3522.999,912.711,12380.679,913.145,0.163,10,0.2559999999994033
29574,2024-05-20 15:00:00,11869.105,28.164,3523.071,912.714,12380.94,913.148,0.15,10,0.2510000000002037
29574,2024-05-20 16:00:00,11869.335,28.164,3523.129,912.722,12381.177,913.156,0.149,10,0.2299999999995634
29574,2024-05-20 17:00:00,11869.57,28.164,3523.199,912.732,12381.422,913.166,0.149,10,0.235000000000582
29574,2024-05-20 18:00:00,11869.922,28.164,3523.311,912.734,12381.791,913.168,0.26,10,0.3520000000007712
29574,2024-05-20 19:00:00,11870.208,28.165,3523.445,912.8,12382.104,913.234,0.213,10,0.2860000000000582
29574,2024-05-20 20:00:00,11870.583,28.165,3523.567,912.808,12382.498,913.242,0.259,10,0.375
29574,2024-05-20 21:00:00,11871.067,28.165,3523.704,912.811,12383.001,913.245,0.37,10,0.4839999999985593
29574,2024-05-20 22:00:00,11871.443,28.165,3523.914,912.812,12383.421,913.246,0.278,10,0.3760000000002037
29574,2024-05-20 23:00:00,11871.781,28.165,3524.095,912.819,12383.797,913.253,0.245,10,0.338000000001557
29574,2024-05-21 02:00:00,11872.725,28.165,3524.579,912.833,12384.839,913.267,0.234,10,0.3099999999994907
29574,2024-05-21 03:00:00,11872.993,28.165,3524.746,912.833,12385.144,913.267,0.187,10,0.2680000000000291
29574,2024-05-21 04:00:00,11873.257,28.165,3524.906,912.834,12385.442,913.268,0.187,10,0.2639999999992142
29574,2024-05-21 05:00:00,11873.525,28.165,3525.06,912.836,12385.743,913.27,0.193,10,0.2680000000000291
29574,2024-05-21 06:00:00,11873.763,28.165,3525.225,912.847,12386.018,913.281,0.178,10,0.2380000000011932
29574,2024-05-21 07:00:00,11874.024,28.165,3525.409,912.852,12386.321,913.286,0.177,10,0.260999999998603
29574,2024-05-21 08:00:00,11874.271,28.165,3525.544,912.949,12386.596,913.383,0.19,10,0.2470000000012078
29574,2024-05-21 09:00:00,11874.629,28.165,3525.696,912.95,12386.982,913.384,0.213,10,0.3580000000001746
29574,2024-05-21 10:00:00,11874.895,28.165,3525.823,912.954,12387.274,913.388,0.157,10,0.2659999999996216
29574,2024-05-21 11:00:00,11875.163,28.165,3525.986,912.958,12387.577,913.392,0.18,10,0.2680000000000291
29574,2024-05-21 12:00:00,11875.545,28.165,3526.159,912.964,12387.992,913.398,0.282,10,0.3819999999996071
29574,2024-05-21 13:00:00,11875.935,28.165,3526.301,912.97,12388.407,913.404,0.34,10,0.3899999999994179
29574,2024-05-21 14:00:00,11876.205,28.165,3526.467,912.971,12388.713,913.405,0.179,10,0.2700000000004365
29574,2024-05-21 15:00:00,11876.474,28.165,3526.619,912.972,12389.014,913.406,0.169,10,0.2690000000002328
29574,2024-05-21 16:00:00,11876.746,28.165,3526.786,912.973,12389.322,913.407,0.179,10,0.271999999999025
29574,2024-05-21 17:00:00,11877.096,28.165,3526.97,912.983,12389.71,913.417,0.242,10,0.3500000000003638
29574,2024-05-21 18:00:00,11877.425,28.165,3527.145,912.988,12390.075,913.422,0.207,10,0.3289999999997235
29574,2024-05-21 19:00:00,11877.865,28.165,3527.274,912.995,12390.534,913.429,0.267,10,0.4400000000005093
29574,2024-05-21 20:00:00,11878.257,28.165,3527.425,913.009,12390.953,913.443,0.291,10,0.3919999999998254
29574,2024-05-21 21:00:00,11878.659,28.165,3527.549,913.011,12391.373,913.445,0.254,10,0.4020000000000436
29574,2024-05-21 22:00:00,11879.043,28.165,3527.657,913.016,12391.772,913.45,0.238,10,0.3840000000000145
29574,2024-05-21 23:00:00,11879.665,28.165,3527.835,913.016,12392.419,913.45,0.485,10,0.6220000000012078
29574,2024-05-22 03:00:00,11881.196,28.165,3528.465,913.023,12394.066,913.457,0.254,10,0.3840000000000145
29574,2024-05-22 04:00:00,11881.538,28.165,3528.615,913.027,12394.437,913.461,0.245,10,0.342000000000553
29574,2024-05-22 05:00:00,11881.878,28.165,3528.79,913.028,12394.812,913.462,0.257,10,0.3400000000001455
29574,2024-05-22 06:00:00,11882.212,28.165,3528.899,913.032,12395.163,913.466,0.268,10,0.3339999999989231
29574,2024-05-22 07:00:00,11882.516,28.165,3529.039,913.036,12395.495,913.47,0.218,10,0.3040000000000873
29574,2024-05-22 08:00:00,11882.781,28.165,3529.172,913.038,12395.787,913.472,0.192,10,0.2650000000012369
29574,2024-05-22 09:00:00,11882.979,28.176,3529.293,913.079,12396.011,913.513,0.165,10,0.1979999999985011
29574,2024-05-22 10:00:00,11883.308,28.176,3529.403,913.083,12396.358,913.517,0.25,10,0.3290000000015425
29574,2024-05-22 11:00:00,11883.571,28.176,3529.541,913.085,12396.649,913.519,0.161,10,0.2629999999990104
29574,2024-05-22 12:00:00,11883.818,28.176,3529.699,913.085,12396.931,913.519,0.173,10,0.2469999999993888
29574,2024-05-22 13:00:00,11884.278,28.176,3529.899,913.087,12397.429,913.521,0.389,10,0.4600000000009459
29574,2024-05-22 14:00:00,11884.606,28.176,3530.126,913.087,12397.808,913.521,0.265,10,0.3279999999995198
29574,2024-05-22 15:00:00,11884.921,28.176,3530.34,913.087,12398.171,913.521,0.22,10,0.3150000000005093
29574,2024-05-22 16:00:00,11885.251,28.176,3530.511,913.088,12398.536,913.522,0.244,10,0.3299999999999272
29574,2024-05-22 17:00:00,11885.556,28.176,3530.65,913.09,12398.868,913.524,0.224,10,0.305000000000291
29574,2024-05-22 18:00:00,11885.853,28.176,3530.822,913.092,12399.201,913.526,0.203,10,0.2969999999986612
29574,2024-05-22 19:00:00,11886.215,28.176,3530.954,913.099,12399.586,913.533,0.26,10,0.3620000000009895
29574,2024-05-22 20:00:00,11886.861,28.176,3531.136,913.104,12400.257,913.538,0.579,10,0.6460000000006403
29574,2024-05-22 21:00:00,11887.712,28.176,3531.364,913.104,12401.138,913.538,0.735,10,0.8509999999987485
29574,2024-05-22 22:00:00,11888.187,28.176,3531.463,913.12,12401.621,913.554,0.332,10,0.4750000000003638
29574,2024-05-22 23:00:00,11888.512,28.176,3531.554,913.121,12401.959,913.555,0.202,10,0.3250000000007276
29574,2024-05-23 00:00:00,11888.808,28.176,3531.672,913.124,12402.276,913.558,0.196,10,0.2960000000002765
29574,2024-05-24 03:00:00,11896.046,28.176,3534.075,913.423,12409.899,913.857,0.152,10,0.2090000000007421
29574,2024-05-24 04:00:00,11896.242,28.176,3534.161,913.434,12410.111,913.868,0.138,10,0.1959999999999127
29574,2024-05-24 05:00:00,11896.434,28.176,3534.24,913.443,12410.318,913.877,0.133,10,0.1919999999990977
29574,2024-05-24 06:00:00,11896.641,28.176,3534.344,913.451,12410.546,913.885,0.125,10,0.2070000000003347
29574,2024-05-24 07:00:00,11896.908,28.176,3534.448,913.466,12410.831,913.9,0.126,10,0.2669999999998254
29574,2024-05-24 08:00:00,11897.149,28.176,3534.545,913.476,12411.09,913.91,0.144,10,0.2409999999999854
29574,2024-05-24 09:00:00,11897.402,28.176,3534.619,913.487,12411.353,913.921,0.163,10,0.2530000000006112
29574,2024-05-24 10:00:00,11897.564,28.181,3534.704,913.497,12411.533,913.931,0.121,10,0.1620000000002619
29574,2024-05-24 11:00:00,11897.78,28.181,3534.794,913.508,12411.766,913.942,0.13,10,0.2160000000003492
29574,2024-05-24 12:00:00,11898.058,28.181,3534.908,913.509,12412.065,913.943,0.187,10,0.2780000000002474
29574,2024-05-24 13:00:00,11898.513,28.181,3535.121,913.509,12412.561,913.943,0.4,10,0.4549999999999272
29574,2024-05-24 14:00:00,11898.844,28.181,3535.283,913.509,12412.925,913.943,0.248,10,0.330999999998312
29574,2024-05-24 15:00:00,11899.215,28.181,3535.423,913.512,12413.32,913.946,0.279,10,0.3710000000010041
29574,2024-05-24 16:00:00,11899.515,28.181,3535.553,913.519,12413.645,913.953,0.201,10,0.2999999999992724
29574,2024-05-24 17:00:00,11899.786,28.181,3535.663,913.522,12413.936,913.956,0.172,10,0.2710000000006403
29574,2024-05-24 18:00:00,11900.206,28.181,3535.743,913.528,12414.361,913.962,0.326,10,0.4200000000000727
29574,2024-05-24 19:00:00,11900.568,28.181,3535.807,913.542,12414.727,913.976,0.241,10,0.3619999999991705
29574,2024-05-24 20:00:00,11901.022,28.181,3535.922,913.551,12415.195,913.985,0.295,10,0.4540000000015425
29574,2024-05-24 21:00:00,11901.389,28.181,3536.044,913.56,12415.581,913.994,0.295,10,0.3669999999983702
29574,2024-05-24 22:00:00,11901.784,28.181,3536.167,913.567,12415.995,914.001,0.291,10,0.3950000000004365
29574,2024-05-24 23:00:00,11902.158,28.181,3536.298,913.568,12416.391,914.002,0.255,10,0.3739999999997963
29574,2024-05-25 03:00:00,11903.204,28.181,3536.68,913.584,12417.502,914.018,0.146,10,0.2440000000005966
29574,2024-05-25 04:00:00,11903.447,28.181,3536.779,913.586,12417.763,914.02,0.147,10,0.2430000000003929
29574,2024-05-25 05:00:00,11903.681,28.181,3536.867,913.59,12418.013,914.024,0.144,10,0.2340000000003783
29574,2024-05-25 06:00:00,11903.984,28.181,3536.941,913.6,12418.324,914.034,0.248,10,0.3029999999998836
29574,2024-05-25 07:00:00,11904.276,28.181,3537.023,913.603,12418.627,914.037,0.18,10,0.2919999999994616
29574,2024-05-25 08:00:00,11904.596,28.181,3537.115,913.604,12418.96,914.038,0.189,10,0.3199999999997089
29574,2024-05-25 09:00:00,11904.858,28.181,3537.201,913.647,12419.236,914.081,0.126,10,0.2620000000006257
29574,2024-05-25 10:00:00,11905.179,28.181,3537.27,913.656,12419.563,914.09,0.109,10,0.3209999999999127
29574,2024-05-25 11:00:00,11905.79,28.181,3537.376,913.659,12420.179,914.093,0.463,10,0.6110000000007858
29574,2024-05-25 12:00:00,11906.148,28.181,3537.54,913.659,12420.569,914.093,0.204,10,0.3579999999983556
29574,2024-05-25 13:00:00,11906.475,28.181,3537.692,913.659,12420.926,914.093,0.189,10,0.327000000001135
29574,2024-05-25 14:00:00,11906.993,28.181,3537.783,913.664,12421.448,914.098,0.366,10,0.5180000000000291
29574,2024-05-25 15:00:00,11907.414,28.181,3537.903,913.678,12421.886,914.112,0.271,10,0.4210000000002765
29574,2024-05-25 16:00:00,11907.768,28.181,3538.015,913.681,12422.257,914.115,0.203,10,0.3539999999993597
29574,2024-05-25 17:00:00,11907.987,28.181,3538.144,913.717,12422.504,914.151,0.195,10,0.2189999999991414
29574,2024-05-25 18:00:00,11908.178,28.181,3538.231,913.733,12422.712,914.167,0.141,10,0.191000000000713
29574,2024-05-25 19:00:00,11908.517,28.181,3538.295,913.771,12423.055,914.205,0.219,10,0.3389999999999418
29574,2024-05-25 20:00:00,11909.006,28.181,3538.338,913.816,12423.536,914.25,0.358,10,0.488999999999578
29574,2024-05-25 21:00:00,11909.43,28.181,3538.444,913.829,12423.973,914.263,0.34,10,0.4240000000008876
29574,2024-05-25 22:00:00,11909.855,28.181,3538.538,913.837,12424.407,914.271,0.337,10,0.4249999999992724
29574,2024-05-25 23:00:00,11910.199,28.181,3538.636,913.846,12424.764,914.28,0.232,10,0.3440000000009604
29574,2024-05-26 02:00:00,11911.094,28.181,3538.877,913.872,12425.691,914.306,0.196,10,0.293999999999869
29574,2024-05-26 03:00:00,11911.381,28.181,3538.96,913.878,12425.99,914.312,0.19,10,0.2870000000002619
29574,2024-05-26 04:00:00,11911.666,28.181,3539.049,913.885,12426.288,914.319,0.191,10,0.2849999999998545
29574,2024-05-26 05:00:00,11911.947,28.181,3539.136,913.889,12426.582,914.323,0.187,10,0.2810000000008585
29574,2024-05-26 06:00:00,11912.238,28.181,3539.234,913.897,12426.889,914.331,0.217,10,0.2909999999992578
29574,2024-05-26 07:00:00,11912.564,28.181,3539.316,913.912,12427.225,914.346,0.143,10,0.3260000000009313
29574,2024-05-26 08:00:00,11912.899,28.181,3539.423,913.919,12427.577,914.353,0.206,10,0.3349999999991269
29574,2024-05-26 09:00:00,11913.488,28.181,3539.636,913.92,12428.202,914.354,0.449,10,0.5889999999999418
29574,2024-05-26 10:00:00,11913.836,28.181,3539.709,913.921,12428.556,914.355,0.205,10,0.3479999999999563
29574,2024-05-26 11:00:00,11914.169,28.181,3539.789,913.927,12428.898,914.361,0.249,10,0.3330000000005384
29574,2024-05-26 12:00:00,11914.447,28.181,3539.887,913.934,12429.193,914.368,0.275,10,0.2780000000002474
29574,2024-05-26 13:00:00,11914.673,28.181,3539.969,913.949,12429.433,914.383,0.155,10,0.2260000000005675
29574,2024-05-26 20:00:00,11917.405,28.181,3540.712,914.026,12432.263,914.46,0.373,10,0.4470000000001164
29574,2024-05-26 21:00:00,11917.767,28.181,3540.81,914.03,12432.638,914.464,0.251,10,0.3619999999991705
29574,2024-05-26 22:00:00,11918.139,28.181,3540.945,914.039,12433.033,914.473,0.262,10,0.3719999999993888
29574,2024-05-27 01:00:00,11919.083,28.181,3541.192,914.088,12434.009,914.522,0.265,10,0.3080000000009022
29574,2024-05-27 02:00:00,11919.347,28.181,3541.317,914.1,12434.297,914.534,0.233,10,0.2639999999992142
29574,2024-05-27 03:00:00,11919.571,28.181,3541.397,914.119,12434.535,914.553,0.19,10,0.22400000000016
29574,2024-05-27 04:00:00,11919.789,28.181,3541.469,914.139,12434.764,914.573,0.181,10,0.2180000000007567
29574,2024-05-27 05:00:00,11920.057,28.181,3541.565,914.148,12435.048,914.582,0.175,10,0.2680000000000291
29574,2024-05-27 06:00:00,11920.424,28.181,3541.652,914.157,12435.425,914.591,0.296,10,0.3670000000001892
29574,2024-05-27 07:00:00,11920.739,28.181,3541.764,914.175,12435.759,914.609,0.168,10,0.3149999999986903
29574,2024-05-27 08:00:00,11921.038,28.181,3541.867,914.189,12436.075,914.623,0.153,10,0.2990000000008876
29574,2024-05-27 09:00:00,11921.35,28.181,3541.95,914.197,12436.398,914.631,0.158,10,0.3119999999998981
29574,2024-05-27 10:00:00,11921.571,28.185,3542.039,914.266,12436.635,914.7,0.121,10,0.2209999999995489
29574,2024-05-27 11:00:00,11921.814,28.185,3542.131,914.27,12436.894,914.704,0.132,10,0.2430000000003929
29574,2024-05-27 12:00:00,11922.046,28.185,3542.239,914.277,12437.147,914.711,0.126,10,0.2319999999999709
29574,2024-05-27 13:00:00,11922.278,28.185,3542.342,914.284,12437.399,914.718,0.121,10,0.2319999999999709
29574,2024-05-27 14:00:00,11922.592,28.185,3542.44,914.293,12437.728,914.727,0.214,10,0.3140000000003056
29574,2024-05-27 15:00:00,11923.214,28.185,3542.619,914.293,12438.375,914.727,0.514,10,0.6219999999993888
29574,2024-05-27 16:00:00,11923.791,28.185,3542.856,914.295,12438.995,914.729,0.493,10,0.5769999999993161
29574,2024-05-27 17:00:00,11924.191,28.185,3542.953,914.304,12439.407,914.738,0.283,10,0.4000000000014552
29574,2024-05-27 18:00:00,11924.558,28.185,3543.045,914.31,12439.785,914.744,0.257,10,0.3670000000001892
29574,2024-05-27 19:00:00,11924.955,28.185,3543.126,914.318,12440.188,914.752,0.268,10,0.396999999999025
29574,2024-05-27 20:00:00,11925.431,28.185,3543.232,914.326,12440.675,914.76,0.35,10,0.4760000000005675
29574,2024-05-27 21:00:00,11925.881,28.185,3543.366,914.33,12441.144,914.764,0.333,10,0.4499999999989086
29574,2024-05-27 22:00:00,11926.24,28.185,3543.467,914.34,12441.517,914.774,0.217,10,0.3590000000003783
29574,2024-05-27 23:00:00,11926.563,28.185,3543.567,914.342,12441.855,914.776,0.19,10,0.3230000000003201
29574,2024-05-28 00:00:00,11926.874,28.185,3543.661,914.345,12442.18,914.779,0.191,10,0.3109999999996944
29574,2024-05-28 01:00:00,11927.172,28.185,3543.76,914.347,12442.494,914.781,0.19,10,0.2980000000006839
29574,2024-05-28 02:00:00,11927.467,28.185,3543.862,914.348,12442.806,914.782,0.19,10,0.2950000000000727
29574,2024-05-28 03:00:00,11927.752,28.185,3543.961,914.35,12443.107,914.784,0.186,10,0.2849999999998545
29574,2024-05-28 04:00:00,11928.031,28.185,3544.049,914.354,12443.4,914.788,0.176,10,0.2790000000004511
29574,2024-05-28 05:00:00,11928.309,28.185,3544.138,914.358,12443.691,914.792,0.175,10,0.2779999999984284
29574,2024-05-28 06:00:00,11928.691,28.185,3544.23,914.364,12444.084,914.798,0.306,10,0.3820000000014261
29574,2024-05-28 07:00:00,11928.957,28.185,3544.307,914.367,12444.361,914.801,0.17,10,0.2659999999996216
29574,2024-05-28 08:00:00,11929.243,28.186,3544.392,914.453,12444.659,914.887,0.174,10,0.2860000000000582
29574,2024-05-28 09:00:00,11929.545,28.186,3544.478,914.458,12444.973,914.892,0.132,10,0.3019999999996798
29574,2024-05-28 10:00:00,11929.797,28.186,3544.568,914.467,12445.24,914.901,0.126,10,0.2520000000004074
29574,2024-05-28 11:00:00,11931.141,28.186,3544.664,914.471,12446.556,914.905,1.282,10,1.3439999999991414
29574,2024-05-28 12:00:00,11932.399,28.186,3544.76,914.475,12447.789,914.909,1.207,10,1.2579999999998108
29574,2024-05-28 13:00:00,11932.707,28.186,3544.858,914.482,12448.112,914.916,0.201,10,0.3080000000009022
29574,2024-05-28 14:00:00,11932.97,28.186,3545.047,914.485,12448.418,914.919,0.193,10,0.2629999999990104
29574,2024-05-28 15:00:00,11933.238,28.186,3545.174,914.496,12448.711,914.93,0.144,10,0.2680000000000291
29574,2024-05-28 16:00:00,11933.464,28.198,3545.294,914.511,12448.962,914.945,0.138,10,0.2260000000005675
29574,2024-05-28 17:00:00,11933.703,28.198,3545.411,914.532,12449.225,914.966,0.126,10,0.238999999999578
29574,2024-05-28 18:00:00,11934.003,28.198,3545.514,914.556,12449.542,914.99,0.117,10,0.3000000000010914
29574,2024-05-28 19:00:00,11934.345,28.198,3545.597,914.561,12449.893,914.995,0.177,10,0.341999999998734
29574,2024-05-28 20:00:00,11935.043,28.198,3545.733,914.576,12450.601,915.01,0.552,10,0.6980000000003201
29574,2024-05-28 21:00:00,11935.505,28.198,3545.849,914.583,12451.077,915.017,0.35,10,0.4619999999995343
29574,2024-05-28 22:00:00,11936.02,28.198,3546.033,914.584,12451.623,915.018,0.403,10,0.5150000000012369
29574,2024-05-28 23:00:00,11936.48,28.198,3546.179,914.591,12452.105,915.025,0.348,10,0.4599999999991269
29574,2024-05-29 00:00:00,11936.923,28.198,3546.291,914.595,12452.562,915.029,0.364,10,0.4430000000011205
29574,2024-05-29 01:00:00,11937.282,28.198,3546.375,914.608,12452.93,915.042,0.286,10,0.3589999999985593
29574,2024-05-29 06:00:00,11938.939,28.198,3546.792,914.66,12454.637,915.094,0.21,10,0.2730000000010477
29574,2024-05-29 07:00:00,11939.2,28.198,3546.865,914.673,12454.908,915.107,0.172,10,0.261000000000422
29574,2024-05-29 08:00:00,11939.651,28.198,3547.03,914.69,12455.387,915.124,0.409,10,0.4509999999991123
29574,2024-05-29 09:00:00,11940.271,28.198,3547.258,914.69,12456.047,915.124,0.619,10,0.6200000000008004
29574,2024-05-29 10:00:00,11940.442,28.198,3547.345,914.695,12456.235,915.129,0.169,10,0.1709999999984575
29574,2024-05-29 11:00:00,11941.175,28.198,3547.417,914.699,12456.959,915.133,0.733,10,0.7330000000001746
29574,2024-05-29 12:00:00,11941.313,28.198,3547.53,914.701,12457.123,915.135,0.138,10,0.1380000000008294
29574,2024-05-29 13:00:00,11941.428,28.198,3547.624,914.703,12457.26,915.137,0.114,10,0.1149999999997817
29574,2024-05-29 14:00:00,11941.536,28.198,3547.701,914.706,12457.385,915.14,0.107,10,0.1080000000001746
29574,2024-05-29 15:00:00,11941.701,28.198,3547.767,914.714,12457.562,915.148,0.165,10,0.1649999999990541
29574,2024-05-29 16:00:00,11941.903,28.198,3547.844,914.722,12457.778,915.156,0.201,10,0.202000000001135
29574,2024-05-29 17:00:00,11942.081,28.198,3547.925,914.732,12457.972,915.166,0.176,10,0.1779999999998835
29574,2024-05-29 18:00:00,11942.232,28.198,3547.988,914.743,12458.134,915.177,0.151,10,0.1509999999998399
29574,2024-05-29 19:00:00,11942.431,28.198,3548.056,914.758,12458.344,915.192,0.198,10,0.1990000000005238
29574,2024-05-29 20:00:00,11942.681,28.198,3548.123,914.77,12458.603,915.204,0.249,10,0.25
29574,2024-05-29 21:00:00,11943.044,28.198,3548.23,914.779,12458.982,915.213,0.363,10,0.3629999999993742
29574,2024-05-29 22:00:00,11943.391,28.198,3548.348,914.792,12459.348,915.226,0.346,10,0.3469999999997526
29574,2024-05-29 23:00:00,11943.729,28.198,3548.425,914.806,12459.694,915.24,0.338,10,0.337999999999738
29574,2024-05-30 00:00:00,11943.995,28.198,3548.526,914.815,12459.978,915.249,0.265,10,0.2660000000014406
29574,2024-05-30 01:00:00,11944.238,28.198,3548.613,914.828,12460.235,915.262,0.242,10,0.2429999999985739
29574,2024-05-30 02:00:00,11944.475,28.198,3548.692,914.842,12460.485,915.276,0.236,10,0.2370000000009895
29574,2024-05-30 03:00:00,11944.714,28.198,3548.775,914.855,12460.738,915.289,0.238,10,0.238999999999578
29574,2024-05-30 04:00:00,11944.953,28.198,3548.859,914.869,12460.991,915.303,0.239,10,0.238999999999578
29574,2024-05-30 05:00:00,11945.189,28.198,3548.939,914.883,12461.24,915.317,0.235,10,0.2360000000007858
29574,2024-05-30 06:00:00,11945.437,28.198,3549.001,914.897,12461.495,915.331,0.248,10,0.2479999999995925
29574,2024-05-30 07:00:00,11945.675,28.198,3549.069,914.904,12461.743,915.338,0.238,10,0.2379999999993742
29574,2024-05-30 08:00:00,11945.898,28.198,3549.139,914.915,12461.976,915.349,0.222,10,0.2229999999999563
29574,2024-05-30 09:00:00,11946.073,28.198,3549.215,914.923,12462.166,915.357,0.175,10,0.1750000000010914
29574,2024-05-30 10:00:00,11946.32,28.198,3549.306,914.925,12462.428,915.359,0.246,10,0.2469999999993888
29574,2024-05-30 11:00:00,11946.539,28.198,3549.394,914.93,12462.663,915.364,0.218,10,0.2190000000009604
29574,2024-05-30 12:00:00,11946.888,28.198,3549.497,914.932,12463.027,915.366,0.349,10,0.34900000000016
29574,2024-05-30 13:00:00,11947.282,28.198,3549.587,914.934,12463.431,915.368,0.392,10,0.3939999999984138
29574,2024-05-30 14:00:00,11947.502,28.198,3549.72,914.935,12463.679,915.369,0.22,10,0.2200000000011641
29574,2024-05-30 15:00:00,11947.797,28.198,3549.878,914.935,12464.007,915.369,0.295,10,0.2950000000000727
29574,2024-05-30 16:00:00,11948.047,28.198,3549.981,914.937,12464.276,915.371,0.25,10,0.25
29574,2024-05-30 17:00:00,11948.239,28.198,3550.138,914.939,12464.505,915.373,0.191,10,0.1919999999990977
29574,2024-05-30 18:00:00,11948.404,28.198,3550.279,914.941,12464.703,915.375,0.165,10,0.1650000000008731
29574,2024-05-30 19:00:00,11948.617,28.198,3550.368,914.947,12464.933,915.381,0.212,10,0.212999999999738
29574,2024-05-30 20:00:00,11949.139,28.198,3550.475,914.959,12465.464,915.393,0.521,10,0.521999999999025
29574,2024-05-30 21:00:00,11949.623,28.198,3550.609,914.966,12465.966,915.4,0.484,10,0.4840000000003783
29574,2024-05-30 22:00:00,11949.962,28.198,3550.739,914.971,12466.328,915.405,0.338,10,0.3389999999999418
29574,2024-05-30 23:00:00,11950.281,28.198,3550.881,914.977,12466.674,915.411,0.318,10,0.3190000000013242
29574,2024-05-31 03:00:00,11951.313,28.198,3551.283,915.012,12467.778,915.446,0.244,10,0.2440000000005966
29574,2024-05-31 04:00:00,11951.55,28.198,3551.371,915.024,12468.03,915.458,0.237,10,0.2369999999991705
29574,2024-05-31 05:00:00,11951.846,28.198,3551.459,915.038,12468.339,915.472,0.295,10,0.2960000000002765
29574,2024-05-31 06:00:00,11952.091,28.198,3551.559,915.046,12468.602,915.48,0.245,10,0.2450000000008003
29574,2024-05-31 07:00:00,11952.313,28.198,3551.645,915.054,12468.839,915.488,0.221,10,0.2219999999997526
29574,2024-05-31 08:00:00,11952.603,28.198,3551.725,915.061,12469.14,915.495,0.29,10,0.2899999999990541
29574,2024-05-31 09:00:00,11952.832,28.198,3551.81,915.069,12469.384,915.503,0.228,10,0.2290000000011787
29574,2024-05-31 10:00:00,11953.136,28.198,3551.904,915.07,12469.702,915.504,0.304,10,0.3040000000000873
29574,2024-05-31 11:00:00,11953.403,28.198,3552.026,915.071,12469.993,915.505,0.266,10,0.2669999999998254
29574,2024-05-31 12:00:00,11953.578,28.198,3552.128,915.073,12470.19,915.507,0.175,10,0.1749999999992724
29574,2024-05-31 13:00:00,11954.177,28.198,3552.324,915.074,12470.82,915.508,0.599,10,0.5990000000001601
29574,2024-05-31 14:00:00,11954.501,28.198,3552.486,915.075,12471.176,915.509,0.324,10,0.3240000000005238
29574,2024-05-31 15:00:00,11954.654,28.198,3552.595,915.078,12471.354,915.512,0.152,10,0.1530000000002473
29574,2024-05-31 16:00:00,11954.833,28.198,3552.695,915.08,12471.554,915.514,0.179,10,0.1790000000000873
29574,2024-05-31 17:00:00,11954.984,28.198,3552.791,915.084,12471.726,915.518,0.151,10,0.1509999999998399
29574,2024-05-31 18:00:00,11955.13,28.198,3552.886,915.09,12471.893,915.524,0.145,10,0.1459999999988213
29574,2024-05-31 19:00:00,11955.337,28.198,3552.965,915.106,12472.114,915.54,0.207,10,0.2070000000003347
29574,2024-05-31 20:00:00,11955.595,28.198,3553.036,915.125,12472.382,915.559,0.257,10,0.2579999999998108
29574,2024-05-31 21:00:00,11955.988,28.198,3553.122,915.139,12472.783,915.573,0.392,10,0.3930000000000291
29574,2024-05-31 22:00:00,11956.228,28.198,3553.122,915.178,12473.013,915.612,0.239,10,0.2399999999997817
29574,2024-05-31 23:00:00,11956.425,28.198,3553.122,915.205,12473.202,915.639,0.196,10,0.1970000000001164
29574,2024-06-01 00:00:00,11956.601,28.198,3553.122,915.234,12473.37,915.668,0.175,10,0.1760000000012951
29574,2024-06-01 01:00:00,11956.77,28.198,3553.122,915.262,12473.532,915.696,0.168,10,0.168999999999869
29574,2024-06-01 02:00:00,11956.926,28.198,3553.122,915.293,12473.682,915.727,0.156,10,0.1559999999990395
29574,2024-06-01 03:00:00,11957.05,28.198,3553.122,915.325,12473.801,915.759,0.123,10,0.1239999999997962
29574,2024-06-01 04:00:00,11957.173,28.198,3553.122,915.357,12473.919,915.791,0.123,10,0.1230000000014115
29574,2024-06-01 05:00:00,11957.3,28.198,3553.122,915.388,12474.041,915.822,0.127,10,0.1269999999985884
29574,2024-06-01 06:00:00,11957.422,28.198,3553.122,915.417,12474.157,915.851,0.121,10,0.1220000000012078
29574,2024-06-01 07:00:00,11957.533,28.198,3553.122,915.444,12474.264,915.878,0.111,10,0.1109999999989668
29574,2024-06-01 08:00:00,11957.795,28.198,3553.124,915.459,12474.516,915.893,0.262,10,0.2620000000006257
29574,2024-06-01 09:00:00,11957.971,28.198,3553.214,915.465,12474.71,915.899,0.175,10,0.1759999999994761
29574,2024-06-01 10:00:00,11958.197,28.198,3553.409,915.465,12474.982,915.899,0.226,10,0.2260000000005675
29574,2024-06-01 11:00:00,11958.393,28.198,3553.536,915.468,12475.206,915.902,0.195,10,0.1959999999999127
29574,2024-06-01 12:00:00,11958.737,28.198,3553.709,915.469,12475.585,915.903,0.342,10,0.3439999999991414
29574,2024-06-01 13:00:00,11959.072,28.198,3553.841,915.471,12475.944,915.905,0.335,10,0.3350000000009459
29574,2024-06-01 14:00:00,11959.438,28.198,3553.978,915.476,12476.334,915.91,0.366,10,0.3659999999999854
29574,2024-06-01 15:00:00,11959.666,28.198,3554.083,915.483,12476.582,915.917,0.227,10,0.227999999999156
29574,2024-06-01 16:00:00,11959.887,28.198,3554.186,915.487,12476.823,915.921,0.221,10,0.2210000000013678
29574,2024-06-01 17:00:00,11960.24,28.198,3554.267,915.494,12477.185,915.928,0.228,10,0.352999999999156
29574,2024-06-01 18:00:00,11961.124,28.198,3554.369,915.501,12478.061,915.935,0.827,10,0.8840000000000146
29574,2024-06-03 00:00:00,11973.057,28.201,3557.709,915.826,12490.451,916.26,0.278,10,8.863000000001193
29574,2024-06-03 01:00:00,11973.449,28.201,3557.816,915.833,12490.858,916.267,0.26,10,0.3919999999998254
29574,2024-06-03 02:00:00,11973.801,28.201,3557.886,915.843,12491.215,916.277,0.23,10,0.3519999999989522
29574,2024-06-03 03:00:00,11974.098,28.201,3557.886,915.862,12491.5,916.296,0.175,10,0.2970000000004802
29574,2024-06-03 04:00:00,11974.39,28.201,3557.886,915.882,12491.78,916.316,0.169,10,0.2919999999994616
29574,2024-06-03 05:00:00,11974.674,28.201,3557.886,915.899,12492.052,916.333,0.169,10,0.2840000000014697
29574,2024-06-03 06:00:00,11974.909,28.201,3557.886,915.948,12492.277,916.382,0.163,10,0.2349999999987631
29574,2024-06-03 07:00:00,11975.119,28.201,3557.908,916.016,12492.485,916.45,0.169,10,0.2100000000009458
29574,2024-06-03 08:00:00,11975.389,28.201,3558.021,916.022,12492.776,916.456,0.221,10,0.2699999999986175
29574,2024-06-03 09:00:00,11975.662,28.201,3558.113,916.035,12493.064,916.468,0.184,10,0.2730000000010477
29574,2024-06-03 10:00:00,11975.985,28.201,3558.188,916.063,12493.394,916.496,0.276,10,0.3230000000003201
29574,2024-06-03 11:00:00,11976.202,28.201,3558.246,916.089,12493.619,916.522,0.163,10,0.2169999999987339
29574,2024-06-03 12:00:00,11976.516,28.201,3558.367,916.106,12493.954,916.539,0.295,10,0.3140000000003056
29574,2024-06-03 13:00:00,11976.721,28.201,3558.441,916.123,12494.172,916.556,0.186,10,0.2049999999999272
29574,2024-06-03 14:00:00,11977.209,28.201,3558.523,916.137,12494.663,916.57,0.438,10,0.4880000000011932
29574,2024-06-03 15:00:00,11977.473,28.201,3558.58,916.143,12494.933,916.576,0.187,10,0.2639999999992142
29574,2024-06-03 16:00:00,11978.493,28.201,3558.589,916.15,12495.913,916.583,0.989,10,1.0200000000004366
29574,2024-06-03 17:00:00,11978.73,28.201,3558.599,916.169,12496.143,916.602,0.156,10,0.2369999999991705
29574,2024-06-03 18:00:00,11978.942,28.201,3558.61,916.179,12496.349,916.612,0.109,10,0.2119999999995343
29574,2024-06-03 19:00:00,11979.237,28.201,3558.617,916.191,12496.634,916.624,0.175,10,0.2950000000000727
29574,2024-06-03 20:00:00,11979.731,28.201,3558.715,916.199,12497.135,916.632,0.404,10,0.4940000000005966
29574,2024-06-03 21:00:00,11980.52,28.201,3558.765,916.218,12497.906,916.651,0.704,10,0.7890000000006694
29574,2024-06-03 22:00:00,11981.136,28.201,3558.957,916.218,12498.551,916.651,0.524,10,0.6159999999999854
29574,2024-06-03 23:00:00,11981.588,28.201,3559.146,916.22,12499.038,916.653,0.355,10,0.451999999999316
29574,2024-06-04 00:00:00,11982.044,28.201,3559.281,916.226,12499.514,916.659,0.324,10,0.4560000000001309
29574,2024-06-04 01:00:00,11982.46,28.201,3559.391,916.232,12499.944,916.665,0.294,10,0.4159999999992578
29574,2024-06-04 02:00:00,11982.833,28.201,3559.471,916.255,12500.324,916.688,0.288,10,0.3730000000014115
29574,2024-06-04 03:00:00,11983.195,28.201,3559.54,916.284,12500.691,916.717,0.279,10,0.3619999999991705
29574,2024-06-04 04:00:00,11983.534,28.201,3559.612,916.312,12501.036,916.745,0.254,10,0.3389999999999418
29574,2024-06-04 05:00:00,11983.864,28.201,3559.678,916.34,12501.372,916.773,0.247,10,0.3299999999999272
29574,2024-06-04 06:00:00,11984.159,28.201,3559.756,916.343,12501.677,916.776,0.231,10,0.2950000000000727
29574,2024-06-04 07:00:00,11984.541,28.201,3559.826,916.353,12502.063,916.786,0.301,10,0.3819999999996071
29574,2024-06-04 08:00:00,11984.824,28.201,3559.934,916.362,12502.365,916.795,0.167,10,0.283000000001266
29574,2024-06-04 09:00:00,11985.069,28.201,3560.046,916.366,12502.631,916.799,0.134,10,0.2449999999989813
29574,2024-06-04 10:00:00,11985.324,28.201,3560.096,916.373,12502.89,916.806,0.166,10,0.2550000000010186
29574,2024-06-04 11:00:00,11985.832,28.201,3560.236,916.378,12503.417,916.811,0.447,10,0.5079999999998108
29574,2024-06-04 12:00:00,11986.073,28.201,3560.368,916.386,12503.686,916.819,0.141,10,0.2409999999999854
29574,2024-06-04 13:00:00,11986.285,28.201,3560.481,916.395,12503.921,916.828,0.142,10,0.2119999999995343
29574,2024-06-04 14:00:00,11986.789,28.201,3560.583,916.398,12504.433,916.831,0.451,10,0.5040000000008149
29574,2024-06-04 15:00:00,11987.0,28.201,3560.716,916.405,12504.673,916.838,0.136,10,0.2109999999993306
29574,2024-06-04 16:00:00,11987.213,28.201,3560.81,916.408,12504.904,916.841,0.128,10,0.212999999999738
29574,2024-06-04 17:00:00,11987.458,28.201,3560.93,916.413,12505.173,916.846,0.177,10,0.2450000000008003
29574,2024-06-04 18:00:00,11987.735,28.201,3561.049,916.423,12505.473,916.856,0.2,10,0.2770000000000436
29574,2024-06-04 19:00:00,11988.205,28.201,3561.19,916.427,12505.963,916.86,0.352,10,0.4699999999993451
29574,2024-06-04 20:00:00,11988.753,28.201,3561.376,916.431,12506.542,916.864,0.449,10,0.5480000000006839
29574,2024-06-04 21:00:00,11989.147,28.201,3561.46,916.442,12506.943,916.875,0.275,10,0.3940000000002328
29574,2024-06-04 22:00:00,11989.597,28.201,3561.549,916.448,12507.4,916.881,0.353,10,0.4499999999989086
29574,2024-06-04 23:00:00,11989.916,28.201,3561.654,916.453,12507.736,916.886,0.213,10,0.3189999999995052
29574,2024-06-05 00:00:00,11990.299,28.201,3561.751,916.458,12508.13,916.891,0.292,10,0.3830000000016298
29574,2024-06-05 01:00:00,11990.573,28.201,3561.845,916.459,12508.42,916.892,0.177,10,0.2739999999994325
29574,2024-06-05 02:00:00,11990.816,28.201,3561.936,916.46,12508.679,916.893,0.146,10,0.2430000000003929
29574,2024-06-05 03:00:00,11991.091,28.201,3561.998,916.465,12508.96,916.898,0.187,10,0.2749999999996362
29574,2024-06-05 04:00:00,11991.351,28.201,3562.133,916.465,12509.248,916.898,0.177,10,0.2600000000002183
29574,2024-06-05 05:00:00,11991.573,28.201,3562.225,916.467,12509.487,916.9,0.148,10,0.2219999999997526
29574,2024-06-05 06:00:00,11991.789,28.201,3562.307,916.473,12509.717,916.906,0.136,10,0.2160000000003492
29574,2024-06-05 07:00:00,11992.093,28.201,3562.401,916.477,12510.035,916.91,0.127,10,0.3040000000000873
29574,2024-06-05 08:00:00,11992.405,28.201,3562.481,916.479,12510.357,916.912,0.124,10,0.3119999999998981
29574,2024-06-05 09:00:00,11992.693,28.202,3562.543,916.51,12510.651,916.943,0.136,10,0.2879999999986466
29574,2024-06-05 10:00:00,11993.164,28.202,3562.62,916.532,12511.124,916.965,0.337,10,0.4710000000013679
29574,2024-06-05 11:00:00,11993.562,28.205,3562.713,916.541,12511.532,916.974,0.297,10,0.3979999999992287
29574,2024-06-05 12:00:00,11993.95,28.205,3562.81,916.543,12511.932,916.976,0.312,10,0.3880000000008294
29574,2024-06-05 13:00:00,11994.177,28.205,3562.908,916.545,12512.177,916.978,0.162,10,0.2269999999989522
29574,2024-06-05 14:00:00,11994.557,28.205,3563.015,916.553,12512.572,916.986,0.291,10,0.3800000000010186
29574,2024-06-05 15:00:00,11994.847,28.205,3563.131,916.558,12512.883,916.991,0.2,10,0.2899999999990541
29574,2024-06-05 16:00:00,11995.257,28.205,3563.245,916.56,12513.309,916.993,0.341,10,0.4099999999998545
29574,2024-06-05 17:00:00,11995.548,28.205,3563.338,916.563,12513.614,916.996,0.18,10,0.2910000000010768
29574,2024-06-05 18:00:00,11995.887,28.205,3563.419,916.59,12513.962,917.023,0.193,10,0.3389999999999418
29574,2024-06-05 19:00:00,11996.363,28.205,3563.561,916.598,12514.459,917.031,0.344,10,0.4759999999987485
29574,2024-06-05 20:00:00,11996.707,28.205,3563.602,916.714,12514.8,917.147,0.229,10,0.3440000000009604
29574,2024-06-05 21:00:00,11997.286,28.205,3563.666,916.738,12515.374,917.171,0.377,10,0.5789999999997235
29574,2024-06-05 22:00:00,11997.812,28.205,3563.739,916.759,12515.899,917.192,0.34,10,0.5259999999998399
29574,2024-06-05 23:00:00,11998.292,28.205,3563.801,916.797,12516.376,917.23,0.291,10,0.4799999999995634
29574,2024-06-06 00:00:00,11998.74,28.205,3563.838,916.86,12516.816,917.293,0.271,10,0.4480000000003201
29574,2024-06-06 01:00:00,11999.178,28.205,3563.87,916.925,12517.245,917.358,0.261,10,0.4380000000001018
29574,2024-06-06 02:00:00,11999.53,28.205,3563.935,916.952,12517.601,917.385,0.209,10,0.3520000000007712
29574,2024-06-06 07:00:00,12000.888,28.205,3564.167,917.229,12518.969,917.662,0.167,10,0.2870000000002619
29574,2024-06-06 08:00:00,12001.15,28.205,3564.2,917.303,12519.23,917.736,0.133,10,0.2619999999988067
29574,2024-06-06 09:00:00,12001.452,28.205,3564.274,917.34,12519.54,917.773,0.157,10,0.3019999999996798
29574,2024-06-06 10:00:00,12001.7,28.205,3564.318,917.379,12519.79,917.812,0.138,10,0.2480000000014115
29574,2024-06-06 11:00:00,12001.968,28.205,3564.401,917.386,12520.071,917.819,0.147,10,0.2680000000000291
29574,2024-06-06 12:00:00,12002.307,28.205,3564.535,917.389,12520.434,917.822,0.233,10,0.3389999999999418
29574,2024-06-06 13:00:00,12002.579,28.205,3564.655,917.391,12520.729,917.824,0.174,10,0.271999999999025
29574,2024-06-06 14:00:00,12002.879,28.205,3564.783,917.401,12521.053,917.834,0.175,10,0.3000000000010914
29574,2024-06-06 17:00:00,12003.556,28.205,3564.999,917.406,12521.764,917.839,0.172,10,0.2870000000002619
29574,2024-06-06 18:00:00,12003.746,28.213,3565.111,917.464,12521.978,917.897,0.141,10,0.1899999999986903
29574,2024-06-06 19:00:00,12004.047,28.213,3565.206,917.47,12522.293,917.903,0.273,10,0.3010000000012951
29574,2024-06-07 02:00:00,12006.813,28.213,3565.943,917.527,12525.155,917.96,0.28,10,0.3629999999993742
29574,2024-06-07 03:00:00,12007.167,28.213,3566.03,917.534,12525.519,917.967,0.269,10,0.3539999999993597
29574,2024-06-07 04:00:00,12007.502,28.213,3566.113,917.543,12525.863,917.976,0.255,10,0.3350000000009459
29574,2024-06-07 05:00:00,12007.812,28.213,3566.192,917.555,12526.183,917.988,0.236,10,0.3099999999994907
29574,2024-06-07 06:00:00,12008.035,28.213,3566.306,917.566,12526.429,917.999,0.189,10,0.2229999999999563
29574,2024-06-07 07:00:00,12008.269,28.213,3566.363,917.574,12526.67,918.007,0.171,10,0.2340000000003783
29574,2024-06-07 08:00:00,12008.705,28.213,3566.501,917.581,12527.127,918.014,0.311,10,0.4359999999996944
29574,2024-06-07 09:00:00,12009.026,28.213,3566.631,917.586,12527.472,918.019,0.209,10,0.3209999999999127
29574,2024-06-07 10:00:00,12009.513,28.213,3566.804,917.592,12527.988,918.025,0.404,10,0.4870000000009895
29574,2024-06-07 11:00:00,12009.768,28.213,3566.885,917.604,12528.255,918.037,0.163,10,0.2549999999991996
29574,2024-06-07 12:00:00,12010.086,28.213,3566.975,917.609,12528.586,918.042,0.233,10,0.3179999999993015
29574,2024-06-07 13:00:00,12010.441,28.213,3567.097,917.612,12528.961,918.045,0.204,10,0.3550000000013824
29574,2024-06-07 14:00:00,12010.657,28.213,3567.182,917.623,12529.192,918.056,0.115,10,0.2159999999985302
29574,2024-06-07 15:00:00,12010.841,28.213,3567.273,917.625,12529.394,918.058,0.118,10,0.1840000000011059
29574,2024-06-07 16:00:00,12011.064,28.213,3567.348,917.626,12529.63,918.059,0.136,10,0.2229999999999563
29574,2024-06-07 17:00:00,12011.342,28.213,3567.443,917.632,12529.923,918.065,0.171,10,0.2780000000002474
29574,2024-06-07 18:00:00,12011.632,28.213,3567.531,917.634,12530.226,918.067,0.179,10,0.2899999999990541
29574,2024-06-07 19:00:00,12011.935,28.213,3567.613,917.695,12530.54,918.128,0.203,10,0.3029999999998836
29574,2024-06-07 20:00:00,12012.551,28.213,3567.676,917.713,12531.148,918.146,0.46,10,0.6159999999999854
29574,2024-06-07 21:00:00,12013.088,28.213,3567.732,917.724,12531.679,918.157,0.405,10,0.5370000000002619
29574,2024-06-07 22:00:00,12013.555,28.213,3567.804,917.741,12532.147,918.174,0.348,10,0.467000000000553
29574,2024-06-07 23:00:00,12014.041,28.213,3567.903,917.744,12532.641,918.177,0.336,10,0.4859999999989668
29574,2024-06-08 03:00:00,12015.534,28.213,3568.324,917.757,12534.192,918.19,0.217,10,0.3469999999997526
29574,2024-06-08 04:00:00,12015.872,28.213,3568.425,917.758,12534.545,918.191,0.21,10,0.337999999999738
29574,2024-06-08 05:00:00,12016.195,28.213,3568.531,917.762,12534.885,918.195,0.209,10,0.3230000000003201
29574,2024-06-08 06:00:00,12016.489,28.213,3568.623,917.766,12535.193,918.199,0.196,10,0.293999999999869
29574,2024-06-08 07:00:00,12016.802,28.213,3568.721,917.77,12535.521,918.203,0.143,10,0.3130000000001018
29574,2024-06-08 08:00:00,12017.274,28.213,3568.802,917.775,12535.997,918.208,0.308,10,0.4719999999997526
29574,2024-06-08 09:00:00,12017.753,28.213,3568.925,917.783,12536.491,918.216,0.374,10,0.4790000000011787
29574,2024-06-08 10:00:00,12018.292,28.213,3569.047,917.788,12537.042,918.221,0.429,10,0.5389999999988504
29574,2024-06-08 11:00:00,12018.637,28.213,3569.163,917.792,12537.406,918.225,0.258,10,0.3450000000011641
29574,2024-06-08 12:00:00,12018.885,28.213,3569.272,917.8,12537.675,918.233,0.153,10,0.2479999999995925
29574,2024-06-08 13:00:00,12019.185,28.213,3569.451,917.808,12538.013,918.241,0.207,10,0.2999999999992724
29574,2024-06-08 14:00:00,12019.715,28.213,3569.694,917.811,12538.59,918.244,0.455,10,0.5300000000006548
29574,2024-06-08 15:00:00,12019.966,28.213,3569.845,917.829,12538.874,918.262,0.167,10,0.2510000000002037
29574,2024-06-08 16:00:00,12020.247,28.213,3569.946,917.86,12539.172,918.293,0.173,10,0.2809999999990396
29574,2024-06-08 17:00:00,12020.505,28.213,3570.075,917.867,12539.456,918.3,0.153,10,0.2579999999998108
29574,2024-06-08 18:00:00,12020.812,28.213,3570.156,917.872,12539.774,918.305,0.193,10,0.3070000000006985
29574,2024-06-08 19:00:00,12021.116,28.213,3570.302,917.881,12540.107,918.314,0.163,10,0.3040000000000873
29574,2024-06-08 20:00:00,12021.519,28.213,3570.389,917.886,12540.518,918.319,0.262,10,0.4030000000002474
29574,2024-06-08 21:00:00,12021.904,28.213,3570.481,917.913,12540.913,918.346,0.295,10,0.3850000000002183
29574,2024-06-08 22:00:00,12022.268,28.213,3570.56,917.962,12541.284,918.395,0.27,10,0.363999999999578
29574,2024-06-08 23:00:00,12022.811,28.213,3570.653,917.965,12541.831,918.398,0.454,10,0.5429999999996653
29574,2024-06-09 00:00:00,12023.181,28.213,3570.736,917.975,12542.21,918.408,0.282,10,0.3700000000008003
29574,2024-06-09 01:00:00,12023.543,28.213,3570.813,917.986,12542.579,918.419,0.273,10,0.3619999999991705
29574,2024-06-09 02:00:00,12023.856,28.213,3570.892,917.994,12542.901,918.427,0.217,10,0.3130000000001018
29574,2024-06-09 03:00:00,12024.159,28.213,3570.969,918.006,12543.214,918.439,0.209,10,0.3029999999998836
29574,2024-06-09 04:00:00,12024.489,28.213,3571.048,918.017,12543.552,918.45,0.244,10,0.3299999999999272
29574,2024-06-09 05:00:00,12024.814,28.213,3571.127,918.071,12543.886,918.504,0.259,10,0.3250000000007276
29574,2024-06-09 06:00:00,12025.071,28.213,3571.209,918.08,12544.156,918.513,0.197,10,0.2569999999996071
29574,2024-06-09 07:00:00,12025.353,28.213,3571.273,918.088,12544.445,918.521,0.174,10,0.2819999999992433
29574,2024-06-09 08:00:00,12025.662,28.213,3571.348,918.093,12544.762,918.526,0.182,10,0.3090000000011059
29574,2024-06-09 09:00:00,12025.981,28.213,3571.432,918.106,12545.092,918.539,0.149,10,0.3189999999995052
29574,2024-06-09 10:00:00,12026.395,28.213,3571.52,918.112,12545.514,918.545,0.276,10,0.4140000000006694
29574,2024-06-09 11:00:00,12026.884,28.213,3571.609,918.114,12546.008,918.547,0.428,10,0.488999999999578
29574,2024-06-09 12:00:00,12028.155,28.213,3571.757,918.114,12547.269,918.547,1.253,10,1.2710000000006405
29574,2024-06-09 13:00:00,12028.444,28.213,3571.922,918.116,12547.593,918.549,0.208,10,0.2889999999988504
29574,2024-06-09 14:00:00,12028.701,28.213,3572.042,918.119,12547.873,918.552,0.167,10,0.2569999999996071
29574,2024-06-09 15:00:00,12028.939,28.213,3572.135,918.121,12548.128,918.554,0.155,10,0.2380000000011932
29574,2024-06-09 16:00:00,12029.212,28.213,3572.242,918.123,12548.42,918.556,0.2,10,0.2729999999992287
29574,2024-06-09 17:00:00,12029.49,28.213,3572.349,918.126,12548.717,918.559,0.155,10,0.2780000000002474
29574,2024-06-09 18:00:00,12029.801,28.213,3572.491,918.131,12549.055,918.564,0.175,10,0.3109999999996944
29574,2024-06-09 19:00:00,12030.091,28.213,3572.619,918.171,12549.37,918.604,0.175,10,0.2900000000008731
29574,2024-06-09 20:00:00,12030.547,28.213,3572.713,918.185,12549.834,918.618,0.293,10,0.4560000000001309
29574,2024-06-09 21:00:00,12031.046,28.213,3572.797,918.193,12550.336,918.626,0.34,10,0.4989999999997963
29574,2024-06-09 22:00:00,12031.631,28.213,3572.863,918.221,12550.916,918.654,0.528,10,0.5849999999991269
29574,2024-06-09 23:00:00,12031.954,28.213,3572.926,918.254,12551.243,918.687,0.261,10,0.3230000000003201
29574,2024-06-10 00:00:00,12032.277,28.213,3572.976,918.296,12551.567,918.729,0.254,10,0.3230000000003201
29574,2024-06-10 01:00:00,12032.606,28.213,3573.036,918.331,12551.899,918.764,0.256,10,0.3289999999997235
29574,2024-06-10 02:00:00,12032.928,28.213,3573.095,918.368,12552.225,918.801,0.254,10,0.3220000000001164
29574,2024-06-10 03:00:00,12033.244,28.213,3573.157,918.4,12552.546,918.833,0.239,10,0.316000000000713
29574,2024-06-10 04:00:00,12033.599,28.213,3573.242,918.408,12552.91,918.841,0.231,10,0.3549999999995634
29574,2024-06-10 05:00:00,12033.959,28.213,3573.31,918.413,12553.275,918.846,0.278,10,0.3600000000005821
29574,2024-06-10 06:00:00,12034.209,28.213,3573.438,918.416,12553.551,918.849,0.186,10,0.25
29574,2024-06-10 07:00:00,12034.461,28.213,3573.524,918.435,12553.817,918.868,0.146,10,0.2519999999985884
29574,2024-06-10 08:00:00,12035.007,28.213,3573.764,918.437,12554.408,918.87,0.458,10,0.5460000000002765
29574,2024-06-10 09:00:00,12035.22,28.22,3573.864,918.489,12554.641,918.922,0.157,10,0.212999999999738
29574,2024-06-10 14:00:00,12037.044,28.22,3574.496,918.505,12556.569,918.938,0.314,10,0.3999999999996362
29574,2024-06-10 15:00:00,12037.339,28.22,3574.65,918.51,12556.896,918.943,0.204,10,0.2950000000000727
29574,2024-06-10 16:00:00,12037.726,28.22,3574.804,918.524,12557.311,918.957,0.255,10,0.3870000000006257
29574,2024-06-10 17:00:00,12038.028,28.22,3574.922,918.532,12557.634,918.965,0.15,10,0.3019999999996798
29574,2024-06-10 18:00:00,12038.287,28.22,3575.063,918.558,12557.922,918.991,0.149,10,0.2590000000000145
29574,2024-06-10 19:00:00,12038.608,28.22,3575.177,918.568,12558.263,919.001,0.193,10,0.3209999999999127
29574,2024-06-10 20:00:00,12039.061,28.22,3575.309,918.571,12558.734,919.004,0.335,10,0.4529999999995198
29574,2024-06-10 21:00:00,12039.975,28.22,3575.405,918.587,12559.638,919.02,0.818,10,0.9140000000006694
29574,2024-06-10 22:00:00,12040.527,28.22,3575.52,918.602,12560.2,919.035,0.428,10,0.5519999999996799
29574,2024-06-10 23:00:00,12040.969,28.22,3575.585,918.626,12560.642,919.059,0.301,10,0.4419999999990978
29574,2024-06-11 00:00:00,12041.442,28.22,3575.651,918.645,12561.114,919.078,0.342,10,0.4729999999999563
29574,2024-06-11 01:00:00,12041.831,28.22,3575.7,918.694,12561.501,919.127,0.298,10,0.3890000000010332
29574,2024-06-11 02:00:00,12042.223,28.22,3575.755,918.732,12561.893,919.165,0.295,10,0.3919999999998254
29574,2024-06-11 03:00:00,12042.616,28.22,3575.814,918.772,12562.286,919.205,0.297,10,0.3930000000000291
29574,2024-06-11 04:00:00,12042.992,28.22,3575.871,918.816,12562.663,919.249,0.282,10,0.3760000000002037
29574,2024-06-11 05:00:00,12043.333,28.22,3575.918,918.863,12563.003,919.296,0.251,10,0.3410000000003492
29574,2024-06-11 06:00:00,12043.654,28.22,3575.987,918.88,12563.33,919.313,0.234,10,0.3209999999999127
29574,2024-06-11 07:00:00,12043.991,28.22,3576.069,918.893,12563.677,919.326,0.22,10,0.3369999999995343
29574,2024-06-11 08:00:00,12044.35,28.22,3576.178,918.901,12564.052,919.334,0.189,10,0.3590000000003783
29574,2024-06-11 09:00:00,12045.021,28.22,3576.282,918.94,12564.725,919.373,0.541,10,0.6710000000002765
29574,2024-06-11 10:00:00,12045.888,28.22,3576.395,918.943,12565.588,919.376,0.473,10,0.8670000000001892
29574,2024-06-11 11:00:00,12046.677,28.22,3576.528,918.957,12566.382,919.39,0.402,10,0.7889999999988504
29574,2024-06-11 12:00:00,12047.498,28.22,3576.661,918.961,12567.207,919.394,0.389,10,0.8209999999999127
29574,2024-06-11 13:00:00,12048.227,28.22,3576.769,918.962,12567.937,919.395,0.279,10,0.7290000000011787
29574,2024-06-11 14:00:00,12048.817,28.22,3576.792,918.987,12568.509,919.42,0.14,10,0.5899999999983265
29574,2024-06-11 15:00:00,12049.433,28.22,3576.808,918.992,12569.104,919.425,0.144,10,0.6160000000018044
29574,2024-06-11 16:00:00,12050.027,28.22,3576.823,918.996,12569.678,919.429,0.147,10,0.5939999999991414
29574,2024-06-11 17:00:00,12050.636,28.22,3576.841,919.008,12570.267,919.441,0.14,10,0.6090000000003783
29574,2024-06-11 18:00:00,12051.074,28.22,3576.934,919.013,12570.713,919.446,0.202,10,0.4380000000001018
29574,2024-06-11 19:00:00,12051.489,28.22,3577.142,919.013,12571.17,919.446,0.319,10,0.4149999999990541
29574,2024-06-11 20:00:00,12051.86,28.22,3577.278,919.044,12571.565,919.477,0.323,10,0.3710000000010041
29574,2024-06-11 21:00:00,12052.696,28.22,3577.381,919.053,12572.395,919.486,0.746,10,0.8359999999993306
29574,2024-06-11 22:00:00,12053.186,28.22,3577.457,919.075,12572.887,919.508,0.383,10,0.4899999999997817
29574,2024-06-11 23:00:00,12053.626,28.22,3577.544,919.087,12573.333,919.52,0.324,10,0.4400000000005093
29574,2024-06-12 00:00:00,12054.015,28.22,3577.634,919.094,12573.732,919.527,0.29,10,0.3889999999992142
29574,2024-06-16 00:00:00,12084.142,28.221,3584.491,919.672,12604.565,920.104,0.401,10,30.127000000000407
29574,2024-06-16 01:00:00,12084.603,28.221,3584.562,919.695,12605.027,920.127,0.389,10,0.4609999999993306
29574,2024-06-16 02:00:00,12085.067,28.221,3584.641,919.717,12605.494,920.149,0.403,10,0.4639999999999418
29574,2024-06-16 03:00:00,12085.517,28.221,3584.714,919.743,12605.946,920.175,0.397,10,0.4500000000007276
29574,2024-06-16 04:00:00,12085.958,28.221,3584.781,919.771,12606.388,920.203,0.391,10,0.441000000000713
29574,2024-06-16 05:00:00,12086.422,28.221,3584.858,919.78,12606.855,920.212,0.383,10,0.4639999999999418
29574,2024-06-16 06:00:00,12086.895,28.221,3584.949,919.789,12607.334,920.221,0.371,10,0.4729999999999563
29574,2024-06-16 07:00:00,12087.584,28.221,3585.115,919.791,12608.042,920.223,0.568,10,0.6890000000003056
29574,2024-06-16 08:00:00,12088.038,28.221,3585.181,919.803,12608.496,920.235,0.334,10,0.4539999999997235
29574,2024-06-16 09:00:00,12088.414,28.221,3585.225,919.813,12608.869,920.245,0.277,10,0.3760000000002037
29574,2024-06-16 10:00:00,12088.962,28.221,3585.227,919.848,12609.395,920.28,0.49,10,0.547999999998865
29574,2024-06-16 11:00:00,12089.253,28.221,3585.232,919.854,12609.675,920.286,0.165,10,0.2910000000010768
29574,2024-06-16 12:00:00,12089.646,28.221,3585.235,919.86,12610.053,920.292,0.207,10,0.3930000000000291
29574,2024-06-16 13:00:00,12090.256,28.221,3585.244,919.869,12610.64,920.301,0.202,10,0.6099999999987631
29574,2024-06-16 14:00:00,12090.951,28.221,3585.245,919.893,12611.307,920.325,0.23,10,0.694999999999709
29574,2024-06-16 15:00:00,12091.799,28.221,3585.33,919.908,12612.144,920.34,0.383,10,0.8480000000017753
29574,2024-06-16 16:00:00,12092.713,28.221,3585.51,919.908,12613.072,920.34,0.464,10,0.9139999999988504
29574,2024-06-16 17:00:00,12093.757,28.221,3585.735,919.908,12614.137,920.34,0.568,10,1.043999999999869
29574,2024-06-16 18:00:00,12094.649,28.221,3585.897,919.909,12615.038,920.341,0.422,10,0.8919999999998254
29574,2024-06-16 19:00:00,12095.357,28.221,3585.956,919.912,12615.733,920.344,0.303,10,0.7080000000005384
29574,2024-06-16 20:00:00,12096.045,28.221,3585.956,919.983,12616.393,920.415,0.291,10,0.6880000000001019
29574,2024-06-16 21:00:00,12097.16,28.221,3585.956,920.086,12617.462,920.518,0.671,10,1.1149999999997815
29574,2024-06-16 22:00:00,12098.027,28.221,3585.956,920.152,12618.293,920.584,0.394,10,0.8670000000001892
29574,2024-06-16 23:00:00,12098.872,28.221,3585.956,920.187,12619.103,920.619,0.338,10,0.8449999999993452
29574,2024-06-17 00:00:00,12099.741,28.221,3585.958,920.206,12619.937,920.638,0.333,10,0.8690000000005966
29574,2024-06-17 01:00:00,12100.576,28.221,3585.958,920.211,12620.738,920.643,0.281,10,0.8349999999991269
29574,2024-06-17 02:00:00,12101.47,28.221,3585.958,920.224,12621.595,920.656,0.323,10,0.8940000000002328
29574,2024-06-17 03:00:00,12102.385,28.221,3585.958,920.25,12622.472,920.682,0.324,10,0.9150000000008732
29574,2024-06-17 04:00:00,12103.322,28.221,3585.958,920.285,12623.371,920.717,0.321,10,0.936999999999898
29574,2024-06-17 05:00:00,12104.245,28.221,3585.958,920.316,12624.256,920.748,0.312,10,0.923000000000684
29574,2024-06-17 06:00:00,12105.154,28.221,3585.961,920.336,12625.128,920.768,0.308,10,0.9089999999996508
29574,2024-06-17 07:00:00,12106.582,28.221,3586.091,920.339,12626.534,920.771,0.857,10,1.4279999999998836
29574,2024-06-17 08:00:00,12107.82,28.221,3586.314,920.339,12627.784,920.771,0.683,10,1.2379999999993745
29574,2024-06-17 09:00:00,12109.143,28.221,3586.517,920.342,12629.111,920.774,0.756,10,1.32300000000032
29574,2024-06-17 10:00:00,12109.925,28.221,3586.684,920.349,12629.908,920.781,0.239,10,0.7819999999992433
29574,2024-06-17 11:00:00,12110.92,28.221,3586.853,920.353,12630.91,920.785,0.532,10,0.9950000000008004
29574,2024-06-17 16:00:00,12115.037,28.221,3587.46,920.384,12635.03,920.816,0.337,10,0.8729999999995925
29574,2024-06-17 17:00:00,12115.925,28.221,3587.559,920.387,12635.909,920.819,0.336,10,0.8879999999990105
29574,2024-06-17 18:00:00,12116.837,28.221,3587.649,920.444,12636.809,920.876,0.385,10,0.912000000000262
29574,2024-06-17 19:00:00,12117.925,28.221,3587.823,920.445,12637.902,920.877,0.521,10,1.087999999999738
29574,2024-06-17 20:00:00,12119.052,28.221,3587.906,920.462,12639.006,920.894,0.53,10,1.1270000000004077
29574,2024-06-17 21:00:00,12120.213,28.221,3588.0,920.468,12640.146,920.9,0.544,10,1.1610000000000582
29574,2024-06-17 22:00:00,12121.126,28.221,3588.093,920.474,12641.048,920.906,0.332,10,0.9130000000004656
29574,2024-06-17 23:00:00,12122.114,28.221,3588.19,920.478,12642.023,920.91,0.405,10,0.9879999999993744
29574,2024-06-18 00:00:00,12123.293,28.221,3588.31,920.482,12643.187,920.914,0.565,10,1.179000000000087
29574,2024-06-18 01:00:00,12124.286,28.221,3588.425,920.487,12644.172,920.919,0.352,10,0.9930000000003928
29574,2024-06-18 02:00:00,12125.181,28.221,3588.508,920.495,12645.054,920.927,0.251,10,0.8950000000004366
29574,2024-06-18 03:00:00,12126.11,28.221,3588.585,920.505,12645.967,920.937,0.262,10,0.9290000000000872
29574,2024-06-18 04:00:00,12126.993,28.221,3588.585,920.52,12646.813,920.952,0.219,10,0.8829999999998108
29574,2024-06-18 05:00:00,12127.936,28.221,3588.585,920.552,12647.718,920.984,0.279,10,0.9429999999993016
29574,2024-06-18 06:00:00,12128.755,28.221,3588.676,920.562,12648.529,920.994,0.427,10,0.8189999999995052
29574,2024-06-18 07:00:00,12129.817,28.221,3588.837,920.565,12649.593,920.997,0.372,10,1.061999999999898
29574,2024-06-18 12:00:00,12134.356,28.221,3589.438,920.593,12654.116,921.025,0.13,10,0.7960000000002765
29574,2024-06-18 13:00:00,12135.192,28.221,3589.533,920.598,12654.944,921.03,0.153,10,0.8359999999993306
29574,2024-06-18 14:00:00,12136.097,28.221,3589.624,920.604,12655.838,921.036,0.265,10,0.9050000000006548
29574,2024-06-18 15:00:00,12136.947,28.221,3589.714,920.608,12656.679,921.04,0.209,10,0.8500000000003638
29574,2024-06-18 16:00:00,12137.79,28.221,3589.79,920.611,12657.509,921.043,0.183,10,0.8430000000007567
29574,2024-06-18 17:00:00,12138.613,28.221,3589.863,920.617,12658.319,921.049,0.185,10,0.8229999999985012
29574,2024-06-18 18:00:00,12139.41,28.221,3589.954,920.625,12659.109,921.057,0.167,10,0.7970000000004802
29574,2024-06-18 19:00:00,12140.253,28.221,3590.053,920.64,12659.945,921.072,0.225,10,0.8430000000007567
29574,2024-06-18 20:00:00,12141.504,28.221,3590.138,920.647,12661.169,921.079,0.604,10,1.2510000000002035
29574,2024-06-18 21:00:00,12142.434,28.221,3590.211,920.653,12662.081,921.085,0.254,10,0.929999999998472
29574,2024-06-18 22:00:00,12143.481,28.221,3590.373,920.654,12663.131,921.086,0.358,10,1.0470000000004802
29574,2024-06-18 23:00:00,12144.475,28.221,3590.476,920.658,12664.114,921.09,0.27,10,0.9940000000005966
29574,2024-06-19 00:00:00,12145.411,28.221,3590.593,920.68,12665.045,921.112,0.213,10,0.9359999999996944
29574,2024-06-19 01:00:00,12146.329,28.221,3590.742,920.69,12665.967,921.122,0.179,10,0.9179999999996652
29574,2024-06-19 02:00:00,12147.289,28.221,3590.868,920.708,12666.923,921.14,0.198,10,0.960000000000946
29574,2024-06-19 03:00:00,12148.325,28.221,3590.978,920.721,12667.948,921.153,0.271,10,1.0360000000000582
29574,2024-06-19 04:00:00,12149.373,28.221,3591.082,920.739,12668.983,921.171,0.271,10,1.047999999998865
29574,2024-06-19 05:00:00,12150.416,28.221,3591.181,920.752,12670.011,921.184,0.27,10,1.0429999999996653
29574,2024-06-19 06:00:00,12151.396,28.221,3591.266,920.764,12670.975,921.196,0.259,10,0.9800000000013824
29574,2024-06-19 07:00:00,12152.325,28.221,3591.353,920.771,12671.89,921.203,0.539,10,0.9290000000000872
29574,2024-06-19 12:00:00,12157.023,28.221,3591.79,920.869,12676.52,921.301,0.13,10,0.782999999999447
29574,2024-06-19 13:00:00,12157.808,28.221,3591.878,920.877,12677.297,921.309,0.133,10,0.7850000000016735
29574,2024-06-19 14:00:00,12158.601,28.221,3591.958,920.884,12678.081,921.316,0.126,10,0.7929999999996653
29574,2024-06-19 15:00:00,12159.378,28.221,3592.01,920.887,12678.841,921.319,0.15,10,0.7770000000000437
29574,2024-06-19 16:00:00,12160.141,28.221,3592.151,920.89,12679.612,921.322,0.202,10,0.7629999999990105
29574,2024-06-19 17:00:00,12160.95,28.221,3592.246,920.894,12680.415,921.326,0.2,10,0.809000000001106
29574,2024-06-19 18:00:00,12161.861,28.221,3592.316,920.905,12681.308,921.337,0.263,10,0.9110000000000582
29574,2024-06-19 19:00:00,12162.732,28.221,3592.397,920.912,12682.167,921.344,0.198,10,0.8709999999991851
29574,2024-06-19 20:00:00,12163.766,28.221,3592.487,920.919,12683.184,921.351,0.371,10,1.0339999999996508
29574,2024-06-19 21:00:00,12164.807,28.221,3592.573,920.921,12684.207,921.353,0.333,10,1.0410000000010768
29574,2024-06-19 22:00:00,12165.826,28.221,3592.636,920.935,12685.202,921.367,0.316,10,1.0189999999984138
29574,2024-06-19 23:00:00,12167.222,28.221,3592.72,920.95,12686.564,921.382,0.733,10,1.3960000000006405
29574,2024-06-20 00:00:00,12168.21,28.221,3592.794,920.954,12687.533,921.386,0.265,10,0.9879999999993744
29574,2024-06-20 01:00:00,12168.878,28.221,3592.882,920.958,12688.198,921.39,0.317,10,0.6680000000014843
29574,2024-06-20 07:00:00,12174.889,28.221,3593.469,921.043,12694.13,921.475,0.255,10,1.006999999999607
29574,2024-06-20 08:00:00,12175.822,28.221,3593.578,921.065,12695.055,921.497,0.175,10,0.9330000000009022
29574,2024-06-20 09:00:00,12176.733,28.221,3593.652,921.091,12695.95,921.523,0.171,10,0.9110000000000582
29574,2024-06-20 10:00:00,12177.623,28.221,3593.735,921.096,12696.827,921.528,0.218,10,0.8899999999994179
29574,2024-06-20 11:00:00,12178.767,28.221,3593.874,921.098,12697.964,921.53,0.551,10,1.1440000000002328
29574,2024-06-20 12:00:00,12179.747,28.221,3594.082,921.098,12698.963,921.53,0.346,10,0.9799999999995634
29574,2024-06-20 13:00:00,12180.574,28.221,3594.211,921.109,12699.792,921.541,0.156,10,0.827000000001135
29574,2024-06-20 14:00:00,12181.341,28.221,3594.319,921.115,12700.558,921.547,0.151,10,0.7669999999998254
29574,2024-06-20 15:00:00,12181.588,28.221,3594.438,921.121,12700.829,921.553,0.17,10,0.2469999999993888
29574,2024-06-20 16:00:00,12182.328,28.221,3594.554,921.127,12701.572,921.559,0.15,10,0.7399999999997817
29574,2024-06-20 17:00:00,12183.127,28.221,3594.652,921.138,12702.366,921.57,0.18,10,0.7990000000008877
29574,2024-06-20 18:00:00,12183.971,28.221,3594.787,921.154,12703.213,921.586,0.185,10,0.8439999999991414
29574,2024-06-20 19:00:00,12184.925,28.221,3594.915,921.169,12704.165,921.601,0.255,10,0.9539999999997236
29574,2024-06-20 20:00:00,12185.949,28.221,3595.004,921.183,12705.172,921.615,0.373,10,1.0240000000012517
29574,2024-06-20 21:00:00,12187.242,28.221,3595.101,921.193,12706.44,921.625,0.646,10,1.2929999999996653
29574,2024-06-20 22:00:00,12188.229,28.221,3595.192,921.195,12707.412,921.627,0.347,10,0.9869999999991704
29574,2024-06-20 23:00:00,12189.042,28.221,3595.295,921.2,12708.221,921.632,0.173,10,0.8130000000001019
29574,2024-06-21 00:00:00,12189.865,28.221,3595.424,921.211,12709.047,921.643,0.157,10,0.8230000000003201
29574,2024-06-21 01:00:00,12190.681,28.221,3595.549,921.226,12709.865,921.658,0.144,10,0.816000000000713
29574,2024-06-21 02:00:00,12191.557,28.221,3595.671,921.24,12710.74,921.672,0.178,10,0.8760000000002037
29574,2024-06-21 03:00:00,12192.516,28.221,3595.769,921.263,12711.687,921.695,0.259,10,0.9589999999989232
29574,2024-06-21 04:00:00,12193.438,28.221,3595.881,921.275,12712.603,921.707,0.179,10,0.9220000000004802
29574,2024-06-21 05:00:00,12194.341,28.221,3596.0,921.284,12713.503,921.716,0.145,10,0.9030000000002474
29574,2024-06-21 06:00:00,12195.249,28.221,3596.06,921.304,12714.391,921.736,0.156,10,0.907999999999447
29574,2024-06-21 07:00:00,12196.142,28.221,3596.221,921.306,12715.293,921.738,0.181,10,0.8930000000000291
29574,2024-06-21 08:00:00,12197.022,28.221,3596.339,921.31,12716.17,921.742,0.155,10,0.8800000000010186
29574,2024-06-21 09:00:00,12198.254,28.221,3596.477,921.333,12717.391,921.765,0.519,10,1.231999999999971
29574,2024-06-21 10:00:00,12199.074,28.221,3596.59,921.338,12718.21,921.77,0.142,10,0.819999999999709
29574,2024-06-21 11:00:00,12199.941,28.221,3596.713,921.358,12719.076,921.79,0.223,10,0.8670000000001892
29574,2024-06-21 12:00:00,12200.789,28.221,3596.8,921.364,12719.914,921.796,0.82,10,0.8479999999999563
29574,2024-06-21 13:00:00,12201.67,28.221,3596.978,921.373,12720.809,921.805,0.215,10,0.8809999999994034
29574,2024-06-21 18:00:00,12206.302,28.221,3597.849,921.441,12725.499,921.873,0.248,10,0.9069999999992432
29574,2024-06-21 19:00:00,12207.367,28.221,3598.004,921.489,12726.564,921.921,0.452,10,1.065000000000509
29574,2024-06-21 20:00:00,12208.531,28.221,3598.126,921.496,12727.715,921.928,0.476,10,1.1640000000006694
29574,2024-06-21 21:00:00,12209.664,28.221,3598.253,921.514,12728.838,921.946,0.464,10,1.1329999999998108
29574,2024-06-21 22:00:00,12210.588,28.221,3598.348,921.529,12729.751,921.961,0.305,10,0.9239999999990688
29574,2024-06-21 23:00:00,12211.516,28.221,3598.472,921.551,12730.676,921.983,0.301,10,0.9279999999998836
29574,2024-06-22 00:00:00,12212.468,28.221,3598.565,921.594,12731.615,922.025,0.316,10,0.952000000001135
29574,2024-06-22 06:00:00,12218.119,28.221,3599.23,921.748,12737.224,922.179,0.256,10,0.8760000000002037
29574,2024-06-22 07:00:00,12218.97,28.221,3599.33,921.761,12738.069,922.192,0.326,10,0.8509999999987485
29574,2024-06-22 08:00:00,12220.184,28.221,3599.442,921.778,12739.265,922.209,0.491,10,1.2139999999999418
29574,2024-06-22 16:00:00,12226.939,28.221,3600.426,921.925,12746.023,922.356,0.302,10,0.8600000000005821
29574,2024-06-22 17:00:00,12227.559,28.221,3600.637,921.939,12746.677,922.37,0.232,10,0.6199999999989814
29574,2024-06-22 18:00:00,12228.369,28.221,3600.786,921.981,12747.496,922.412,0.272,10,0.8100000000013097
29574,2024-06-22 19:00:00,12229.31,28.221,3601.047,921.994,12748.472,922.425,0.397,10,0.940999999998894
29574,2024-06-23 03:00:00,12235.916,28.221,3602.153,922.139,12755.122,922.57,0.162,10,0.8149999999986903
29574,2024-06-23 04:00:00,12236.753,28.221,3602.264,922.162,12755.956,922.593,0.159,10,0.8370000000013533
29574,2024-06-23 05:00:00,12237.607,28.221,3602.392,922.183,12756.812,922.614,0.166,10,0.8539999999993597
29574,2024-06-23 06:00:00,12238.45,28.221,3602.526,922.202,12757.658,922.633,0.158,10,0.8430000000007567
29574,2024-06-23 07:00:00,12239.375,28.221,3602.655,922.224,12758.582,922.655,0.228,10,0.9249999999992724
29574,2024-06-23 08:00:00,12240.305,28.221,3602.739,922.245,12759.498,922.676,0.245,10,0.930000000000291
29574,2024-06-23 09:00:00,12241.229,28.221,3602.839,922.278,12760.412,922.709,0.246,10,0.9239999999990688
29574,2024-06-23 10:00:00,12242.221,28.221,3602.982,922.306,12761.404,922.737,0.29,10,0.9920000000001892
29574,2024-06-23 11:00:00,12243.535,28.221,3603.146,922.343,12762.711,922.774,0.736,10,1.3140000000003056
29574,2024-06-23 12:00:00,12244.307,28.221,3603.279,922.402,12763.489,922.833,0.226,10,0.772000000000844
29574,2024-06-23 13:00:00,12245.121,28.221,3603.459,922.436,12764.321,922.867,0.29,10,0.8139999999984866
29574,2024-06-23 18:00:00,12250.121,28.221,3604.217,922.593,12769.332,923.024,0.18,10,0.7799999999988358
29574,2024-06-23 19:00:00,12250.885,28.221,3604.346,922.606,12770.101,923.037,0.179,10,0.7640000000010332
29574,2024-06-23 20:00:00,12252.069,28.221,3604.431,922.627,12771.261,923.058,0.634,10,1.183999999999287
29574,2024-06-23 21:00:00,12253.176,28.221,3604.562,922.692,12772.36,923.123,0.663,10,1.106999999999971
29574,2024-06-23 22:00:00,12254.146,28.221,3604.663,922.709,12773.319,923.14,0.512,10,0.9700000000011642
29574,2024-06-23 23:00:00,12255.111,28.221,3604.821,922.733,12774.289,923.164,0.508,10,0.9650000000001456
29574,2024-06-24 00:00:00,12255.925,28.221,3604.945,922.741,12775.105,923.172,0.315,10,0.8139999999984866
29574,2024-06-24 01:00:00,12256.759,28.221,3605.061,922.752,12775.938,923.183,0.287,10,0.8340000000007421
29574,2024-06-24 02:00:00,12257.606,28.221,3605.167,922.759,12776.781,923.19,0.273,10,0.8469999999997526
29574,2024-06-24 03:00:00,12258.307,28.221,3605.3,922.765,12777.491,923.196,0.18,10,0.7010000000009313
29574,2024-06-24 08:00:00,12262.442,28.221,3605.96,922.905,12781.644,923.336,0.226,10,0.863999999999578
29574,2024-06-24 09:00:00,12263.113,28.221,3606.052,922.919,12782.314,923.35,2.019,10,0.6710000000002765
29574,2024-06-24 10:00:00,12264.334,28.221,3606.366,922.919,12783.573,923.35,0.65,10,1.221000000001368
29574,2024-06-24 15:00:00,12266.929,28.221,3607.264,923.09,12786.316,923.521,0.146,10,0.2170000000005529
29574,2024-06-24 16:00:00,12267.208,28.221,3607.404,923.111,12786.624,923.542,0.208,10,0.2790000000004511
29574,2024-06-24 17:00:00,12267.907,28.221,3607.544,923.15,12787.334,923.581,0.651,10,0.6989999999987049
29574,2024-06-24 18:00:00,12268.271,28.221,3607.678,923.179,12787.721,923.61,0.252,10,0.364000000001397
29574,2024-06-24 19:00:00,12268.54,28.221,3607.82,923.2,12788.019,923.631,0.173,10,0.2690000000002328
29574,2024-06-24 20:00:00,12268.967,28.221,3607.947,923.208,12788.464,923.639,0.322,10,0.4269999999996798
29574,2024-06-24 21:00:00,12269.653,28.221,3608.068,923.227,12789.157,923.658,0.579,10,0.6859999999996944
29574,2024-06-24 22:00:00,12270.064,28.221,3608.178,923.262,12789.582,923.693,0.276,10,0.4110000000000582
29574,2024-06-24 23:00:00,12270.484,28.221,3608.268,923.267,12790.01,923.698,0.298,10,0.4200000000000727
29574,2024-06-26 01:00:00,12280.479,28.221,3611.536,923.977,12800.521,924.407,0.3,10,0.4009999999998399
29574,2024-06-26 06:00:00,12282.256,28.221,3612.115,924.135,12802.389,924.565,0.252,10,0.282999999999447
29574,2024-06-26 07:00:00,12282.547,28.221,3612.212,924.161,12802.696,924.591,0.37,10,0.2910000000010768
29574,2024-06-26 08:00:00,12283.261,28.221,3612.361,924.233,12803.423,924.663,0.668,10,0.7139999999999418
29574,2024-06-26 13:00:00,12284.764,28.229,3613.163,924.43,12805.091,924.86,0.21,10,0.2229999999999563
29574,2024-06-26 14:00:00,12285.061,28.229,3613.287,924.524,12805.411,924.954,0.295,10,0.2970000000004802
29574,2024-06-26 15:00:00,12285.403,28.229,3613.472,924.542,12805.791,924.972,0.272,10,0.342000000000553
29574,2024-06-26 16:00:00,12285.757,28.229,3613.63,924.578,12806.176,925.008,0.327,10,0.3539999999993597
29574,2024-06-26 17:00:00,12286.355,28.229,3613.893,924.578,12806.824,925.008,0.584,10,0.5979999999999563
29574,2024-06-26 18:00:00,12286.751,28.229,3614.036,924.603,12807.244,925.033,0.291,10,0.3960000000006403
29574,2024-06-26 19:00:00,12287.411,28.229,3614.168,924.634,12807.914,925.064,0.584,10,0.6599999999998545
29574,2024-06-26 20:00:00,12287.829,28.229,3614.279,924.659,12808.347,925.089,0.333,10,0.4179999999996653
29574,2024-06-26 21:00:00,12288.269,28.229,3614.387,924.682,12808.799,925.112,0.348,10,0.4400000000005093
29574,2024-06-26 22:00:00,12288.675,28.229,3614.515,924.694,12809.225,925.124,0.316,10,0.4059999999990396
29574,2024-06-26 23:00:00,12289.077,28.229,3614.629,924.713,12809.643,925.143,0.303,10,0.4020000000000436
29574,2024-06-27 00:00:00,12289.451,28.229,3614.754,924.737,12810.037,925.167,0.296,10,0.3739999999997963
29574,2024-06-27 01:00:00,12289.985,28.229,3614.883,924.751,12810.585,925.181,0.493,10,0.5340000000014697
29574,2024-06-27 02:00:00,12290.355,28.229,3614.99,924.767,12810.971,925.197,0.318,10,0.3699999999989813
29574,2024-06-27 03:00:00,12290.708,28.229,3615.089,924.79,12811.337,925.22,0.304,10,0.353000000000975
29574,2024-06-27 04:00:00,12291.06,28.229,3615.18,924.806,12811.7,925.236,0.301,10,0.3519999999989522
29574,2024-06-27 05:00:00,12291.398,28.229,3615.28,924.827,12812.053,925.257,0.296,10,0.337999999999738
29574,2024-06-27 06:00:00,12291.725,28.229,3615.39,924.854,12812.398,925.284,0.306,10,0.327000000001135
29574,2024-06-27 07:00:00,12292.057,28.229,3615.501,924.879,12812.748,925.309,0.272,10,0.3320000000003347
29574,2024-06-27 08:00:00,12292.448,28.229,3615.597,924.923,12813.15,925.353,0.295,10,0.3909999999996216
29574,2024-06-27 09:00:00,12293.08,28.229,3615.747,924.938,12813.798,925.368,0.484,10,0.6319999999996071
29574,2024-06-27 10:00:00,12293.411,28.229,3615.873,924.953,12814.152,925.383,0.194,10,0.3310000000001309
29574,2024-06-27 11:00:00,12293.957,28.229,3616.004,924.977,12814.712,925.407,0.492,10,0.5460000000002765
29574,2024-06-27 12:00:00,12294.241,28.229,3616.175,924.984,12815.033,925.414,0.235,10,0.2839999999996507
29574,2024-06-27 13:00:00,12294.484,28.229,3616.314,925.008,12815.305,925.438,0.162,10,0.2430000000003929
29574,2024-06-27 14:00:00,12294.785,28.229,3616.42,925.043,12815.624,925.473,0.2,10,0.3009999999994761
29574,2024-06-27 15:00:00,12295.04,28.229,3616.552,925.057,12815.906,925.487,0.167,10,0.2550000000010186
29574,2024-06-27 16:00:00,12295.275,28.229,3616.676,925.1,12816.166,925.53,0.186,10,0.2349999999987631
29574,2024-06-27 17:00:00,12295.523,28.229,3616.832,925.128,12816.448,925.558,0.175,10,0.2479999999995925
29574,2024-06-27 18:00:00,12295.755,28.229,3616.964,925.146,12816.708,925.576,0.167,10,0.2319999999999709
29574,2024-06-27 19:00:00,12296.022,28.229,3617.1,925.168,12817.003,925.598,0.169,10,0.2670000000016443
29574,2024-06-27 20:00:00,12296.404,28.229,3617.253,925.21,12817.412,925.64,0.302,10,0.3819999999996071
29574,2024-06-27 21:00:00,12297.051,28.229,3617.342,925.249,12818.058,925.679,0.546,10,0.646999999999025
29574,2024-06-27 22:00:00,12297.608,28.229,3617.471,925.268,12818.629,925.698,0.472,10,0.5570000000006985
29574,2024-06-27 23:00:00,12298.055,28.229,3617.613,925.294,12819.098,925.724,0.366,10,0.4470000000001164
29574,2024-06-28 00:00:00,12298.462,28.229,3617.75,925.323,12819.527,925.753,0.334,10,0.4069999999992433
29574,2024-06-28 01:00:00,12298.846,28.229,3617.883,925.36,12819.933,925.79,0.308,10,0.3840000000000145
29574,2024-06-28 02:00:00,12299.23,28.229,3618.005,925.389,12820.336,925.819,0.318,10,0.3840000000000145
29574,2024-06-28 03:00:00,12299.666,28.229,3618.15,925.414,12820.795,925.844,0.383,10,0.4359999999996944
29574,2024-06-28 04:00:00,12300.044,28.229,3618.285,925.441,12821.196,925.871,0.321,10,0.3780000000006112
29574,2024-06-28 05:00:00,12300.395,28.229,3618.406,925.471,12821.566,925.901,0.305,10,0.3510000000005675
29574,2024-06-28 06:00:00,12300.712,28.229,3618.517,925.512,12821.902,925.942,0.285,10,0.3169999999990978
29574,2024-06-28 07:00:00,12300.975,28.229,3618.631,925.548,12822.186,925.978,0.212,10,0.2630000000008294
29574,2024-06-28 08:00:00,12301.524,28.229,3618.755,925.599,12822.748,926.029,0.494,10,0.5489999999990687
29574,2024-06-28 09:00:00,12301.83,28.234,3618.891,925.65,12823.08,926.08,0.247,10,0.3060000000004947
29574,2024-06-28 10:00:00,12302.244,28.234,3619.006,925.658,12823.51,926.088,0.299,10,0.4140000000006694
29574,2024-06-28 11:00:00,12302.706,28.234,3619.227,925.665,12824.015,926.095,0.462,10,0.4619999999995343
29574,2024-06-28 12:00:00,12303.145,28.234,3619.341,925.686,12824.469,926.116,0.389,10,0.4390000000003056
29574,2024-06-28 13:00:00,12303.405,28.234,3619.472,925.697,12824.755,926.127,0.195,10,0.2600000000002183
29574,2024-06-28 14:00:00,12303.673,28.234,3619.575,925.715,12825.041,926.145,0.219,10,0.2680000000000291
29574,2024-06-28 15:00:00,12303.976,28.234,3619.692,925.739,12825.365,926.169,0.246,10,0.3029999999998836
29574,2024-06-28 16:00:00,12304.321,28.234,3619.832,925.76,12825.735,926.19,0.282,10,0.3449999999993451
29574,2024-06-28 17:00:00,12304.518,28.234,3619.904,925.781,12825.945,926.211,0.393,10,0.1970000000001164
29574,2024-06-28 18:00:00,12304.88,28.234,3620.06,925.821,12826.336,926.251,0.307,10,0.3619999999991705
29574,2024-06-29 01:00:00,12307.734,28.234,3620.967,925.973,12829.33,926.403,0.396,10,0.3330000000005384
29574,2024-06-29 04:00:00,12308.735,28.234,3621.337,926.074,12830.395,926.504,0.292,10,0.337999999999738
29574,2024-06-29 05:00:00,12309.08,28.234,3621.444,926.105,12830.756,926.535,0.288,10,0.3449999999993451
29574,2024-06-29 06:00:00,12309.372,28.234,3621.539,926.131,12831.063,926.561,0.294,10,0.2919999999994616
29574,2024-06-29 09:00:00,12310.542,28.234,3621.876,926.194,12832.28,926.624,0.216,10,0.341999999998734
29574,2024-06-29 10:00:00,12311.378,28.234,3621.982,926.203,12833.112,926.633,0.728,10,0.8360000000011496
29574,2024-06-29 11:00:00,12311.652,28.234,3622.048,926.21,12833.394,926.64,0.178,10,0.2739999999994325
29574,2024-06-29 12:00:00,12311.943,28.234,3622.163,926.226,12833.705,926.656,0.229,10,0.2909999999992578
29574,2024-06-29 19:00:00,12314.42,28.234,3623.184,926.4,12836.37,926.83,0.479,10,0.543999999999869
29574,2024-06-29 20:00:00,12315.094,28.234,3623.411,926.407,12837.08,926.837,0.587,10,0.6739999999990687
29574,2024-06-29 21:00:00,12315.68,28.234,3623.518,926.456,12837.673,926.886,0.218,10,0.5860000000011496
29574,2024-06-30 04:00:00,12318.623,28.234,3624.425,926.643,12840.752,927.073,0.301,10,0.3879999999990104
29574,2024-06-30 05:00:00,12319.0,28.234,3624.549,926.668,12841.149,927.098,0.284,10,0.3770000000004074
29574,2024-06-30 06:00:00,12319.332,28.234,3624.675,926.693,12841.503,927.123,0.278,10,0.3320000000003347
29574,2024-06-30 07:00:00,12319.639,28.234,3624.802,926.718,12841.833,927.147,0.264,10,0.3069999999988795
29574,2024-06-30 08:00:00,12319.933,28.234,3624.917,926.75,12842.148,927.179,0.245,10,0.294000000001688
29574,2024-06-30 09:00:00,12320.27,28.234,3625.035,926.774,12842.504,927.203,0.277,10,0.3369999999995343
29574,2024-06-30 10:00:00,12320.607,28.243,3625.155,926.818,12842.862,927.248,0.27,10,0.3369999999995343
29574,2024-06-30 11:00:00,12321.175,28.244,3625.27,926.833,12843.439,927.263,0.524,10,0.5679999999993015
29574,2024-06-30 12:00:00,12322.603,28.244,3625.401,926.848,12844.846,927.278,1.418,10,1.4279999999998836
29574,2024-06-30 13:00:00,12322.948,28.244,3625.518,926.866,12845.21,927.296,0.294,10,0.3450000000011641
29574,2024-06-30 14:00:00,12323.242,28.244,3625.63,926.884,12845.523,927.314,0.224,10,0.293999999999869
29574,2024-06-30 15:00:00,12323.488,28.244,3625.752,926.904,12845.794,927.334,0.191,10,0.2459999999991851
29574,2024-06-30 16:00:00,12323.751,28.244,3625.888,926.945,12846.085,927.375,0.224,10,0.2630000000008294
29574,2024-06-30 17:00:00,12324.093,28.244,3626.005,926.98,12846.446,927.41,0.287,10,0.342000000000553
29574,2024-06-30 18:00:00,12324.413,28.244,3626.163,927.032,12846.797,927.462,0.231,10,0.3199999999997089
29574,2024-06-30 19:00:00,12324.609,28.245,3626.296,927.105,12847.023,927.535,0.273,10,0.1959999999999127
29574,2024-07-01 02:00:00,12328.036,28.245,3627.022,927.224,12850.515,927.654,0.306,10,0.3340000000007421
29574,2024-07-01 03:00:00,12328.355,28.245,3627.108,927.242,12850.846,927.672,0.304,10,0.3189999999995052
29574,2024-07-01 04:00:00,12328.667,28.245,3627.164,927.252,12851.161,927.682,0.309,10,0.3119999999998981
29574,2024-07-01 05:00:00,12328.996,28.245,3627.318,927.262,12851.52,927.692,0.318,10,0.3289999999997235
29574,2024-07-01 06:00:00,12329.327,28.245,3627.445,927.288,12851.873,927.718,0.263,10,0.3310000000001309
29574,2024-07-01 07:00:00,12329.678,28.245,3627.549,927.317,12852.239,927.747,0.252,10,0.3510000000005675
29574,2024-07-01 08:00:00,12330.096,28.245,3627.641,927.342,12852.666,927.772,0.301,10,0.4179999999996653
29574,2024-07-01 09:00:00,12330.882,28.245,3627.797,927.364,12853.464,927.794,0.64,10,0.7860000000000582
29574,2024-07-01 10:00:00,12332.427,28.245,3628.047,927.367,12855.017,927.797,1.499,10,1.5450000000000728
29574,2024-07-01 11:00:00,12332.812,28.245,3628.197,927.382,12855.429,927.812,0.35,10,0.3850000000002183
29574,2024-07-01 12:00:00,12333.022,28.245,3628.377,927.403,12855.681,927.833,0.176,10,0.2100000000009458
29574,2024-07-01 13:00:00,12333.346,28.245,3628.528,927.433,12856.035,927.863,0.253,10,0.3239999999987049
29574,2024-07-01 14:00:00,12333.671,28.245,3628.673,927.483,12856.387,927.912,0.265,10,0.3250000000007276
29574,2024-07-01 15:00:00,12333.98,28.245,3628.829,927.519,12856.728,927.948,0.234,10,0.3089999999992869
29574,2024-07-01 16:00:00,12334.264,28.245,3629.004,927.532,12857.05,927.961,0.214,10,0.2839999999996507
29574,2024-07-01 17:00:00,12334.639,28.245,3629.154,927.56,12857.452,927.989,0.277,10,0.375
29574,2024-07-01 18:00:00,12335.037,28.245,3629.286,927.602,12857.871,928.031,0.285,10,0.3980000000010477
29574,2024-07-01 19:00:00,12335.772,28.245,3629.411,927.64,12858.611,928.069,0.663,10,0.7350000000005821
29574,2024-07-01 20:00:00,12336.1,28.245,3629.517,927.726,12858.956,928.155,0.304,10,0.3279999999995198
29574,2024-07-01 21:00:00,12336.6,28.245,3629.673,927.746,12859.479,928.175,0.392,10,0.5
29574,2024-07-01 22:00:00,12337.175,28.245,3629.748,927.768,12860.052,928.197,0.445,10,0.5749999999989086
29574,2024-07-01 23:00:00,12337.628,28.245,3629.983,927.779,12860.553,928.208,0.361,10,0.4530000000013388
29574,2024-07-02 02:00:00,12338.758,28.245,3630.438,927.872,12861.766,928.301,0.257,10,0.3739999999997963
29574,2024-07-02 03:00:00,12339.115,28.245,3630.566,927.908,12862.144,928.337,0.254,10,0.3569999999999709
29574,2024-07-02 04:00:00,12339.478,28.245,3630.692,927.948,12862.528,928.377,0.249,10,0.3629999999993742
29574,2024-07-02 05:00:00,12339.827,28.245,3630.835,927.972,12862.903,928.401,0.256,10,0.34900000000016
29574,2024-07-02 06:00:00,12340.161,28.245,3630.967,927.995,12863.261,928.424,0.253,10,0.3340000000007421
29574,2024-07-02 07:00:00,12340.499,28.245,3631.105,928.012,12863.624,928.441,0.248,10,0.337999999999738
29574,2024-07-02 08:00:00,12341.073,28.245,3631.23,928.054,12864.21,928.483,0.5,10,0.5740000000005239
29574,2024-07-02 09:00:00,12341.316,28.248,3631.368,928.098,12864.482,928.527,0.148,10,0.2430000000003929
29574,2024-07-02 10:00:00,12341.542,28.25,3631.488,928.12,12864.733,928.549,0.149,10,0.2259999999987485
29574,2024-07-02 11:00:00,12342.151,28.25,3631.612,928.129,12865.352,928.558,0.554,10,0.6090000000003783
29574,2024-07-02 12:00:00,12342.549,28.25,3631.788,928.14,12865.784,928.569,0.321,10,0.3980000000010477
29574,2024-07-02 13:00:00,12342.812,28.25,3631.953,928.162,12866.082,928.591,0.166,10,0.2629999999990104
29574,2024-07-02 14:00:00,12343.104,28.25,3632.139,928.181,12866.415,928.61,0.239,10,0.2919999999994616
29574,2024-07-02 15:00:00,12343.488,28.25,3632.323,928.181,12866.835,928.61,0.335,10,0.3840000000000145
29574,2024-07-02 16:00:00,12343.834,28.25,3632.496,928.204,12867.216,928.633,0.293,10,0.3460000000013679
29574,2024-07-02 17:00:00,12344.125,28.25,3632.665,928.225,12867.543,928.654,0.196,10,0.2909999999992578
29574,2024-07-02 18:00:00,12344.4,28.25,3632.804,928.256,12867.846,928.685,0.178,10,0.2749999999996362
29574,2024-07-02 19:00:00,12344.697,28.25,3632.933,928.284,12868.167,928.713,0.179,10,0.2970000000004802
29574,2024-07-02 20:00:00,12345.291,28.25,3633.064,928.314,12868.774,928.743,0.541,10,0.5939999999991414
29574,2024-07-02 21:00:00,12345.701,28.25,3633.18,928.35,12869.2,928.779,0.346,10,0.4099999999998545
29574,2024-07-02 22:00:00,12346.035,28.25,3633.274,928.355,12869.547,928.784,0.334,10,0.3340000000007421
29574,2024-07-02 23:00:00,12346.326,28.25,3633.342,928.365,12869.846,928.794,0.29,10,0.2909999999992578
29574,2024-07-03 03:00:00,12347.541,28.25,3633.659,928.411,12871.101,928.84,0.328,10,0.326999999999316
29574,2024-07-03 04:00:00,12347.801,28.25,3633.732,928.426,12871.371,928.855,0.259,10,0.2600000000002183
29574,2024-07-03 05:00:00,12348.055,28.25,3633.803,928.439,12871.634,928.868,0.254,10,0.2540000000008149
29574,2024-07-03 06:00:00,12348.314,28.25,3633.878,928.45,12871.904,928.879,0.259,10,0.2590000000000145
29574,2024-07-03 07:00:00,12348.53,28.25,3633.956,928.458,12872.133,928.887,0.215,10,0.2160000000003492
29574,2024-07-03 08:00:00,12349.012,28.25,3634.149,928.46,12872.65,928.889,0.481,10,0.4819999999999709
29574,2024-07-03 09:00:00,12349.583,28.25,3634.234,928.462,12873.222,928.891,0.571,10,0.5709999999999127
29574,2024-07-03 10:00:00,12349.859,28.25,3634.333,928.467,12873.515,928.896,0.276,10,0.2759999999998399
29574,2024-07-03 11:00:00,12350.019,28.25,3634.432,928.468,12873.696,928.897,0.159,10,0.1599999999998544
29574,2024-07-03 12:00:00,12350.169,28.25,3634.519,928.47,12873.865,928.899,0.15,10,0.1499999999996362
29574,2024-07-03 13:00:00,12350.316,28.25,3634.605,928.472,12874.03,928.901,0.146,10,0.147000000000844
29574,2024-07-03 14:00:00,12350.655,28.25,3634.677,928.474,12874.375,928.903,0.338,10,0.3389999999999418
29574,2024-07-03 15:00:00,12350.793,28.25,3634.748,928.477,12874.528,928.906,0.137,10,0.1379999999990104
29574,2024-07-03 16:00:00,12350.934,28.25,3634.834,928.482,12874.687,928.911,0.14,10,0.1409999999996216
29574,2024-07-03 17:00:00,12351.113,28.25,3634.915,928.49,12874.882,928.919,0.179,10,0.1790000000000873
29574,2024-07-03 18:00:00,12351.54,28.25,3634.996,928.501,12875.314,928.93,0.426,10,0.4270000000014988
29574,2024-07-03 19:00:00,12352.154,28.25,3635.096,928.504,12875.932,928.933,0.614,10,0.613999999999578
29574,2024-07-03 20:00:00,12352.533,28.25,3635.153,928.517,12876.311,928.946,0.378,10,0.3789999999989959
29574,2024-07-03 21:00:00,12353.149,28.25,3635.224,928.525,12876.922,928.954,0.616,10,0.6159999999999854
29574,2024-07-03 22:00:00,12353.459,28.25,3635.304,928.537,12877.242,928.966,0.309,10,0.3100000000013097
29574,2024-07-03 23:00:00,12353.745,28.25,3635.401,928.546,12877.544,928.975,0.285,10,0.2860000000000582
29574,2024-07-04 00:00:00,12354.006,28.25,3635.487,928.557,12877.819,928.986,0.261,10,0.260999999998603
29574,2024-07-04 01:00:00,12354.239,28.25,3635.554,928.566,12878.061,928.995,0.233,10,0.2330000000001746
29574,2024-07-04 02:00:00,12354.477,28.25,3635.629,928.575,12878.311,929.004,0.238,10,0.2380000000011932
29574,2024-07-04 03:00:00,12354.73,28.25,3635.718,928.585,12878.579,929.014,0.252,10,0.2529999999987922
29574,2024-07-04 04:00:00,12354.963,28.25,3635.784,928.599,12878.821,929.028,0.233,10,0.2330000000001746
29574,2024-07-04 05:00:00,12355.24,28.25,3635.848,928.608,12879.105,929.037,0.276,10,0.2770000000000436
29574,2024-07-04 06:00:00,12355.552,28.25,3635.944,928.616,12879.431,929.045,0.312,10,0.3119999999998981
29574,2024-07-04 07:00:00,12355.81,28.25,3636.025,928.627,12879.701,929.056,0.258,10,0.2579999999998108
29574,2024-07-04 08:00:00,12356.054,28.25,3636.152,928.641,12879.971,929.07,0.169,10,0.2440000000005966
29574,2024-07-04 12:00:00,12357.594,28.255,3636.703,928.731,12881.604,929.16,0.343,10,0.3669999999983702
29574,2024-07-04 13:00:00,12358.174,28.255,3636.898,928.747,12882.216,929.176,0.561,10,0.5800000000017462
29574,2024-07-04 14:00:00,12358.424,28.255,3637.018,928.802,12882.489,929.231,0.213,10,0.25
29574,2024-07-04 15:00:00,12358.681,28.255,3637.131,928.839,12882.768,929.268,0.203,10,0.2569999999996071
29574,2024-07-04 16:00:00,12359.098,28.255,3637.249,928.882,12883.201,929.311,0.356,10,0.4169999999994616
29574,2024-07-04 17:00:00,12359.389,28.255,3637.347,928.918,12883.508,929.347,0.205,10,0.2909999999992578
29574,2024-07-04 18:00:00,12359.811,28.255,3637.48,928.936,12883.95,929.365,0.321,10,0.4220000000004802
29574,2024-07-04 19:00:00,12360.182,28.255,3637.599,928.967,12884.34,929.396,0.262,10,0.3710000000010041
29574,2024-07-04 20:00:00,12360.951,28.255,3637.71,928.989,12885.109,929.418,0.656,10,0.7689999999984138
29574,2024-07-04 21:00:00,12361.294,28.255,3637.802,929.085,12885.464,929.514,0.283,10,0.3430000000007567
29574,2024-07-04 22:00:00,12361.696,28.255,3637.921,929.121,12885.883,929.55,0.298,10,0.4020000000000436
29574,2024-07-04 23:00:00,12362.116,28.255,3638.054,929.158,12886.324,929.587,0.354,10,0.4200000000000727
29574,2024-07-05 00:00:00,12362.486,28.255,3638.178,929.186,12886.714,929.615,0.283,10,0.3700000000008003
29574,2024-07-06 03:00:00,12372.176,28.256,3641.753,929.979,12897.019,930.408,0.163,10,0.2079999999987194
29574,2024-07-06 04:00:00,12372.38,28.256,3641.875,930.011,12897.249,930.44,0.163,10,0.2039999999997235
29574,2024-07-06 05:00:00,12372.581,28.256,3641.991,930.042,12897.474,930.471,0.165,10,0.2010000000009313
29574,2024-07-06 06:00:00,12372.77,28.256,3642.105,930.078,12897.688,930.507,0.165,10,0.1890000000003056
29574,2024-07-06 07:00:00,12372.975,28.256,3642.202,930.126,12897.912,930.555,0.145,10,0.2049999999999272
29574,2024-07-06 08:00:00,12373.248,28.256,3642.343,930.158,12898.214,930.587,0.169,10,0.2729999999992287
29574,2024-07-06 09:00:00,12373.525,28.266,3642.433,930.218,12898.505,930.647,0.246,10,0.2770000000000436
29574,2024-07-06 10:00:00,12373.975,28.266,3642.525,930.231,12898.962,930.66,0.448,10,0.4500000000007276
29574,2024-07-06 11:00:00,12374.357,28.266,3642.645,930.25,12899.363,930.679,0.365,10,0.3819999999996071
29574,2024-07-06 12:00:00,12374.633,28.266,3642.761,930.278,12899.66,930.707,0.245,10,0.2759999999998399
29574,2024-07-06 13:00:00,12374.851,28.266,3642.875,930.301,12899.902,930.73,0.199,10,0.2180000000007567
29574,2024-07-06 14:00:00,12375.068,28.266,3642.958,930.33,12900.133,930.759,0.17,10,0.2169999999987339
29574,2024-07-06 15:00:00,12375.292,28.266,3643.065,930.363,12900.378,930.792,0.188,10,0.22400000000016
29574,2024-07-06 16:00:00,12375.686,28.266,3643.248,930.377,12900.808,930.806,0.37,10,0.3940000000002328
29574,2024-07-06 17:00:00,12376.047,28.266,3643.389,930.41,12901.194,930.839,0.318,10,0.3610000000007858
29574,2024-07-06 18:00:00,12376.302,28.266,3643.51,930.453,12901.473,930.882,0.193,10,0.2549999999991996
29574,2024-07-06 19:00:00,12376.807,28.266,3643.625,930.488,12901.99,930.917,0.416,10,0.5050000000010186
29574,2024-07-06 20:00:00,12377.717,28.266,3643.699,930.525,12902.884,930.954,0.858,10,0.9099999999998544
29574,2024-07-06 21:00:00,12378.103,28.266,3643.867,930.548,12903.301,930.977,0.324,10,0.385999999998603
29574,2024-07-06 22:00:00,12378.384,28.266,3643.999,930.575,12903.608,931.004,0.214,10,0.2810000000008585
29574,2024-07-06 23:00:00,12378.659,28.266,3644.136,930.593,12903.911,931.022,0.214,10,0.2749999999996362
29574,2024-07-07 00:00:00,12378.897,28.266,3644.256,930.628,12904.173,931.057,0.181,10,0.2380000000011932
29574,2024-07-07 01:00:00,12379.142,28.266,3644.372,930.664,12904.441,931.093,0.197,10,0.2449999999989813
29574,2024-07-07 02:00:00,12379.386,28.266,3644.493,930.69,12904.709,931.119,0.194,10,0.2440000000005966
29574,2024-07-07 03:00:00,12379.712,28.266,3644.612,930.718,12905.055,931.147,0.278,10,0.3259999999991123
29574,2024-07-07 04:00:00,12379.922,28.266,3644.726,930.748,12905.289,931.177,0.161,10,0.2100000000009458
29574,2024-07-07 05:00:00,12380.096,28.266,3644.837,930.774,12905.487,931.203,0.135,10,0.1739999999990686
29574,2024-07-07 06:00:00,12380.279,28.266,3644.957,930.794,12905.697,931.223,0.132,10,0.1830000000009022
29574,2024-07-07 07:00:00,12380.495,28.266,3645.076,930.827,12905.937,931.256,0.133,10,0.2160000000003492
29574,2024-07-07 08:00:00,12380.726,28.266,3645.185,930.86,12906.19,931.289,0.127,10,0.2309999999997671
29574,2024-07-07 09:00:00,12380.993,28.266,3645.301,930.887,12906.479,931.316,0.127,10,0.2669999999998254
29574,2024-07-07 10:00:00,12381.415,28.266,3645.393,930.967,12906.91,931.396,0.4,10,0.4220000000004802
29574,2024-07-07 11:00:00,12381.929,28.266,3645.492,930.982,12907.431,931.411,0.505,10,0.5139999999992142
29574,2024-07-07 12:00:00,12382.22,28.266,3645.657,930.998,12907.756,931.426,0.244,10,0.2909999999992578
29574,2024-07-07 13:00:00,12382.463,28.266,3645.788,931.023,12908.026,931.451,0.217,10,0.2430000000003929
29574,2024-07-07 14:00:00,12382.782,28.266,3645.977,931.031,12908.386,931.459,0.284,10,0.3189999999995052
29574,2024-07-07 15:00:00,12383.017,28.266,3646.106,931.052,12908.648,931.48,0.171,10,0.235000000000582
29574,2024-07-07 16:00:00,12383.275,28.266,3646.261,931.066,12908.939,931.494,0.195,10,0.2579999999998108
29574,2024-07-07 17:00:00,12383.478,28.266,3646.378,931.082,12909.167,931.51,0.145,10,0.2029999999995198
29574,2024-07-07 18:00:00,12383.704,28.266,3646.489,931.128,12909.415,931.556,0.152,10,0.2260000000005675
29574,2024-07-07 19:00:00,12384.042,28.266,3646.64,931.154,12909.782,931.582,0.253,10,0.337999999999738
29574,2024-07-07 20:00:00,12384.406,28.266,3646.758,931.208,12910.164,931.636,0.241,10,0.364000000001397
29574,2024-07-07 21:00:00,12385.133,28.266,3646.872,931.246,12910.894,931.674,0.647,10,0.7269999999989523
29574,2024-07-07 22:00:00,12385.407,28.266,3647.01,931.266,12911.196,931.694,0.254,10,0.2739999999994325
29574,2024-07-07 23:00:00,12385.637,28.266,3647.103,931.291,12911.443,931.719,0.16,10,0.2300000000013824
29574,2024-07-08 00:00:00,12385.945,28.266,3647.185,931.292,12911.761,931.72,0.254,10,0.3079999999990832
29574,2024-07-08 01:00:00,12386.29,28.266,3647.288,931.3,12912.121,931.728,0.276,10,0.3450000000011641
29574,2024-07-08 02:00:00,12386.49,28.266,3647.362,931.313,12912.334,931.741,0.137,10,0.1999999999989086
29574,2024-07-08 03:00:00,12386.689,28.266,3647.458,931.319,12912.552,931.747,0.135,10,0.1990000000005238
29574,2024-07-08 04:00:00,12386.892,28.266,3647.554,931.325,12912.774,931.753,0.139,10,0.2029999999995198
29574,2024-07-08 05:00:00,12387.121,28.266,3647.635,931.351,12913.016,931.779,0.131,10,0.2289999999993597
29574,2024-07-08 06:00:00,12387.337,28.266,3647.74,931.373,12913.253,931.801,0.137,10,0.2160000000003492
29574,2024-07-08 07:00:00,12387.476,28.266,3647.856,931.407,12913.419,931.835,0.128,10,0.1390000000010331
29574,2024-07-08 08:00:00,12387.71,28.266,3647.986,931.424,12913.681,931.852,0.168,10,0.2339999999985593
29574,2024-07-08 09:00:00,12388.548,28.266,3648.239,931.424,12914.556,931.852,0.234,10,0.838000000001557
29574,2024-07-08 10:00:00,12388.741,28.266,3648.372,931.431,12914.779,931.859,0.15,10,0.1929999999993015
29574,2024-07-08 13:00:00,12389.48,28.266,3648.684,931.49,12915.576,931.918,0.309,10,0.3500000000003638
29574,2024-07-08 20:00:00,12391.554,28.266,3649.451,931.631,12917.782,932.059,0.523,10,0.5979999999999563
29574,2024-07-08 21:00:00,12392.04,28.266,3649.548,931.662,12918.276,932.09,0.399,10,0.4860000000007858
29574,2024-07-08 22:00:00,12392.487,28.266,3649.697,931.684,12918.746,932.112,0.362,10,0.4469999999982974
29574,2024-07-08 23:00:00,12392.989,28.266,3649.797,931.714,12919.256,932.142,0.442,10,0.5020000000004075
29574,2024-07-09 00:00:00,12393.242,28.266,3649.924,931.746,12919.535,932.174,0.178,10,0.2530000000006112
29574,2024-07-09 01:00:00,12393.687,28.266,3650.048,931.776,12919.997,932.204,0.394,10,0.4449999999997089
29574,2024-07-09 02:00:00,12393.972,28.266,3650.157,931.802,12920.301,932.23,0.232,10,0.2849999999998545
29574,2024-07-09 03:00:00,12394.168,28.266,3650.261,931.832,12920.518,932.26,0.137,10,0.1959999999999127
29574,2024-07-09 04:00:00,12394.37,28.266,3650.369,931.871,12920.743,932.299,0.135,10,0.202000000001135
29574,2024-07-09 05:00:00,12394.577,28.266,3650.466,931.901,12920.969,932.329,0.135,10,0.2069999999985157
29574,2024-07-09 06:00:00,12394.798,28.266,3650.579,931.931,12921.212,932.359,0.168,10,0.2210000000013678
29574,2024-07-09 07:00:00,12395.06,28.266,3650.691,931.975,12921.495,932.403,0.146,10,0.2619999999988067
29574,2024-07-09 08:00:00,12395.324,28.266,3650.777,932.016,12921.773,932.444,0.123,10,0.2640000000010332
29574,2024-07-09 09:00:00,12396.009,28.266,3650.888,932.061,12922.461,932.489,0.599,10,0.6849999999994907
29574,2024-07-09 10:00:00,12396.38,28.266,3651.007,932.09,12922.851,932.518,0.317,10,0.3709999999991851
29574,2024-07-09 11:00:00,12396.809,28.266,3651.204,932.101,12923.318,932.529,0.371,10,0.4290000000000873
29574,2024-07-09 12:00:00,12397.285,28.266,3651.374,932.128,12923.823,932.556,0.409,10,0.4760000000005675
29574,2024-07-09 13:00:00,12397.617,28.266,3651.587,932.141,12924.201,932.569,0.255,10,0.3320000000003347
29574,2024-07-09 14:00:00,12397.872,28.266,3651.686,932.176,12924.474,932.604,0.178,10,0.2549999999991996
29574,2024-07-09 15:00:00,12398.177,28.266,3651.898,932.201,12924.826,932.629,0.218,10,0.305000000000291
29574,2024-07-09 16:00:00,12398.492,28.266,3652.043,932.242,12925.17,932.67,0.225,10,0.3150000000005093
29574,2024-07-09 17:00:00,12398.757,28.266,3652.159,932.274,12925.457,932.702,0.21,10,0.2649999999994179
29574,2024-07-09 18:00:00,12398.996,28.266,3652.278,932.328,12925.719,932.756,0.129,10,0.238999999999578
29574,2024-07-09 19:00:00,12399.232,28.267,3652.43,932.397,12925.989,932.825,0.155,10,0.2360000000007858
29574,2024-07-09 20:00:00,12399.821,28.267,3652.52,932.419,12926.579,932.847,0.492,10,0.5889999999999418
29574,2024-07-09 21:00:00,12400.377,28.267,3652.603,932.433,12927.136,932.861,0.458,10,0.5560000000004948
29574,2024-07-09 22:00:00,12400.735,28.267,3652.724,932.451,12927.514,932.879,0.208,10,0.3580000000001746
29574,2024-07-09 23:00:00,12401.214,28.267,3652.856,932.475,12928.01,932.903,0.359,10,0.4789999999993597
29574,2024-07-10 03:00:00,12402.557,28.267,3653.295,932.594,12929.423,933.022,0.197,10,0.2980000000006839
29574,2024-07-10 04:00:00,12402.87,28.267,3653.4,932.62,12929.753,933.048,0.222,10,0.3130000000001018
29574,2024-07-10 05:00:00,12403.147,28.267,3653.478,932.65,12930.04,933.078,0.197,10,0.2770000000000436
29574,2024-07-10 06:00:00,12403.425,28.267,3653.563,932.679,12930.331,933.107,0.191,10,0.2779999999984284
29574,2024-07-10 07:00:00,12403.759,28.267,3653.658,932.709,12930.678,933.137,0.188,10,0.3340000000007421
29574,2024-07-10 08:00:00,12404.483,28.267,3653.743,932.764,12931.397,933.192,0.566,10,0.7240000000001601
29574,2024-07-10 09:00:00,12404.811,28.267,3653.862,932.824,12931.745,933.252,0.179,10,0.3279999999995198
29574,2024-07-10 10:00:00,12405.166,28.267,3653.975,932.888,12932.118,933.316,0.341,10,0.3549999999995634
29574,2024-07-10 11:00:00,12405.519,28.267,3654.045,932.922,12932.476,933.35,0.233,10,0.353000000000975
29574,2024-07-10 12:00:00,12405.864,28.267,3654.283,932.937,12932.874,933.365,0.235,10,0.3449999999993451
29574,2024-07-10 13:00:00,12406.09,28.267,3654.468,932.976,12933.143,933.404,0.168,10,0.2260000000005675
29574,2024-07-10 14:00:00,12406.317,28.267,3654.644,933.015,12933.411,933.443,0.141,10,0.2269999999989522
29574,2024-07-10 15:00:00,12406.564,28.267,3654.775,933.064,12933.685,933.492,0.148,10,0.2470000000012078
29574,2024-07-10 16:00:00,12406.825,28.267,3654.935,933.107,12933.98,933.535,0.15,10,0.261000000000422
29574,2024-07-10 17:00:00,12407.068,28.267,3655.086,933.14,12934.256,933.568,0.147,10,0.2429999999985739
29574,2024-07-10 18:00:00,12407.321,28.267,3655.185,933.177,12934.527,933.605,0.179,10,0.2530000000006112
29574,2024-07-10 19:00:00,12407.693,28.267,3655.295,933.22,12934.915,933.648,0.225,10,0.3719999999993888
29574,2024-07-10 20:00:00,12408.466,28.267,3655.392,933.246,12935.683,933.673,0.637,10,0.7730000000010477
29574,2024-07-10 21:00:00,12408.919,28.267,3655.473,933.274,12936.141,933.701,0.294,10,0.4529999999995198
29574,2024-07-10 22:00:00,12409.311,28.267,3655.577,933.302,12936.546,933.729,0.297,10,0.3919999999998254
29574,2024-07-10 23:00:00,12409.776,28.267,3655.694,933.335,12937.025,933.762,0.409,10,0.4650000000001455
29574,2024-07-11 00:00:00,12410.016,28.267,3655.82,933.358,12937.291,933.785,0.172,10,0.2399999999997817
29574,2024-07-11 01:00:00,12410.241,28.267,3655.937,933.384,12937.54,933.811,0.163,10,0.2250000000003638
29574,2024-07-11 04:00:00,12410.874,28.267,3656.302,933.458,12938.25,933.885,0.155,10,0.2139999999999418
29574,2024-07-11 05:00:00,12411.08,28.267,3656.413,933.484,12938.479,933.911,0.151,10,0.2060000000001309
29574,2024-07-11 06:00:00,12411.263,28.267,3656.516,933.52,12938.684,933.947,0.127,10,0.1830000000009022
29574,2024-07-11 07:00:00,12411.505,28.267,3656.648,933.555,12938.954,933.982,0.131,10,0.2419999999983701
29574,2024-07-11 08:00:00,12412.379,28.267,3656.808,933.579,12939.837,934.006,0.783,10,0.8740000000016153
29574,2024-07-11 09:00:00,12412.985,28.267,3657.12,933.592,12940.507,934.019,0.462,10,0.6059999999997672
29574,2024-07-11 10:00:00,12413.246,28.267,3657.249,933.643,12940.793,934.07,0.152,10,0.260999999998603
29574,2024-07-11 11:00:00,12413.466,28.267,3657.387,933.686,12941.043,934.113,0.137,10,0.2200000000011641
29574,2024-07-11 12:00:00,12413.702,28.267,3657.521,933.736,12941.308,934.163,0.143,10,0.2359999999989668
29574,2024-07-11 13:00:00,12414.596,28.267,3657.665,933.766,12942.206,934.193,0.833,10,0.8940000000002328
29574,2024-07-11 14:00:00,12414.881,28.267,3657.849,933.779,12942.531,934.206,0.181,10,0.2849999999998545
29574,2024-07-11 15:00:00,12415.103,28.267,3658.026,933.824,12942.794,934.251,0.146,10,0.2219999999997526
29574,2024-07-11 16:00:00,12415.743,28.267,3658.137,933.88,12943.44,934.307,0.601,10,0.6400000000012369
29574,2024-07-11 17:00:00,12416.655,28.267,3658.308,933.906,12944.363,934.333,0.901,10,0.912000000000262
29574,2024-07-11 18:00:00,12416.907,28.267,3658.482,933.941,12944.654,934.368,0.155,10,0.2519999999985884
29574,2024-07-11 19:00:00,12417.203,28.267,3658.604,933.992,12944.972,934.419,0.221,10,0.2960000000002765
29574,2024-07-11 20:00:00,12418.239,28.267,3658.721,934.015,12945.999,934.442,0.933,10,1.0360000000000582
29574,2024-07-11 21:00:00,12418.676,28.267,3658.83,934.079,12946.449,934.506,0.342,10,0.4369999999998981
29574,2024-07-11 22:00:00,12419.054,28.267,3658.953,934.125,12946.846,934.552,0.302,10,0.3780000000006112
29574,2024-07-11 23:00:00,12419.498,28.267,3659.052,934.176,12947.3,934.603,0.346,10,0.4439999999995052
29574,2024-07-12 02:00:00,12420.865,28.267,3659.356,934.322,12948.697,934.749,0.319,10,0.440999999998894
29574,2024-07-12 03:00:00,12421.277,28.267,3659.457,934.387,12949.121,934.814,0.304,10,0.4120000000002619
29574,2024-07-12 04:00:00,12421.712,28.267,3659.562,934.429,12949.568,934.856,0.307,10,0.4349999999994907
29574,2024-07-12 05:00:00,12422.146,28.267,3659.636,934.475,12950.005,934.902,0.3,10,0.4340000000011059
29574,2024-07-12 06:00:00,12422.561,28.267,3659.763,934.495,12950.439,934.922,0.34,10,0.4149999999990541
29574,2024-07-12 07:00:00,12422.837,28.267,3659.881,934.526,12950.737,934.953,0.171,10,0.2759999999998399
29574,2024-07-12 08:00:00,12423.138,28.267,3660.003,934.569,12951.06,934.996,0.168,10,0.3010000000012951
29574,2024-07-12 09:00:00,12423.573,28.267,3660.13,934.628,12951.514,935.055,0.37,10,0.4349999999994907
29574,2024-07-12 10:00:00,12423.99,28.267,3660.248,934.648,12951.947,935.075,0.333,10,0.4169999999994616
29574,2024-07-12 11:00:00,12424.347,28.267,3660.364,934.681,12952.322,935.108,0.26,10,0.3569999999999709
29574,2024-07-12 12:00:00,12424.813,28.267,3660.49,934.699,12952.805,935.126,0.383,10,0.4660000000003492
29574,2024-07-12 13:00:00,12425.4,28.267,3660.603,934.718,12953.4,935.145,0.53,10,0.5869999999995343
29574,2024-07-12 14:00:00,12425.682,28.267,3660.72,934.741,12953.703,935.168,0.202,10,0.2820000000010623
29574,2024-07-12 15:00:00,12425.924,28.267,3660.825,934.768,12953.965,935.195,0.132,10,0.2420000000001891
29574,2024-07-12 16:00:00,12426.317,28.267,3660.995,934.778,12954.39,935.205,0.251,10,0.3929999999982101
29574,2024-07-12 17:00:00,12426.874,28.267,3661.232,934.789,12954.991,935.216,0.4,10,0.5570000000006985
29574,2024-07-12 18:00:00,12427.185,28.267,3661.343,934.806,12955.321,935.233,0.143,10,0.3109999999996944
29574,2024-07-12 19:00:00,12427.463,28.267,3661.451,934.838,12955.618,935.265,0.164,10,0.2780000000002474
29574,2024-07-12 20:00:00,12428.109,28.267,3661.552,934.868,12956.267,935.295,0.508,10,0.6460000000006403
29574,2024-07-12 21:00:00,12428.886,28.267,3661.636,934.903,12957.036,935.33,0.675,10,0.7770000000000437
29574,2024-07-12 22:00:00,12429.366,28.267,3661.704,934.939,12957.515,935.366,0.334,10,0.4799999999995634
29574,2024-07-12 23:00:00,12429.939,28.267,3661.804,934.952,12958.093,935.379,0.45,10,0.5730000000003201
29574,2024-07-13 02:00:00,12431.0,28.267,3662.056,934.999,12959.182,935.426,0.216,10,0.3299999999999272
29574,2024-07-13 03:00:00,12431.306,28.267,3662.156,935.012,12959.504,935.439,0.191,10,0.3060000000004947
29574,2024-07-13 04:00:00,12431.66,28.267,3662.226,935.03,12959.863,935.457,0.236,10,0.3539999999993597
29574,2024-07-13 05:00:00,12431.983,28.267,3662.341,935.041,12960.206,935.468,0.199,10,0.3230000000003201
29574,2024-07-13 06:00:00,12432.364,28.267,3662.451,935.05,12960.602,935.477,0.268,10,0.3809999999994033
29574,2024-07-13 07:00:00,12432.638,28.267,3662.55,935.077,12960.893,935.504,0.179,10,0.2740000000012514
29574,2024-07-13 08:00:00,12432.909,28.267,3662.65,935.095,12961.181,935.522,0.153,10,0.2709999999988213
29574,2024-07-13 09:00:00,12433.274,28.267,3662.746,935.123,12961.558,935.55,0.232,10,0.3649999999997817
29574,2024-07-13 10:00:00,12433.872,28.267,3662.838,935.14,12962.158,935.567,0.517,10,0.5979999999999563
29574,2024-07-13 11:00:00,12434.167,28.267,3662.935,935.155,12962.468,935.582,0.184,10,0.2950000000000727
29574,2024-07-13 12:00:00,12434.386,28.267,3663.018,935.167,12962.702,935.594,0.149,10,0.2190000000009604
29574,2024-07-13 13:00:00,12434.753,28.267,3663.103,935.171,12963.078,935.598,0.516,10,0.3670000000001892
29574,2024-07-13 14:00:00,12435.003,28.267,3663.209,935.195,12963.348,935.622,0.166,10,0.25
29574,2024-07-13 21:00:00,12437.715,28.267,3664.032,935.336,12966.182,935.763,0.503,10,0.6560000000008586
29574,2024-07-13 22:00:00,12438.096,28.267,3664.162,935.358,12966.584,935.785,0.193,10,0.3809999999994033
29574,2024-07-13 23:00:00,12438.486,28.267,3664.272,935.383,12966.989,935.81,0.17,10,0.3900000000012369
29574,2024-07-14 02:00:00,12439.449,28.267,3664.507,935.424,12967.979,935.85,0.179,10,0.3190000000013242
29574,2024-07-14 03:00:00,12439.783,28.267,3664.644,935.426,12968.339,935.852,0.202,10,0.3339999999989231
29574,2024-07-14 04:00:00,12440.084,28.267,3664.747,935.432,12968.656,935.858,0.161,10,0.3010000000012951
29574,2024-07-14 05:00:00,12440.41,28.267,3664.855,935.451,12969.0,935.877,0.167,10,0.3259999999991123
29574,2024-07-14 06:00:00,12440.698,28.267,3664.948,935.479,12969.302,935.905,0.146,10,0.2880000000004656
29574,2024-07-14 07:00:00,12440.985,28.267,3665.05,935.502,12969.606,935.928,0.148,10,0.2870000000002619
29574,2024-07-14 08:00:00,12441.256,28.267,3665.152,935.53,12969.895,935.956,0.148,10,0.2709999999988213
29574,2024-07-14 09:00:00,12441.515,28.267,3665.262,935.581,12970.175,936.007,0.123,10,0.2590000000000145
29574,2024-07-14 10:00:00,12441.812,28.267,3665.384,935.614,12970.494,936.04,0.173,10,0.2970000000004802
29574,2024-07-14 11:00:00,12443.032,28.267,3665.654,935.629,12971.741,936.055,1.138,10,1.2199999999993452
29574,2024-07-14 12:00:00,12443.601,28.267,3665.883,935.643,12972.351,936.069,0.455,10,0.5690000000013242
29574,2024-07-14 13:00:00,12443.927,28.267,3666.018,935.657,12972.702,936.083,0.221,10,0.3259999999991123
29574,2024-07-14 14:00:00,12444.315,28.267,3666.132,935.686,12973.106,936.112,0.253,10,0.3880000000008294
29574,2024-07-14 15:00:00,12444.634,28.267,3666.264,935.706,12973.45,936.132,0.207,10,0.3189999999995052
29574,2024-07-14 16:00:00,12444.983,28.267,3666.369,935.753,12973.814,936.179,0.235,10,0.34900000000016
29574,2024-07-14 17:00:00,12445.461,28.267,3666.51,935.785,12974.312,936.211,0.34,10,0.477999999999156
29574,2024-07-14 18:00:00,12446.736,28.267,3666.644,935.828,12975.573,936.254,1.177,10,1.2750000000014552
29574,2024-07-14 19:00:00,12447.084,28.267,3666.757,935.868,12975.939,936.294,0.234,10,0.3479999999999563
29574,2024-07-14 20:00:00,12447.611,28.267,3666.842,935.908,12976.469,936.334,0.344,10,0.5270000000000437
29574,2024-07-14 21:00:00,12448.489,28.267,3666.958,935.937,12977.344,936.363,0.783,10,0.8779999999987922
29574,2024-07-14 22:00:00,12449.052,28.267,3667.066,935.973,12977.914,936.399,0.372,10,0.5630000000001019
29574,2024-07-14 23:00:00,12449.658,28.267,3667.122,936.019,12978.511,936.445,0.423,10,0.6059999999997672
29574,2024-07-16 01:00:00,12468.663,28.271,3673.472,937.403,12998.536,937.829,0.246,10,0.3919999999998254
29574,2024-07-16 02:00:00,12469.06,28.271,3673.574,937.43,12998.946,937.856,0.251,10,0.396999999999025
29574,2024-07-16 03:00:00,12469.433,28.271,3673.675,937.461,12999.332,937.887,0.228,10,0.3730000000014115
29574,2024-07-16 04:00:00,12469.793,28.271,3673.78,937.492,12999.707,937.918,0.222,10,0.3599999999987631
29574,2024-07-16 05:00:00,12470.15,28.271,3673.888,937.52,13000.08,937.946,0.224,10,0.3569999999999709
29574,2024-07-16 06:00:00,12470.498,28.271,3673.999,937.546,13000.445,937.972,0.217,10,0.3479999999999563
29574,2024-07-16 07:00:00,12470.874,28.271,3674.083,937.608,13000.83,938.034,0.271,10,0.3760000000002037
29574,2024-07-16 08:00:00,12471.13,28.271,3674.186,937.658,13001.104,938.084,0.198,10,0.2559999999994033
29574,2024-07-16 09:00:00,12471.428,28.271,3674.321,937.711,13001.428,938.137,0.195,10,0.2980000000006839
29574,2024-07-16 10:00:00,12472.123,28.271,3674.47,937.755,13002.137,938.181,0.58,10,0.694999999999709
29574,2024-07-16 11:00:00,12472.545,28.271,3674.584,937.793,13002.574,938.219,0.324,10,0.4220000000004802
29574,2024-07-16 12:00:00,12472.862,28.271,3674.724,937.818,13002.918,938.244,0.239,10,0.3169999999990978
29574,2024-07-16 13:00:00,12473.208,28.271,3674.872,937.836,13003.291,938.262,0.261,10,0.3460000000013679
29574,2024-07-16 14:00:00,12473.483,28.271,3675.025,937.846,13003.598,938.272,0.194,10,0.2749999999996362
29574,2024-07-16 20:00:00,12476.093,28.271,3676.2,938.058,13006.434,938.483,0.744,10,0.838000000001557
29574,2024-07-16 21:00:00,12476.533,28.271,3676.326,938.109,13006.892,938.534,0.327,10,0.4399999999986903
29574,2024-07-16 22:00:00,12476.963,28.271,3676.454,938.162,13007.34,938.587,0.31,10,0.430000000000291
29574,2024-07-16 23:00:00,12477.643,28.271,3676.593,938.214,13008.032,938.639,0.598,10,0.680000000000291
29574,2024-07-17 03:00:00,12479.485,28.271,3677.195,938.402,13009.969,938.827,0.345,10,0.4330000000009022
29574,2024-07-17 04:00:00,12479.926,28.271,3677.326,938.453,13010.429,938.878,0.354,10,0.440999999998894
29574,2024-07-17 05:00:00,12480.331,28.271,3677.451,938.503,13010.853,938.928,0.33,10,0.4050000000006548
29574,2024-07-17 06:00:00,12480.746,28.271,3677.517,938.572,13011.27,938.997,0.35,10,0.4149999999990541
29574,2024-07-17 07:00:00,12481.13,28.271,3677.736,938.593,13011.7,939.018,0.293,10,0.3840000000000145
29574,2024-07-17 08:00:00,12481.405,28.271,3677.88,938.633,13012.004,939.058,0.187,10,0.2750000000014552
29574,2024-07-17 09:00:00,12481.697,28.271,3678.011,938.682,13012.322,939.107,0.181,10,0.2919999999994616
29574,2024-07-17 10:00:00,12482.386,28.271,3678.134,938.721,13013.017,939.146,0.607,10,0.6890000000003056
29574,2024-07-17 11:00:00,12482.678,28.271,3678.278,938.763,13013.338,939.188,0.199,10,0.2919999999994616
29574,2024-07-17 12:00:00,12483.13,28.271,3678.406,938.801,13013.808,939.226,0.743,10,0.451999999999316
29574,2024-07-17 17:00:00,12484.941,28.271,3679.172,938.964,13015.761,939.389,0.281,10,0.3720000000012078
29574,2024-07-17 18:00:00,12485.225,28.271,3679.292,939.057,13016.068,939.482,0.263,10,0.2839999999996507
29574,2024-07-17 19:00:00,12486.258,28.271,3679.443,939.116,13017.101,939.541,0.902,10,1.032999999999447
29574,2024-07-17 20:00:00,12486.758,28.271,3679.571,939.163,13017.617,939.588,0.314,10,0.5
29574,2024-07-17 21:00:00,12487.25,28.271,3679.687,939.209,13018.122,939.634,0.323,10,0.4920000000001892
29574,2024-07-17 22:00:00,12487.734,28.271,3679.791,939.242,13018.615,939.667,0.31,10,0.4840000000003783
29574,2024-07-17 23:00:00,12488.254,28.271,3679.922,939.284,13019.151,939.709,0.33,10,0.5200000000004366
29574,2024-07-18 02:00:00,12489.853,28.271,3680.339,939.464,13020.803,939.889,0.32,10,0.5159999999996217
29574,2024-07-18 03:00:00,12490.36,28.271,3680.472,939.522,13021.327,939.947,0.316,10,0.5070000000014261
29574,2024-07-18 04:00:00,12490.868,28.271,3680.64,939.538,13021.862,939.963,0.323,10,0.5079999999998108
29574,2024-07-18 05:00:00,12491.387,28.271,3680.792,939.571,13022.402,939.996,0.328,10,0.5190000000002328
29574,2024-07-18 06:00:00,12491.846,28.271,3680.919,939.616,13022.879,940.041,0.301,10,0.4589999999989231
29574,2024-07-18 07:00:00,12492.224,28.271,3681.11,939.636,13023.295,940.061,0.238,10,0.3780000000006112
29574,2024-07-18 08:00:00,12492.749,28.271,3681.413,939.636,13023.884,940.061,0.376,10,0.5249999999996362
29574,2024-07-18 09:00:00,12493.488,28.271,3681.58,939.636,13024.641,940.061,0.736,10,0.738999999999578
29574,2024-07-18 10:00:00,12493.644,28.271,3681.665,939.636,13024.814,940.061,0.156,10,0.1560000000008585
29574,2024-07-18 11:00:00,12493.817,28.271,3681.772,939.636,13025.01,940.061,0.172,10,0.1729999999988649
29574,2024-07-18 12:00:00,12494.008,28.271,3681.898,939.636,13025.229,940.061,0.19,10,0.191000000000713
29574,2024-07-18 13:00:00,12494.353,28.271,3682.013,939.636,13025.593,940.061,0.345,10,0.3449999999993451
29574,2024-07-18 14:00:00,12494.533,28.271,3682.127,939.636,13025.798,940.061,0.179,10,0.180000000000291
29574,2024-07-18 15:00:00,12494.709,28.271,3682.227,939.636,13025.995,940.061,0.175,10,0.1760000000012951
29574,2024-07-18 16:00:00,12494.948,28.271,3682.33,939.636,13026.253,940.061,0.239,10,0.238999999999578
29574,2024-07-18 17:00:00,12495.186,28.271,3682.424,939.636,13026.508,940.061,0.238,10,0.2379999999993742
29574,2024-07-19 01:00:00,12499.425,28.271,3683.621,939.873,13030.912,940.298,0.364,10,0.4470000000001164
29574,2024-07-19 02:00:00,12499.75,28.271,3683.762,939.91,13031.264,940.335,0.247,10,0.3250000000007276
29574,2024-07-19 03:00:00,12500.065,28.271,3683.895,939.952,13031.604,940.377,0.237,10,0.3150000000005093
29574,2024-07-19 04:00:00,12500.373,28.271,3684.035,939.989,13031.939,940.414,0.235,10,0.3079999999990832
29574,2024-07-19 05:00:00,12500.689,28.271,3684.179,940.024,13032.283,940.449,0.243,10,0.316000000000713
29574,2024-07-19 06:00:00,12501.005,28.271,3684.341,940.069,13032.631,940.494,0.231,10,0.315999999998894
29574,2024-07-19 07:00:00,12501.269,28.271,3684.469,940.103,13032.921,940.527,0.221,10,0.2640000000010332
29574,2024-07-19 21:00:00,12505.849,28.271,3686.244,940.181,13037.816,940.605,0.638,10,0.7590000000000146
29574,2024-07-19 22:00:00,12506.35,28.271,3686.451,940.203,13038.355,940.627,0.379,10,0.5010000000002037
29574,2024-07-19 23:00:00,12506.84,28.271,3686.652,940.243,13038.882,940.667,0.366,10,0.4899999999997817
29574,2024-07-20 03:00:00,12508.3,28.271,3687.474,940.489,13040.515,940.913,0.208,10,0.3189999999995052
29574,2024-07-20 04:00:00,12508.615,28.271,3687.687,940.538,13040.877,940.962,0.215,10,0.3150000000005093
29574,2024-07-20 05:00:00,12508.883,28.271,3687.849,940.596,13041.18,941.02,0.209,10,0.2680000000000291
29574,2024-07-20 06:00:00,12509.135,28.271,3687.935,940.597,13041.446,941.021,0.251,10,0.2520000000004074
29574,2024-07-20 07:00:00,12509.366,28.271,3688.01,940.597,13041.689,941.021,0.231,10,0.2309999999997671
29574,2024-07-20 08:00:00,12509.643,28.271,3688.094,940.597,13041.978,941.021,0.276,10,0.2770000000000436
29574,2024-07-20 09:00:00,12509.823,28.271,3688.203,940.597,13042.182,941.021,0.179,10,0.180000000000291
29574,2024-07-20 10:00:00,12510.246,28.271,3688.351,940.597,13042.629,941.021,0.423,10,0.4229999999988649
29574,2024-07-20 11:00:00,12510.98,28.271,3688.53,940.597,13043.384,941.021,0.733,10,0.7340000000003783
29574,2024-07-20 12:00:00,12511.669,28.271,3688.638,940.597,13044.075,941.021,0.69,10,0.6890000000003056
29574,2024-07-20 13:00:00,12512.345,28.271,3688.795,940.597,13044.768,941.021,0.675,10,0.6759999999994761
29574,2024-07-20 14:00:00,12512.626,28.271,3688.953,940.597,13045.082,941.021,0.28,10,0.2810000000008585
29574,2024-07-20 15:00:00,12512.933,28.271,3689.009,940.597,13045.393,941.021,0.305,10,0.3070000000006985
29574,2024-07-20 16:00:00,12513.558,28.271,3689.174,940.597,13046.039,941.021,0.626,10,0.625
29574,2024-07-20 17:00:00,12514.122,28.271,3689.308,940.597,13046.618,941.021,0.562,10,0.5639999999984866
29574,2024-07-20 18:00:00,12515.266,28.271,3689.396,940.6,13047.74,941.024,1.144,10,1.1440000000002328
29574,2024-07-20 19:00:00,12515.722,28.271,3689.474,940.605,13048.199,941.029,0.455,10,0.4560000000001309
29574,2024-07-21 03:00:00,12519.218,28.271,3691.28,940.706,13052.063,941.13,0.205,10,0.2660000000014406
29574,2024-07-21 04:00:00,12519.449,28.271,3691.539,940.706,13052.358,941.13,0.174,10,0.2309999999997671
29574,2024-07-21 05:00:00,12519.693,28.271,3691.81,940.706,13052.669,941.13,0.177,10,0.2439999999987776
29574,2024-07-21 06:00:00,12519.916,28.271,3692.092,940.706,13052.962,941.13,0.179,10,0.2229999999999563
29574,2024-07-21 07:00:00,12520.222,28.271,3692.349,940.706,13053.329,941.13,0.163,10,0.3060000000004947
29574,2024-07-21 08:00:00,12520.602,28.271,3692.58,940.706,13053.758,941.13,0.238,10,0.3800000000010186
29574,2024-07-21 09:00:00,12521.033,28.271,3692.802,940.731,13054.235,941.155,0.297,10,0.4309999999986758
29574,2024-07-21 10:00:00,12521.665,28.271,3692.959,940.734,13054.885,941.158,0.651,10,0.6320000000014261
29574,2024-07-21 11:00:00,12522.057,28.271,3693.187,940.734,13055.326,941.158,0.392,10,0.3919999999998254
29574,2024-07-21 12:00:00,12522.421,28.271,3693.393,940.734,13055.733,941.158,0.363,10,0.363999999999578
29574,2024-07-21 13:00:00,12522.581,28.271,3693.505,940.734,13055.918,941.158,0.159,10,0.1599999999998544
29574,2024-07-21 14:00:00,12522.736,28.271,3693.612,940.734,13056.097,941.158,0.154,10,0.1550000000006548
29574,2024-07-21 15:00:00,12523.217,28.271,3693.756,940.734,13056.599,941.158,0.481,10,0.4809999999997671
29574,2024-07-21 16:00:00,12523.474,28.271,3693.866,940.734,13056.877,941.158,0.255,10,0.2569999999996071
29574,2024-07-21 17:00:00,12523.731,28.271,3693.954,940.734,13057.148,941.158,0.256,10,0.2569999999996071
29574,2024-07-21 18:00:00,12523.945,28.271,3694.042,940.734,13057.378,941.158,0.213,10,0.2139999999999418
29574,2024-07-21 19:00:00,12524.296,28.271,3694.152,940.735,13057.746,941.159,0.35,10,0.3510000000005675
29574,2024-07-21 20:00:00,12524.825,28.271,3694.267,940.735,13058.286,941.159,0.528,10,0.5290000000004511
29574,2024-07-21 21:00:00,12525.399,28.271,3694.356,940.736,13058.862,941.16,0.574,10,0.5739999999987049
29574,2024-07-21 22:00:00,12525.742,28.271,3694.439,940.736,13059.214,941.16,0.342,10,0.3430000000007567
29574,2024-07-21 23:00:00,12526.075,28.271,3694.541,940.737,13059.563,941.161,0.332,10,0.3330000000005384
29574,2024-07-22 00:00:00,12526.378,28.271,3694.64,940.737,13059.881,941.161,0.303,10,0.3029999999998836
29574,2024-07-22 01:00:00,12526.575,28.271,3694.725,940.737,13060.094,941.161,0.195,10,0.1970000000001164
29574,2024-07-22 02:00:00,12526.792,28.271,3694.841,940.737,13060.335,941.161,0.217,10,0.2169999999987339
29574,2024-07-22 03:00:00,12527.043,28.271,3694.902,940.737,13060.593,941.161,0.251,10,0.2510000000002037
29574,2024-07-22 04:00:00,12527.296,28.271,3695.056,940.737,13060.879,941.161,0.252,10,0.2530000000006112
29574,2024-07-22 05:00:00,12527.512,28.271,3695.166,940.737,13061.118,941.161,0.215,10,0.2160000000003492
29574,2024-07-22 06:00:00,12527.716,28.271,3695.267,940.737,13061.342,941.161,0.203,10,0.2039999999997235
29574,2024-07-22 07:00:00,12527.874,28.271,3695.369,940.737,13061.522,941.161,0.159,10,0.157999999999447
29574,2024-07-22 08:00:00,12528.035,28.271,3695.452,940.737,13061.7,941.161,0.161,10,0.1610000000000582
29574,2024-07-22 09:00:00,12528.764,28.271,3695.582,940.737,13062.436,941.161,0.728,10,0.7289999999993597
29574,2024-07-22 10:00:00,12529.05,28.271,3695.715,940.737,13062.748,941.161,0.285,10,0.2860000000000582
29574,2024-07-22 11:00:00,12529.21,28.271,3695.816,940.737,13062.93,941.161,0.16,10,0.1599999999998544
29574,2024-07-22 12:00:00,12529.588,28.271,3695.919,940.737,13063.322,941.161,0.377,10,0.3780000000006112
29574,2024-07-22 13:00:00,12529.838,28.271,3696.039,940.737,13063.596,941.161,0.176,10,0.25
29574,2024-07-22 14:00:00,12530.22,28.271,3696.169,940.743,13063.999,941.167,0.26,10,0.3819999999996071
29574,2024-07-22 19:00:00,12532.179,28.271,3696.773,940.769,13066.049,941.193,0.215,10,0.4040000000004511
29574,2024-07-22 20:00:00,12533.068,28.271,3696.866,940.777,13066.928,941.201,0.742,10,0.8889999999992142
29574,2024-07-22 21:00:00,12533.75,28.271,3697.036,940.781,13067.63,941.205,0.53,10,0.6820000000006985
29574,2024-07-22 22:00:00,12534.301,28.271,3697.192,940.792,13068.203,941.216,0.432,10,0.5509999999994761
29574,2024-07-22 23:00:00,12534.864,28.271,3697.327,940.827,13068.781,941.251,0.448,10,0.5630000000001019
29574,2024-07-23 00:00:00,12535.357,28.271,3697.45,940.832,13069.288,941.256,0.407,10,0.4930000000003929
29574,2024-07-23 01:00:00,12535.809,28.271,3697.568,940.85,13069.755,941.274,0.369,10,0.451999999999316
29574,2024-07-23 06:00:00,12537.78,28.271,3698.166,940.964,13071.815,941.388,0.272,10,0.3580000000001746
29574,2024-07-23 07:00:00,12538.0,28.271,3698.296,940.964,13072.063,941.388,0.192,10,0.2199999999993451
29574,2024-07-23 08:00:00,12538.256,28.274,3698.469,940.989,13072.357,941.413,0.2,10,0.2559999999994033
29574,2024-07-23 13:00:00,12540.658,28.278,3699.512,941.025,13074.956,941.449,0.413,10,0.5199999999986176
29574,2024-07-23 14:00:00,12541.042,28.278,3699.76,941.025,13075.395,941.449,0.283,10,0.3840000000000145
29574,2024-07-23 15:00:00,12541.301,28.278,3699.965,941.025,13075.701,941.449,0.161,10,0.2590000000000145
29574,2024-07-23 16:00:00,12541.625,28.278,3700.149,941.025,13076.064,941.449,0.238,10,0.3240000000005238
29574,2024-07-23 17:00:00,12541.92,28.278,3700.325,941.025,13076.397,941.449,0.227,10,0.2950000000000727
29574,2024-07-23 18:00:00,12542.226,28.278,3700.504,941.026,13076.741,941.45,0.198,10,0.3060000000004947
29574,2024-07-23 19:00:00,12542.628,28.278,3700.709,941.028,13077.184,941.452,0.23,10,0.4020000000000436
29574,2024-07-23 20:00:00,12543.439,28.278,3700.921,941.055,13078.022,941.479,0.631,10,0.8109999999996944
29574,2024-07-23 21:00:00,12544.185,28.278,3701.136,941.06,13078.799,941.484,0.644,10,0.7459999999991851
29574,2024-07-23 22:00:00,12544.945,28.278,3701.277,941.081,13079.567,941.505,0.659,10,0.7600000000002183
29574,2024-07-23 23:00:00,12545.397,28.278,3701.452,941.114,13080.05,941.538,0.344,10,0.452000000001135
29574,2024-07-24 00:00:00,12545.799,28.278,3701.623,941.125,13080.484,941.549,0.275,10,0.4020000000000436
29574,2024-07-24 01:00:00,12546.182,28.278,3701.805,941.13,13080.903,941.554,0.243,10,0.3829999999998108
29574,2024-07-24 02:00:00,12546.565,28.278,3701.919,941.165,13081.303,941.589,0.253,10,0.3829999999998108
29574,2024-07-24 03:00:00,12546.955,28.278,3702.053,941.2,13081.715,941.624,0.261,10,0.3899999999994179
29574,2024-07-24 04:00:00,12547.316,28.278,3702.19,941.229,13082.1,941.653,0.252,10,0.3610000000007858
29574,2024-07-24 05:00:00,12547.645,28.278,3702.326,941.264,13082.454,941.688,0.245,10,0.3289999999997235
29574,2024-07-24 06:00:00,12547.939,28.278,3702.436,941.303,13082.767,941.727,0.223,10,0.293999999999869
29574,2024-07-24 07:00:00,12548.297,28.278,3702.545,941.327,13083.141,941.751,0.234,10,0.3580000000001746
29574,2024-07-24 08:00:00,12548.786,28.278,3702.648,941.344,13083.639,941.768,0.348,10,0.488999999999578
29574,2024-07-24 09:00:00,12549.351,28.278,3702.811,941.35,13084.227,941.774,0.531,10,0.5650000000005093
29574,2024-07-24 10:00:00,12549.65,28.278,3702.952,941.355,13084.554,941.779,0.204,10,0.2989999999990687
29574,2024-07-24 11:00:00,12549.928,28.278,3703.13,941.355,13084.871,941.779,0.204,10,0.2780000000002474
29574,2024-07-24 12:00:00,12550.27,28.278,3703.223,941.355,13085.225,941.779,0.205,10,0.342000000000553
29574,2024-07-24 13:00:00,12550.859,28.278,3703.459,941.355,13085.857,941.779,0.515,10,0.5889999999999418
29574,2024-07-24 14:00:00,12551.193,28.278,3703.651,941.355,13086.232,941.779,0.225,10,0.3339999999989231
29574,2024-07-24 15:00:00,12551.622,28.278,3703.819,941.355,13086.691,941.779,0.342,10,0.4290000000000873
29574,2024-07-24 16:00:00,12551.989,28.278,3704.009,941.355,13087.097,941.779,0.254,10,0.3670000000001892
29574,2024-07-24 17:00:00,12552.325,28.278,3704.195,941.355,13087.472,941.779,0.234,10,0.3360000000011496
29574,2024-07-24 18:00:00,12552.649,28.278,3704.336,941.355,13087.822,941.779,0.182,10,0.3239999999987049
29574,2024-07-24 19:00:00,12553.113,28.278,3704.495,941.377,13088.312,941.801,0.283,10,0.4639999999999418
29574,2024-07-24 20:00:00,12554.209,28.278,3704.609,941.398,13089.396,941.822,0.951,10,1.096000000001368
29574,2024-07-24 21:00:00,12555.066,28.278,3704.815,941.404,13090.276,941.828,0.734,10,0.8569999999999709
29574,2024-07-24 22:00:00,12555.748,28.278,3705.06,941.414,13090.999,941.838,0.583,10,0.6819999999988795
29574,2024-07-24 23:00:00,12556.209,28.278,3705.286,941.416,13091.505,941.84,0.385,10,0.4610000000011496
29574,2024-07-26 04:00:00,12567.751,28.28,3710.007,941.665,13103.912,942.089,0.324,10,0.4290000000000873
29574,2024-07-26 05:00:00,12568.15,28.28,3710.192,941.666,13104.347,942.09,0.307,10,0.3989999999994325
29574,2024-07-26 06:00:00,12568.567,28.28,3710.385,941.672,13104.801,942.096,0.306,10,0.4169999999994616
29574,2024-07-26 07:00:00,12569.018,28.28,3710.546,941.687,13105.28,942.111,0.309,10,0.4510000000009313
29574,2024-07-26 08:00:00,12569.617,28.28,3710.756,941.7,13105.913,942.124,0.43,10,0.5990000000001601
29574,2024-07-26 09:00:00,12570.321,28.28,3710.883,941.753,13106.625,942.177,0.641,10,0.7039999999997235
29574,2024-07-26 10:00:00,12570.622,28.287,3711.053,941.773,13106.961,942.197,0.204,10,0.3009999999994761
29574,2024-07-26 11:00:00,12570.967,28.287,3711.214,941.776,13107.338,942.2,0.225,10,0.3450000000011641
29574,2024-07-26 12:00:00,12571.292,28.287,3711.347,941.776,13107.687,942.2,0.235,10,0.3249999999989086
29574,2024-07-26 13:00:00,12571.604,28.287,3711.507,941.776,13108.032,942.2,0.218,10,0.3119999999998981
29574,2024-07-26 14:00:00,12571.882,28.287,3711.666,941.776,13108.343,942.2,0.17,10,0.2780000000002474
29574,2024-07-26 15:00:00,12572.154,28.287,3711.835,941.776,13108.652,942.2,0.149,10,0.272000000000844
29574,2024-07-26 16:00:00,12572.514,28.287,3712.002,941.776,13109.045,942.2,0.22,10,0.3599999999987631
29574,2024-07-26 17:00:00,12572.884,28.287,3712.181,941.776,13109.45,942.2,0.244,10,0.3700000000008003
29574,2024-07-26 18:00:00,12573.301,28.287,3712.352,941.776,13109.899,942.2,0.251,10,0.4169999999994616
29574,2024-07-26 19:00:00,12574.076,28.287,3712.518,941.776,13110.689,942.2,0.666,10,0.7749999999996362
29574,2024-07-26 20:00:00,12574.549,28.287,3712.603,941.786,13111.167,942.21,0.35,10,0.4730000000017753
29574,2024-07-26 21:00:00,12575.279,28.287,3712.736,941.789,13111.904,942.213,0.608,10,0.7299999999995634
29574,2024-07-26 22:00:00,12575.817,28.287,3712.827,941.796,13112.446,942.22,0.408,10,0.5379999999986467
29574,2024-07-26 23:00:00,12576.578,28.287,3712.989,941.802,13113.222,942.226,0.641,10,0.761000000000422
29574,2024-07-27 00:00:00,12577.078,28.287,3713.125,941.813,13113.74,942.237,0.364,10,0.5
29574,2024-07-27 01:00:00,12577.527,28.287,3713.273,941.822,13114.212,942.246,0.302,10,0.4490000000005238
29574,2024-07-27 02:00:00,12577.913,28.287,3713.408,941.829,13114.621,942.253,0.25,10,0.386000000000422
29574,2024-07-27 03:00:00,12578.298,28.287,3713.532,941.84,13115.025,942.264,0.248,10,0.3850000000002183
29574,2024-07-27 04:00:00,12578.659,28.287,3713.658,941.853,13115.407,942.277,0.266,10,0.3609999999989668
29574,2024-07-27 05:00:00,12579.087,28.287,3713.772,941.866,13115.85,942.29,0.349,10,0.4279999999998836
29574,2024-07-27 06:00:00,12579.5,28.287,3713.89,941.881,13116.279,942.305,0.343,10,0.4130000000004656
29574,2024-07-27 07:00:00,12580.003,28.287,3714.011,941.914,13116.796,942.338,0.325,10,0.5030000000006112
29574,2024-07-27 08:00:00,12580.487,28.287,3714.131,941.958,13117.294,942.382,0.381,10,0.4839999999985593
29574,2024-07-27 09:00:00,12581.501,28.287,3714.357,941.973,13118.331,942.397,0.862,10,1.0140000000010332
29574,2024-07-27 10:00:00,12582.221,28.287,3714.536,941.973,13119.072,942.397,0.542,10,0.7199999999993452
29574,2024-07-27 11:00:00,12582.653,28.287,3714.679,941.975,13119.527,942.399,0.266,10,0.4320000000006985
29574,2024-07-27 12:00:00,12583.624,28.287,3714.874,941.975,13120.513,942.399,0.895,10,0.9709999999995488
29574,2024-07-27 13:00:00,12583.928,28.287,3715.017,941.975,13120.845,942.399,0.201,10,0.3040000000000873
29574,2024-07-27 14:00:00,12584.264,28.287,3715.23,941.975,13121.228,942.399,0.2,10,0.3359999999993306
29574,2024-07-27 15:00:00,12584.658,28.287,3715.465,941.975,13121.672,942.399,0.276,10,0.3940000000002328
29574,2024-07-27 16:00:00,12585.751,28.287,3715.646,941.975,13122.772,942.399,0.982,10,1.0930000000007567
29574,2024-07-27 17:00:00,12586.174,28.287,3715.811,941.975,13123.224,942.399,0.274,10,0.4230000000006839
29574,2024-07-27 18:00:00,12586.642,28.287,3716.034,941.975,13123.736,942.399,0.361,10,0.4679999999989377
29574,2024-07-27 19:00:00,12587.284,28.287,3716.212,941.975,13124.402,942.399,0.501,10,0.6419999999998254
29574,2024-07-27 20:00:00,12587.843,28.287,3716.343,942.002,13124.976,942.426,0.435,10,0.559000000001106
29574,2024-07-27 21:00:00,12588.255,28.287,3716.482,942.014,13125.41,942.438,0.311,10,0.4119999999984429
29574,2024-07-27 22:00:00,12588.701,28.287,3716.62,942.03,13125.877,942.454,0.345,10,0.4459999999999127
29574,2024-07-27 23:00:00,12589.099,28.287,3716.797,942.03,13126.309,942.454,0.28,10,0.3980000000010477
29574,2024-07-28 02:00:00,12590.122,28.287,3717.356,942.03,13127.448,942.454,0.225,10,0.3469999999997526
29574,2024-07-28 03:00:00,12590.46,28.287,3717.532,942.03,13127.822,942.454,0.216,10,0.337999999999738
29574,2024-07-28 04:00:00,12590.796,28.287,3717.718,942.03,13128.197,942.454,0.212,10,0.3360000000011496
29574,2024-07-28 05:00:00,12591.108,28.287,3717.883,942.03,13128.543,942.454,0.198,10,0.3119999999998981
29574,2024-07-28 06:00:00,12591.426,28.287,3718.056,942.03,13128.897,942.454,0.192,10,0.3179999999993015
29574,2024-07-28 07:00:00,12591.726,28.287,3718.24,942.03,13129.237,942.454,0.19,10,0.3000000000010914
29574,2024-07-28 08:00:00,12591.954,28.287,3718.362,942.03,13129.49,942.454,0.326,10,0.227999999999156
29574,2024-07-28 13:00:00,12593.943,28.287,3719.255,942.03,13131.651,942.454,0.187,10,0.3289999999997235
29574,2024-07-28 14:00:00,12594.575,28.287,3719.546,942.03,13132.339,942.454,0.463,10,0.6320000000014261
29574,2024-07-28 15:00:00,12595.15,28.287,3719.831,942.03,13132.971,942.454,0.45,10,0.5749999999989086
29574,2024-07-28 16:00:00,12595.786,28.287,3720.035,942.03,13133.639,942.454,0.529,10,0.636000000000422
29574,2024-07-28 17:00:00,12596.293,28.287,3720.18,942.047,13134.166,942.471,0.371,10,0.5069999999996071
29574,2024-07-28 18:00:00,12596.787,28.287,3720.306,942.077,13134.676,942.501,0.4,10,0.4940000000005966
29574,2024-07-28 19:00:00,12597.25,28.287,3720.433,942.105,13135.156,942.529,0.35,10,0.462999999999738
29574,2024-07-28 20:00:00,12598.173,28.287,3720.521,942.119,13136.066,942.543,0.829,10,0.923000000000684
29574,2024-07-28 21:00:00,12598.854,28.287,3720.632,942.143,13136.75,942.567,0.559,10,0.6809999999986758
29574,2024-07-28 22:00:00,12599.481,28.287,3720.765,942.154,13137.389,942.578,0.539,10,0.6270000000004075
29574,2024-07-28 23:00:00,12600.034,28.287,3720.912,942.168,13137.961,942.592,0.449,10,0.5529999999998836
29574,2024-07-29 02:00:00,12601.303,28.287,3721.224,942.172,13139.267,942.596,0.257,10,0.3330000000005384
29574,2024-07-29 03:00:00,12601.628,28.287,3721.325,942.173,13139.607,942.597,0.261,10,0.3250000000007276
29574,2024-07-29 04:00:00,12601.946,28.287,3721.429,942.178,13139.942,942.602,0.248,10,0.3179999999993015
29574,2024-07-29 05:00:00,12602.249,28.287,3721.522,942.184,13140.258,942.608,0.235,10,0.3029999999998836
29574,2024-07-29 06:00:00,12602.586,28.287,3721.638,942.205,13140.615,942.629,0.219,10,0.3369999999995343
29574,2024-07-29 07:00:00,12602.972,28.287,3721.757,942.23,13141.018,942.654,0.227,10,0.386000000000422
29574,2024-07-29 08:00:00,12603.418,28.287,3721.935,942.241,13141.497,942.665,0.263,10,0.4459999999999127
29574,2024-07-29 09:00:00,12603.818,28.287,3722.08,942.249,13141.921,942.673,0.268,10,0.3999999999996362
29574,2024-07-29 10:00:00,12604.502,28.287,3722.23,942.25,13142.62,942.674,0.592,10,0.684000000001106
29574,2024-07-29 11:00:00,12604.892,28.287,3722.4,942.25,13143.042,942.674,0.296,10,0.3899999999994179
29574,2024-07-29 18:00:00,12608.114,28.287,3723.579,942.294,13146.466,942.718,0.496,10,0.5990000000001601
29574,2024-07-29 19:00:00,12608.508,28.287,3723.73,942.31,13146.887,942.734,0.26,10,0.3940000000002328
29574,2024-07-29 20:00:00,12609.342,28.287,3723.856,942.341,13147.722,942.765,0.707,10,0.8340000000007421
29574,2024-07-29 21:00:00,12609.895,28.287,3723.982,942.362,13148.288,942.786,0.417,10,0.5529999999998836
29574,2024-07-29 22:00:00,12610.371,28.287,3724.126,942.373,13148.785,942.797,0.364,10,0.4759999999987485
29574,2024-07-29 23:00:00,12610.681,28.287,3724.286,942.373,13149.128,942.797,0.201,10,0.3100000000013097
29574,2024-07-30 00:00:00,12610.984,28.287,3724.434,942.373,13149.461,942.797,0.196,10,0.3029999999998836
29574,2024-07-30 01:00:00,12611.296,28.287,3724.596,942.373,13149.806,942.797,0.195,10,0.3119999999998981
29574,2024-07-30 02:00:00,12611.599,28.287,3724.75,942.373,13150.14,942.797,0.198,10,0.3029999999998836
29574,2024-07-30 03:00:00,12611.897,28.287,3724.899,942.373,13150.468,942.797,0.198,10,0.2980000000006839
29574,2024-07-30 04:00:00,12612.262,28.287,3725.074,942.373,13150.867,942.797,0.268,10,0.3649999999997817
29574,2024-07-30 05:00:00,12612.572,28.287,3725.246,942.373,13151.214,942.797,0.208,10,0.3099999999994907
29574,2024-07-30 06:00:00,12612.89,28.287,3725.384,942.373,13151.558,942.797,0.197,10,0.3179999999993015
29574,2024-07-30 07:00:00,12613.292,28.287,3725.528,942.373,13151.984,942.797,0.243,10,0.4020000000000436
29574,2024-07-30 08:00:00,12614.043,28.287,3725.689,942.373,13152.75,942.797,0.587,10,0.7510000000002037
29574,2024-07-30 09:00:00,12614.393,28.287,3725.842,942.373,13153.129,942.797,0.2,10,0.3500000000003638
29574,2024-07-30 10:00:00,12614.787,28.287,3725.971,942.373,13153.543,942.797,0.299,10,0.3940000000002328
29574,2024-07-30 11:00:00,12615.149,28.287,3726.082,942.373,13153.922,942.797,0.228,10,0.3619999999991705
29574,2024-07-30 12:00:00,12615.587,28.287,3726.234,942.373,13154.385,942.797,0.336,10,0.4380000000001018
29574,2024-07-30 13:00:00,12615.917,28.287,3726.42,942.373,13154.754,942.797,0.216,10,0.3299999999999272
29574,2024-07-30 14:00:00,12616.352,28.287,3726.571,942.391,13155.214,942.815,0.272,10,0.4350000000013097
29574,2024-07-30 15:00:00,12616.74,28.287,3726.681,942.405,13155.617,942.829,0.376,10,0.3879999999990104
29574,2024-07-30 18:00:00,12618.135,28.287,3727.056,942.436,13157.061,942.86,0.334,10,0.4179999999996653
29574,2024-07-30 19:00:00,12618.525,28.287,3727.214,942.449,13157.48,942.873,0.235,10,0.3899999999994179
29574,2024-07-30 20:00:00,12619.348,28.287,3727.405,942.453,13158.324,942.877,0.902,10,0.8230000000003201
29574,2024-07-31 02:00:00,12622.361,28.287,3728.258,942.473,13161.455,942.897,0.189,10,0.3290000000015425
29574,2024-07-31 03:00:00,12622.688,28.287,3728.395,942.473,13161.807,942.897,0.184,10,0.326999999999316
29574,2024-07-31 04:00:00,12623.026,28.287,3728.529,942.473,13162.169,942.897,0.197,10,0.337999999999738
29574,2024-07-31 05:00:00,12623.353,28.287,3728.664,942.473,13162.521,942.897,0.193,10,0.326999999999316
29574,2024-07-31 06:00:00,12623.614,28.287,3728.794,942.473,13162.808,942.897,0.166,10,0.261000000000422
29574,2024-07-31 07:00:00,12623.893,28.287,3728.931,942.473,13163.115,942.897,0.166,10,0.2790000000004511
29574,2024-07-31 08:00:00,12624.739,28.287,3729.093,942.473,13163.972,942.897,0.779,10,0.8459999999995489
29574,2024-07-31 09:00:00,12625.025,28.287,3729.225,942.473,13164.284,942.897,0.157,10,0.2860000000000582
29574,2024-07-31 10:00:00,12625.623,28.287,3729.475,942.473,13164.928,942.897,0.498,10,0.5979999999999563
29574,2024-07-31 11:00:00,12625.926,28.287,3729.635,942.473,13165.264,942.897,0.185,10,0.3029999999998836
29574,2024-07-31 12:00:00,12626.172,28.287,3729.733,942.473,13165.528,942.897,0.139,10,0.246000000001004
29574,2024-07-31 13:00:00,12626.489,28.287,3729.876,942.473,13165.872,942.897,0.218,10,0.3169999999990978
29574,2024-07-31 14:00:00,12626.864,28.287,3730.034,942.473,13166.276,942.897,0.268,10,0.375
29574,2024-07-31 15:00:00,12627.162,28.287,3730.154,942.473,13166.596,942.897,0.191,10,0.2980000000006839
29574,2024-07-31 16:00:00,12627.424,28.287,3730.289,942.473,13166.886,942.897,0.17,10,0.2620000000006257
29574,2024-07-31 17:00:00,12627.871,28.287,3730.427,942.481,13167.354,942.905,0.288,10,0.4469999999982974
29574,2024-07-31 18:00:00,12628.348,28.287,3730.565,942.482,13167.85,942.906,0.307,10,0.4770000000007712
29574,2024-07-31 19:00:00,12629.171,28.287,3730.681,942.489,13168.672,942.913,0.704,10,0.8230000000003201
29574,2024-07-31 20:00:00,12629.647,28.287,3730.848,942.508,13169.176,942.932,0.386,10,0.4760000000005675
29574,2024-07-31 21:00:00,12630.205,28.287,3731.013,942.515,13169.758,942.939,0.497,10,0.5579999999990832
29574,2024-07-31 22:00:00,12630.827,28.287,3731.135,942.533,13170.389,942.957,0.52,10,0.6219999999993888
29574,2024-07-31 23:00:00,12631.208,28.287,3731.275,942.546,13170.794,942.97,0.29,10,0.3810000000012223
29574,2024-08-01 00:00:00,12631.616,28.287,3731.428,942.586,13171.229,943.01,0.312,10,0.407999999999447
29574,2024-08-01 01:00:00,12632.014,28.287,3731.561,942.618,13171.648,943.042,0.308,10,0.3979999999992287
29574,2024-08-01 02:00:00,12632.404,28.287,3731.676,942.635,13172.055,943.059,0.299,10,0.3900000000012369
29574,2024-08-01 03:00:00,12632.8,28.287,3731.799,942.658,13172.469,943.082,0.306,10,0.3959999999988213
29574,2024-08-01 04:00:00,12633.196,28.287,3731.927,942.683,13172.885,943.107,0.305,10,0.3960000000006403
29574,2024-08-01 05:00:00,12633.592,28.287,3732.043,942.705,13173.298,943.129,0.301,10,0.3960000000006403
29574,2024-08-01 06:00:00,12633.988,28.287,3732.136,942.717,13173.704,943.141,0.268,10,0.3959999999988213
29574,2024-08-01 07:00:00,12634.279,28.287,3732.243,942.717,13174.013,943.141,0.186,10,0.2910000000010768
29574,2024-08-01 08:00:00,12634.786,28.287,3732.336,942.725,13174.526,943.149,0.371,10,0.5069999999996071
29574,2024-08-01 09:00:00,12635.288,28.287,3732.472,942.725,13175.046,943.149,0.374,10,0.5020000000004075
29574,2024-08-01 10:00:00,12635.66,28.287,3732.575,942.725,13175.432,943.149,0.221,10,0.3719999999993888
29574,2024-08-01 11:00:00,12636.263,28.287,3732.71,942.725,13176.048,943.149,0.482,10,0.603000000000975
29574,2024-08-01 12:00:00,12636.632,28.287,3732.868,942.725,13176.447,943.149,0.265,10,0.3689999999987776
29574,2024-08-01 13:00:00,12637.021,28.287,3733.01,942.728,13176.86,943.152,0.267,10,0.3890000000010332
29574,2024-08-01 14:00:00,12637.66,28.287,3733.226,942.728,13177.534,943.152,0.576,10,0.6389999999992142
29574,2024-08-01 15:00:00,12638.153,28.287,3733.538,942.728,13178.096,943.152,0.422,10,0.4930000000003929
29574,2024-08-01 16:00:00,12638.534,28.287,3733.703,942.728,13178.508,943.152,0.297,10,0.3809999999994033
29574,2024-08-01 17:00:00,12638.981,28.287,3733.894,942.728,13178.991,943.152,0.337,10,0.4470000000001164
29574,2024-08-01 18:00:00,12639.383,28.287,3734.086,942.728,13179.43,943.152,0.29,10,0.4020000000000436
29574,2024-08-01 19:00:00,12639.752,28.287,3734.259,942.728,13179.833,943.152,0.3,10,0.3690000000005966
29574,2024-08-01 20:00:00,12640.609,28.287,3734.439,942.728,13180.706,943.152,0.809,10,0.8569999999999709
29574,2024-08-01 21:00:00,12640.985,28.287,3734.624,942.728,13181.119,943.152,0.328,10,0.3760000000002037
29574,2024-08-01 22:00:00,12641.547,28.287,3734.791,942.729,13181.706,943.153,0.48,10,0.5619999999998981
29574,2024-08-01 23:00:00,12642.011,28.287,3734.955,942.729,13182.197,943.153,0.335,10,0.4639999999999418
29574,2024-08-02 00:00:00,12642.338,28.287,3735.136,942.729,13182.562,943.153,0.194,10,0.326999999999316
29574,2024-08-02 01:00:00,12642.644,28.287,3735.316,942.729,13182.906,943.153,0.178,10,0.3060000000004947
29574,2024-08-02 07:00:00,12644.294,28.287,3736.219,942.758,13184.745,943.182,0.183,10,0.2569999999996071
29574,2024-08-02 08:00:00,12644.713,28.287,3736.389,942.758,13185.195,943.182,0.318,10,0.418999999999869
29574,2024-08-02 09:00:00,12645.236,28.287,3736.561,942.758,13185.745,943.182,0.415,10,0.5230000000010477
29574,2024-08-02 10:00:00,12645.662,28.287,3736.693,942.758,13186.191,943.182,0.326,10,0.4259999999994761
29574,2024-08-02 13:00:00,12646.701,28.287,3737.254,942.758,13187.346,943.182,0.186,10,0.271999999999025
29574,2024-08-02 17:00:00,12647.954,28.287,3737.959,942.759,13188.748,943.183,0.195,10,0.3330000000005384
29574,2024-08-02 18:00:00,12648.242,28.287,3738.09,942.761,13189.061,943.185,0.331,10,0.2880000000004656
29574,2024-08-02 19:00:00,12648.636,28.287,3738.243,942.772,13189.482,943.196,0.274,10,0.3940000000002328
29574,2024-08-03 01:00:00,12651.673,28.287,3739.447,942.851,13192.736,943.275,0.349,10,0.4210000000002765
29574,2024-08-03 02:00:00,12652.12,28.287,3739.597,942.883,13193.207,943.307,0.374,10,0.4470000000001164
29574,2024-08-03 03:00:00,12652.543,28.287,3739.716,942.909,13193.646,943.333,0.364,10,0.4229999999988649
29574,2024-08-03 04:00:00,12652.954,28.287,3739.843,942.944,13194.077,943.368,0.351,10,0.4110000000000582
29574,2024-08-03 05:00:00,12653.362,28.287,3739.989,942.972,13194.509,943.396,0.342,10,0.407999999999447
29574,2024-08-03 06:00:00,12653.818,28.287,3740.119,943.006,13194.983,943.43,0.407,10,0.4560000000001309
29574,2024-08-03 07:00:00,12654.238,28.287,3740.301,943.042,13195.438,943.466,0.33,10,0.4200000000000727
29574,2024-08-03 08:00:00,12654.629,28.287,3740.45,943.08,13195.855,943.504,0.312,10,0.3910000000014406
29574,2024-08-03 09:00:00,12654.886,28.287,3740.579,943.082,13196.138,943.506,0.291,10,0.2569999999996071
29574,2024-08-03 15:00:00,12657.714,28.287,3741.717,943.092,13199.173,943.516,0.306,10,0.3569999999999709
29574,2024-08-03 16:00:00,12658.026,28.287,3741.862,943.125,13199.513,943.549,0.248,10,0.3119999999998981
29574,2024-08-03 17:00:00,12658.284,28.287,3742.042,943.136,13199.811,943.56,0.231,10,0.2579999999998108
29574,2024-08-03 18:00:00,12658.687,28.287,3742.25,943.138,13200.257,943.562,0.316,10,0.4030000000002474
29574,2024-08-03 19:00:00,12659.194,28.287,3742.468,943.138,13200.805,943.562,0.408,10,0.5069999999996071
29574,2024-08-03 20:00:00,12659.664,28.287,3742.679,943.144,13201.315,943.568,0.36,10,0.4700000000011641
29574,2024-08-03 21:00:00,12660.124,28.287,3742.843,943.175,13201.803,943.599,0.366,10,0.4599999999991269
29574,2024-08-03 22:00:00,12660.584,28.287,3743.026,943.199,13202.296,943.623,0.362,10,0.4600000000009459
29574,2024-08-03 23:00:00,12661.071,28.287,3743.181,943.201,13202.807,943.625,0.377,10,0.4869999999991705
29574,2024-08-05 01:00:00,12671.381,28.287,3748.08,943.33,13214.083,943.754,0.328,10,0.3409999999985302
29574,2024-08-05 02:00:00,12671.732,28.287,3748.278,943.334,13214.476,943.758,0.334,10,0.3510000000005675
29574,2024-08-05 03:00:00,12672.058,28.287,3748.444,943.338,13214.835,943.762,0.314,10,0.3260000000009313
29574,2024-08-05 04:00:00,12672.388,28.287,3748.624,943.338,13215.203,943.762,0.322,10,0.3299999999999272
29574,2024-08-05 05:00:00,12672.725,28.287,3748.829,943.338,13215.584,943.762,0.315,10,0.3369999999995343
29574,2024-08-05 06:00:00,12673.058,28.287,3749.043,943.338,13215.964,943.762,0.299,10,0.3330000000005384
29574,2024-08-05 07:00:00,12673.379,28.287,3749.24,943.355,13216.328,943.779,0.282,10,0.3209999999999127
29574,2024-08-05 08:00:00,12673.928,28.287,3749.496,943.355,13216.927,943.779,0.43,10,0.5489999999990687
29574,2024-08-05 09:00:00,12674.519,28.287,3749.689,943.355,13217.548,943.779,0.442,10,0.5910000000003492
29574,2024-08-05 10:00:00,12674.809,28.287,3749.885,943.355,13217.882,943.779,0.192,10,0.2899999999990541
29574,2024-08-05 11:00:00,12675.193,28.287,3750.134,943.355,13218.321,943.779,0.322,10,0.3840000000000145
29574,2024-08-05 12:00:00,12676.215,28.287,3750.401,943.357,13219.377,943.781,1.018,10,1.022000000000844
29574,2024-08-05 13:00:00,12676.584,28.287,3750.617,943.358,13219.792,943.782,0.308,10,0.3690000000005966
29574,2024-08-05 14:00:00,12676.874,28.287,3750.829,943.36,13220.13,943.784,0.199,10,0.2899999999990541
29574,2024-08-05 15:00:00,12677.216,28.287,3751.024,943.363,13220.513,943.787,0.223,10,0.342000000000553
29574,2024-08-05 16:00:00,12677.501,28.287,3751.236,943.364,13220.847,943.788,0.2,10,0.2849999999998545
29574,2024-08-05 17:00:00,12677.959,28.287,3751.434,943.364,13221.342,943.788,0.355,10,0.4580000000005384
29574,2024-08-05 18:00:00,12678.262,28.287,3751.685,943.364,13221.704,943.788,0.222,10,0.3029999999998836
29574,2024-08-05 19:00:00,12678.56,28.287,3751.883,943.372,13222.046,943.795,0.234,10,0.2979999999988649
29574,2024-08-06 02:00:00,12682.002,28.287,3753.15,943.523,13225.706,943.946,0.19,10,0.3180000000011205
29574,2024-08-06 03:00:00,12682.321,28.287,3753.356,943.523,13226.07,943.946,0.201,10,0.3189999999995052
29574,2024-08-06 04:00:00,12682.64,28.287,3753.556,943.523,13226.433,943.946,0.199,10,0.3189999999995052
29574,2024-08-06 05:00:00,12682.93,28.287,3753.758,943.523,13226.768,943.946,0.186,10,0.2900000000008731
29574,2024-08-06 06:00:00,12683.178,28.287,3753.97,943.523,13227.066,943.946,0.176,10,0.2479999999995925
29574,2024-08-06 07:00:00,12683.386,28.287,3754.191,943.523,13227.328,943.946,0.157,10,0.2080000000005384
29574,2024-08-06 08:00:00,12683.685,28.287,3754.455,943.523,13227.69,943.946,0.187,10,0.2989999999990687
29574,2024-08-06 09:00:00,12684.294,28.287,3754.647,943.523,13228.329,943.946,0.548,10,0.6090000000003783
29574,2024-08-06 10:00:00,12684.537,28.287,3754.828,943.523,13228.613,943.946,0.163,10,0.2430000000003929
29574,2024-08-06 11:00:00,12684.941,28.287,3755.024,943.523,13229.056,943.946,0.338,10,0.4040000000004511
29574,2024-08-06 12:00:00,12685.366,28.287,3755.234,943.523,13229.523,943.946,0.366,10,0.4249999999992724
29574,2024-08-06 13:00:00,12685.73,28.287,3755.412,943.523,13229.923,943.946,0.295,10,0.363999999999578
29574,2024-08-06 14:00:00,12686.053,28.287,3755.639,943.523,13230.297,943.946,0.254,10,0.3230000000003201
29574,2024-08-06 15:00:00,12686.273,28.287,3755.831,943.523,13230.562,943.946,0.179,10,0.2199999999993451
29574,2024-08-06 16:00:00,12686.513,28.287,3756.029,943.523,13230.849,943.946,0.167,10,0.2400000000016007
29574,2024-08-06 17:00:00,12686.757,28.287,3756.234,943.523,13231.141,943.946,0.177,10,0.2439999999987776
29574,2024-08-06 18:00:00,12687.02,28.287,3756.455,943.523,13231.456,943.946,0.164,10,0.2630000000008294
29574,2024-08-06 19:00:00,12687.252,28.287,3756.635,943.523,13231.729,943.946,0.168,10,0.2319999999999709
29574,2024-08-06 20:00:00,12687.601,28.287,3756.819,943.524,13232.116,943.947,0.266,10,0.34900000000016
29574,2024-08-06 21:00:00,12687.963,28.287,3756.983,943.53,13232.51,943.953,0.331,10,0.3619999999991705
29574,2024-08-06 22:00:00,12688.331,28.287,3757.136,943.538,13232.906,943.961,0.315,10,0.3680000000003929
29574,2024-08-06 23:00:00,12688.85,28.287,3757.372,943.562,13233.471,943.985,0.485,10,0.5190000000002328
29574,2024-08-07 00:00:00,12689.134,28.287,3757.569,943.563,13233.799,943.986,0.22,10,0.2839999999996507
29574,2024-08-07 01:00:00,12689.369,28.287,3757.76,943.563,13234.078,943.986,0.173,10,0.235000000000582
29574,2024-08-07 02:00:00,12689.635,28.287,3757.975,943.563,13234.395,943.986,0.209,10,0.2659999999996216
29574,2024-08-07 03:00:00,12689.893,28.287,3758.177,943.563,13234.699,943.986,0.201,10,0.2579999999998108
29574,2024-08-07 04:00:00,12690.127,28.287,3758.355,943.563,13234.974,943.986,0.17,10,0.2340000000003783
29574,2024-08-07 05:00:00,12690.364,28.287,3758.55,943.563,13235.257,943.986,0.176,10,0.2369999999991705
29574,2024-08-07 06:00:00,12690.605,28.287,3758.768,943.563,13235.55,943.986,0.179,10,0.2409999999999854
29574,2024-08-07 07:00:00,12690.854,28.287,3758.964,943.563,13235.844,943.986,0.154,10,0.2489999999997962
29574,2024-08-07 08:00:00,12691.121,28.287,3759.184,943.563,13236.163,943.986,0.163,10,0.2669999999998254
29574,2024-08-07 09:00:00,12691.918,28.287,3759.487,943.563,13237.013,943.986,0.717,10,0.7970000000004802
29574,2024-08-07 10:00:00,12692.377,28.287,3759.688,943.563,13237.51,943.986,0.378,10,0.4590000000007421
29574,2024-08-07 11:00:00,12692.853,28.287,3759.871,943.563,13238.019,943.986,0.395,10,0.4759999999987485
29574,2024-08-07 12:00:00,12693.099,28.287,3760.071,943.563,13238.311,943.986,0.165,10,0.246000000001004
29574,2024-08-07 13:00:00,12693.3,28.287,3760.24,943.563,13238.552,943.986,0.138,10,0.2009999999991123
29574,2024-08-07 14:00:00,12693.612,28.287,3760.435,943.563,13238.906,943.986,0.245,10,0.3119999999998981
29574,2024-08-07 15:00:00,12694.001,28.287,3760.576,943.563,13239.319,943.986,0.269,10,0.3890000000010332
29574,2024-08-07 16:00:00,12694.337,28.287,3760.75,943.563,13239.691,943.986,0.251,10,0.3359999999993306
29574,2024-08-07 17:00:00,12694.64,28.287,3760.933,943.563,13240.034,943.986,0.188,10,0.3029999999998836
29574,2024-08-07 18:00:00,12694.926,28.287,3761.123,943.563,13240.362,943.986,0.186,10,0.2860000000000582
29574,2024-08-07 19:00:00,12695.439,28.287,3761.307,943.568,13240.906,943.991,0.423,10,0.5130000000008295
29574,2024-08-07 20:00:00,12696.046,28.287,3761.474,943.586,13241.535,944.009,0.55,10,0.6069999999999709
29574,2024-08-07 21:00:00,12696.407,28.287,3761.614,943.642,13241.921,944.065,0.298,10,0.3609999999989668
29574,2024-08-07 22:00:00,12696.803,28.287,3761.747,943.658,13242.339,944.081,0.349,10,0.3960000000006403
29574,2024-08-07 23:00:00,12697.308,28.287,3761.91,943.674,13242.869,944.097,0.472,10,0.5050000000010186
29574,2024-08-08 00:00:00,12697.634,28.287,3762.073,943.682,13243.228,944.105,0.256,10,0.3259999999991123
29574,2024-08-08 01:00:00,12698.015,28.287,3762.209,943.712,13243.632,944.135,0.322,10,0.3809999999994033
29574,2024-08-08 04:00:00,12699.023,28.287,3762.723,943.712,13244.744,944.135,0.286,10,0.3289999999997235
29574,2024-08-08 05:00:00,12699.383,28.287,3762.882,943.727,13245.135,944.15,0.304,10,0.3600000000005821
29574,2024-08-08 06:00:00,12699.725,28.287,3763.035,943.727,13245.506,944.15,0.277,10,0.342000000000553
29574,2024-08-08 07:00:00,12700.047,28.287,3763.179,943.745,13245.856,944.168,0.243,10,0.3220000000001164
29574,2024-08-08 08:00:00,12700.635,28.287,3763.325,943.76,13246.461,944.183,0.502,10,0.5879999999997381
29574,2024-08-08 09:00:00,12701.321,28.287,3763.596,943.76,13247.196,944.183,0.561,10,0.6859999999996944
29574,2024-08-08 10:00:00,12701.703,28.287,3763.763,943.76,13247.61,944.183,0.294,10,0.3819999999996071
29574,2024-08-08 11:00:00,12701.9,28.287,3763.904,943.76,13247.838,944.183,0.154,10,0.1970000000001164
29574,2024-08-08 12:00:00,12702.125,28.287,3764.085,943.76,13248.106,944.183,0.182,10,0.2250000000003638
29574,2024-08-08 13:00:00,12702.333,28.287,3764.265,943.76,13248.356,944.183,0.156,10,0.2080000000005384
29574,2024-08-08 14:00:00,12702.541,28.287,3764.423,943.76,13248.6,944.183,0.146,10,0.2079999999987194
29574,2024-08-08 15:00:00,12702.786,28.287,3764.605,943.76,13248.887,944.183,0.165,10,0.2450000000008003
29574,2024-08-08 16:00:00,12703.035,28.287,3764.793,943.76,13249.179,944.183,0.166,10,0.2489999999997962
29574,2024-08-08 17:00:00,12703.294,28.287,3764.99,943.76,13249.484,944.183,0.183,10,0.2590000000000145
29574,2024-08-08 18:00:00,12703.517,28.287,3765.159,943.761,13249.745,944.184,0.167,10,0.2229999999999563
29574,2024-08-08 19:00:00,12704.216,28.287,3765.394,943.781,13250.482,944.204,0.647,10,0.6990000000005239
29574,2024-08-08 20:00:00,12704.746,28.287,3765.519,943.816,13251.026,944.239,0.468,10,0.5299999999988358
29574,2024-08-08 21:00:00,12705.373,28.287,3765.629,943.844,13251.658,944.267,0.603,10,0.6270000000004075
29574,2024-08-08 22:00:00,12705.756,28.287,3765.764,943.862,13252.064,944.285,0.35,10,0.3829999999998108
29574,2024-08-08 23:00:00,12706.162,28.287,3765.967,943.867,13252.511,944.29,0.372,10,0.4060000000008585
29574,2024-08-09 00:00:00,12706.404,28.287,3766.147,943.867,13252.794,944.29,0.202,10,0.2420000000001891
29574,2024-08-09 01:00:00,12706.653,28.287,3766.332,943.867,13253.085,944.29,0.195,10,0.2489999999997962
29574,2024-08-09 02:00:00,12706.896,28.287,3766.519,943.867,13253.372,944.29,0.188,10,0.2430000000003929
29574,2024-08-09 03:00:00,12707.107,28.287,3766.689,943.867,13253.622,944.29,0.17,10,0.2109999999993306
29574,2024-08-09 04:00:00,12707.377,28.287,3766.846,943.867,13253.926,944.29,0.226,10,0.2700000000004365
29574,2024-08-09 05:00:00,12707.731,28.287,3767.081,943.867,13254.332,944.29,0.309,10,0.3539999999993597
29574,2024-08-09 06:00:00,12707.941,28.287,3767.264,943.867,13254.585,944.29,0.177,10,0.2100000000009458
29574,2024-08-09 07:00:00,12708.368,28.287,3767.397,943.867,13255.032,944.29,0.359,10,0.4269999999996798
29574,2024-08-09 08:00:00,12708.859,28.287,3767.6,943.867,13255.561,944.29,0.41,10,0.4909999999999854
29574,2024-08-09 09:00:00,12709.366,28.287,3767.787,943.867,13256.1,944.29,0.466,10,0.5069999999996071
29574,2024-08-09 10:00:00,12709.582,28.287,3767.959,943.867,13256.356,944.29,0.162,10,0.2160000000003492
29574,2024-08-09 11:00:00,12709.979,28.287,3768.143,943.867,13256.789,944.29,0.317,10,0.396999999999025
29574,2024-08-09 12:00:00,12710.533,28.287,3768.481,943.867,13257.416,944.29,0.482,10,0.5540000000000873
29574,2024-08-09 13:00:00,12710.746,28.287,3768.664,943.867,13257.672,944.29,0.166,10,0.212999999999738
29574,2024-08-09 14:00:00,12710.955,28.287,3768.835,943.867,13257.921,944.29,0.149,10,0.2090000000007421
29574,2024-08-09 15:00:00,12711.193,28.287,3769.016,943.867,13258.201,944.29,0.175,10,0.2379999999993742
29574,2024-08-09 16:00:00,12711.405,28.287,3769.177,943.867,13258.45,944.29,0.16,10,0.2120000000013533
29574,2024-08-09 17:00:00,12711.681,28.287,3769.349,943.867,13258.764,944.29,0.234,10,0.2759999999998399
29574,2024-08-09 18:00:00,12711.978,28.287,3769.558,943.867,13259.108,944.29,0.185,10,0.2969999999986612
29574,2024-08-09 19:00:00,12712.328,28.287,3769.702,943.903,13259.484,944.326,0.249,10,0.3500000000003638
29574,2024-08-09 20:00:00,12713.139,28.287,3769.827,943.947,13260.297,944.37,0.736,10,0.8109999999996944
29574,2024-08-09 21:00:00,12713.531,28.287,3769.989,943.985,13260.719,944.408,0.345,10,0.3920000000016443
29574,2024-08-09 22:00:00,12714.29,28.287,3770.166,944.009,13261.497,944.432,0.722,10,0.7590000000000146
29574,2024-08-09 23:00:00,12714.678,28.287,3770.308,944.022,13261.91,944.445,0.293,10,0.3879999999990104
29574,2024-08-10 00:00:00,12715.03,28.287,3770.447,944.028,13262.287,944.451,0.267,10,0.3520000000007712
29574,2024-08-10 01:00:00,12715.36,28.287,3770.586,944.034,13262.642,944.457,0.235,10,0.3299999999999272
29574,2024-08-10 02:00:00,12715.685,28.287,3770.768,944.034,13263.006,944.457,0.228,10,0.3249999999989086
29574,2024-08-10 03:00:00,12715.955,28.287,3770.934,944.034,13263.312,944.457,0.167,10,0.2700000000004365
29574,2024-08-10 04:00:00,12716.223,28.287,3771.107,944.034,13263.618,944.457,0.162,10,0.2680000000000291
29574,2024-08-10 05:00:00,12716.467,28.287,3771.268,944.034,13263.898,944.457,0.151,10,0.2440000000005966
29574,2024-08-10 06:00:00,12716.706,28.287,3771.415,944.034,13264.169,944.457,0.149,10,0.238999999999578
29574,2024-08-10 07:00:00,12716.97,28.287,3771.574,944.034,13264.467,944.457,0.154,10,0.2639999999992142
29574,2024-08-10 08:00:00,12717.263,28.287,3771.737,944.034,13264.794,944.457,0.144,10,0.2930000000014843
29574,2024-08-10 09:00:00,12717.449,28.287,3771.935,944.034,13265.029,944.457,0.12,10,0.1859999999996944
29574,2024-08-10 10:00:00,12717.903,28.287,3772.131,944.034,13265.52,944.457,0.396,10,0.4539999999997235
29574,2024-08-10 11:00:00,12718.385,28.287,3772.341,944.034,13266.042,944.457,0.462,10,0.4819999999999709
29574,2024-08-10 12:00:00,12718.709,28.287,3772.585,944.034,13266.422,944.457,0.274,10,0.3240000000005238
29574,2024-08-10 13:00:00,12718.912,28.287,3772.768,944.034,13266.668,944.457,0.16,10,0.2029999999995198
29574,2024-08-10 14:00:00,12719.251,28.287,3772.944,944.034,13267.043,944.457,0.277,10,0.3389999999999418
29574,2024-08-10 15:00:00,12719.567,28.287,3773.176,944.034,13267.412,944.457,0.234,10,0.315999999998894
29574,2024-08-10 16:00:00,12719.776,28.287,3773.337,944.034,13267.658,944.457,0.14,10,0.2090000000007421
29574,2024-08-10 17:00:00,12720.009,28.287,3773.498,944.034,13267.928,944.457,0.141,10,0.2330000000001746
29574,2024-08-10 18:00:00,12720.271,28.287,3773.662,944.034,13268.225,944.457,0.165,10,0.2620000000006257
29574,2024-08-10 19:00:00,12720.641,28.287,3773.831,944.043,13268.628,944.466,0.208,10,0.3699999999989813
29574,2024-08-10 20:00:00,12721.352,28.287,3773.957,944.061,13269.346,944.484,0.587,10,0.7110000000011496
29574,2024-08-10 21:00:00,12721.916,28.287,3774.084,944.081,13269.923,944.504,0.447,10,0.5639999999984866
29574,2024-08-10 22:00:00,12722.54,28.287,3774.338,944.081,13270.593,944.504,0.54,10,0.6240000000016153
29574,2024-08-10 23:00:00,12723.152,28.287,3774.435,944.11,13271.207,944.533,0.552,10,0.6119999999991705
29574,2024-08-11 02:00:00,12724.145,28.287,3774.996,944.111,13272.319,944.534,0.22,10,0.2710000000006403
29574,2024-08-11 03:00:00,12724.391,28.287,3775.165,944.111,13272.603,944.534,0.188,10,0.2459999999991851
29574,2024-08-11 04:00:00,12724.616,28.287,3775.314,944.111,13272.861,944.534,0.167,10,0.2250000000003638
29574,2024-08-11 05:00:00,12724.861,28.287,3775.493,944.111,13273.147,944.534,0.181,10,0.2450000000008003
29574,2024-08-11 06:00:00,12725.104,28.287,3775.668,944.111,13273.429,944.534,0.171,10,0.2429999999985739
29574,2024-08-11 07:00:00,12725.327,28.287,3775.824,944.111,13273.688,944.534,0.163,10,0.2229999999999563
29574,2024-08-11 08:00:00,12725.813,28.287,3775.999,944.111,13274.203,944.534,0.402,10,0.4860000000007858
29574,2024-08-11 09:00:00,12726.192,28.287,3776.163,944.111,13274.613,944.534,0.295,10,0.3789999999989959
29574,2024-08-11 10:00:00,12726.613,28.287,3776.342,944.111,13275.068,944.534,0.349,10,0.4210000000002765
29574,2024-08-11 11:00:00,12727.053,28.287,3776.54,944.111,13275.546,944.534,0.351,10,0.4400000000005093
29574,2024-08-11 12:00:00,12727.358,28.287,3776.735,944.111,13275.894,944.534,0.22,10,0.305000000000291
29574,2024-08-11 13:00:00,12728.366,28.287,3776.956,944.111,13276.923,944.534,0.962,10,1.0079999999998108
29574,2024-08-11 14:00:00,12728.757,28.287,3777.144,944.111,13277.351,944.534,0.311,10,0.3909999999996216
29574,2024-08-11 15:00:00,12729.039,28.287,3777.301,944.111,13277.666,944.534,0.212,10,0.2820000000010623
29574,2024-08-11 16:00:00,12729.34,28.287,3777.463,944.111,13278.001,944.534,0.221,10,0.3009999999994761
29574,2024-08-11 17:00:00,12729.644,28.287,3777.631,944.111,13278.34,944.534,0.241,10,0.3040000000000873
29574,2024-08-11 18:00:00,12730.031,28.287,3777.823,944.111,13278.766,944.534,0.297,10,0.3870000000006257
29574,2024-08-11 19:00:00,12731.055,28.287,3778.067,944.116,13279.817,944.539,0.963,10,1.0239999999994325
29574,2024-08-11 20:00:00,12731.912,28.287,3778.251,944.142,13280.691,944.565,0.8,10,0.8569999999999709
29574,2024-08-11 21:00:00,12732.344,28.287,3778.424,944.155,13281.154,944.578,0.373,10,0.4319999999988795
29574,2024-08-11 22:00:00,12732.722,28.287,3778.635,944.155,13281.577,944.578,0.319,10,0.3780000000006112
29574,2024-08-11 23:00:00,12733.059,28.287,3778.825,944.167,13281.954,944.59,0.261,10,0.3369999999995343
29574,2024-08-12 00:00:00,12733.347,28.287,3778.954,944.201,13282.267,944.624,0.223,10,0.2880000000004656
29574,2024-08-12 01:00:00,12733.624,28.287,3779.085,944.24,13282.569,944.663,0.212,10,0.2770000000000436
29574,2024-08-12 02:00:00,12733.919,28.287,3779.216,944.273,13282.889,944.696,0.221,10,0.2950000000000727
29574,2024-08-12 03:00:00,12734.184,28.287,3779.338,944.31,13283.178,944.733,0.203,10,0.2649999999994179
29574,2024-08-12 04:00:00,12734.457,28.287,3779.456,944.346,13283.474,944.769,0.2,10,0.2730000000010477
29574,2024-08-12 05:00:00,12734.715,28.287,3779.554,944.383,13283.749,944.806,0.188,10,0.2579999999998108
29574,2024-08-12 06:00:00,12734.994,28.287,3779.686,944.425,13284.054,944.848,0.204,10,0.2790000000004511
29574,2024-08-12 07:00:00,12735.257,28.287,3779.806,944.475,13284.34,944.898,0.192,10,0.2629999999990104
29574,2024-08-12 08:00:00,12735.968,28.287,3779.979,944.483,13285.071,944.906,0.554,10,0.7110000000011496
29574,2024-08-12 09:00:00,12736.263,28.287,3780.173,944.483,13285.409,944.906,0.155,10,0.2950000000000727
29574,2024-08-12 10:00:00,12736.663,28.287,3780.325,944.496,13285.836,944.919,0.293,10,0.3999999999996362
29574,2024-08-12 11:00:00,12737.017,28.287,3780.497,944.496,13286.224,944.919,0.277,10,0.3539999999993597
29574,2024-08-12 12:00:00,12737.455,28.287,3780.721,944.496,13286.708,944.919,0.383,10,0.4380000000001018
29574,2024-08-12 13:00:00,12737.829,28.287,3780.914,944.496,13287.121,944.919,0.316,10,0.3739999999997963
29574,2024-08-12 14:00:00,12738.119,28.287,3781.086,944.496,13287.448,944.919,0.214,10,0.2900000000008731
29574,2024-08-12 15:00:00,12738.454,28.287,3781.235,944.505,13287.812,944.928,0.277,10,0.3349999999991269
29574,2024-08-12 16:00:00,12738.724,28.287,3781.421,944.509,13288.123,944.932,0.218,10,0.2700000000004365
29574,2024-08-12 17:00:00,12739.023,28.287,3781.563,944.526,13288.45,944.949,0.231,10,0.2989999999990687
29574,2024-08-12 18:00:00,12739.491,28.287,3781.744,944.539,13288.95,944.962,0.4,10,0.4680000000007567
29574,2024-08-12 19:00:00,12739.935,28.287,3781.936,944.582,13289.431,945.005,0.316,10,0.4439999999995052
29574,2024-08-12 20:00:00,12740.721,28.287,3782.138,944.592,13290.242,945.015,0.68,10,0.7860000000000582
29574,2024-08-12 21:00:00,12741.228,28.287,3782.325,944.61,13290.781,945.033,0.375,10,0.5069999999996071
29574,2024-08-12 22:00:00,12741.704,28.287,3782.543,944.61,13291.299,945.033,0.353,10,0.4760000000005675
29574,2024-08-12 23:00:00,12742.049,28.287,3782.758,944.61,13291.691,945.033,0.205,10,0.3450000000011641
29574,2024-08-13 00:00:00,12742.369,28.287,3782.961,944.61,13292.056,945.033,0.187,10,0.3199999999997089
29574,2024-08-13 01:00:00,12742.684,28.287,3783.171,944.61,13292.418,945.033,0.194,10,0.3149999999986903
29574,2024-08-13 06:00:00,12744.168,28.287,3784.199,944.61,13294.133,945.033,0.402,10,0.4490000000005238
29574,2024-08-13 07:00:00,12744.569,28.287,3784.401,944.61,13294.575,945.033,0.356,10,0.4009999999998399
29574,2024-08-13 08:00:00,12744.841,28.287,3784.597,944.61,13294.891,945.033,0.193,10,0.272000000000844
29574,2024-08-13 09:00:00,12745.239,28.287,3784.864,944.61,13295.349,945.033,0.293,10,0.3979999999992287
29574,2024-08-13 10:00:00,12745.671,28.287,3785.067,944.61,13295.821,945.033,0.349,10,0.4320000000006985
29574,2024-08-13 11:00:00,12745.991,28.287,3785.284,944.612,13296.189,945.035,0.281,10,0.3199999999997089
29574,2024-08-13 12:00:00,12746.476,28.287,3785.5,944.612,13296.716,945.035,0.447,10,0.4850000000005821
29574,2024-08-13 13:00:00,12746.833,28.287,3785.741,944.612,13297.126,945.035,0.295,10,0.3569999999999709
29574,2024-08-13 14:00:00,12747.104,28.287,3785.935,944.612,13297.442,945.035,0.183,10,0.2709999999988213
29574,2024-08-13 15:00:00,12747.337,28.287,3786.088,944.612,13297.708,945.035,0.182,10,0.2330000000001746
29574,2024-08-13 16:00:00,12747.626,28.287,3786.231,944.612,13298.026,945.035,0.189,10,0.2890000000006694
29574,2024-08-13 17:00:00,12748.113,28.287,3786.383,944.621,13298.536,945.044,0.367,10,0.4869999999991705
29574,2024-08-13 18:00:00,12748.41,28.287,3786.571,944.638,13298.875,945.061,0.232,10,0.2970000000004802
29574,2024-08-13 19:00:00,12748.817,28.287,3786.75,944.664,13299.316,945.087,0.302,10,0.4069999999992433
29574,2024-08-13 20:00:00,12749.582,28.287,3786.921,944.699,13300.098,945.122,0.727,10,0.7650000000012369
29574,2024-08-13 21:00:00,12749.927,28.287,3787.094,944.725,13300.478,945.148,0.285,10,0.3449999999993451
29574,2024-08-13 22:00:00,12750.204,28.287,3787.231,944.73,13300.782,945.153,0.336,10,0.2770000000000436
29574,2024-08-13 23:00:00,12750.451,28.287,3787.374,944.738,13301.06,945.161,0.234,10,0.2469999999993888
29574,2024-08-27 01:00:00,12871.418,28.288,3827.457,950.753,13428.433,951.173,0.212,10,0.3009999999994761
29574,2024-08-27 02:00:00,12871.696,28.288,3827.554,950.778,13428.727,951.198,0.197,10,0.2780000000002474
29574,2024-08-27 03:00:00,12871.99,28.288,3827.663,950.799,13429.04,951.219,0.213,10,0.293999999999869
29574,2024-08-27 04:00:00,12872.269,28.288,3827.764,950.82,13429.336,951.24,0.203,10,0.2790000000004511
29574,2024-08-27 05:00:00,12872.542,28.288,3827.864,950.841,13429.626,951.261,0.201,10,0.2729999999992287
29574,2024-08-27 06:00:00,12872.79,28.288,3827.984,950.859,13429.898,951.279,0.182,10,0.2480000000014115
29574,2024-08-27 07:00:00,12873.251,28.288,3828.081,950.886,13430.368,951.306,0.401,10,0.4609999999993306
29574,2024-08-27 08:00:00,12873.658,28.288,3828.222,950.92,13430.798,951.34,0.315,10,0.4069999999992433
29574,2024-08-27 09:00:00,12874.057,28.288,3828.34,950.987,13431.214,951.407,0.23,10,0.3990000000012514
29574,2024-08-27 10:00:00,12874.858,28.288,3828.463,951.005,13432.017,951.425,0.735,10,0.8009999999994761
29574,2024-08-27 11:00:00,12875.12,28.288,3828.574,951.021,13432.3,951.441,0.189,10,0.2620000000006257
29574,2024-08-27 12:00:00,12875.359,28.288,3828.698,951.029,13432.564,951.449,0.154,10,0.238999999999578
29574,2024-08-27 13:00:00,12875.596,28.288,3828.778,951.048,13432.814,951.468,0.128,10,0.2369999999991705
29574,2024-08-27 14:00:00,12875.831,28.288,3828.858,951.06,13433.062,951.48,0.132,10,0.235000000000582
29574,2024-08-27 15:00:00,12876.093,28.288,3828.96,951.073,13433.343,951.493,0.146,10,0.2620000000006257
29574,2024-08-27 16:00:00,12876.409,28.288,3829.071,951.101,13433.677,951.521,0.224,10,0.315999999998894
29574,2024-08-27 17:00:00,12876.686,28.288,3829.206,951.126,13433.981,951.546,0.202,10,0.2770000000000436
29574,2024-08-27 18:00:00,12876.959,28.288,3829.34,951.162,13434.281,951.582,0.169,10,0.2730000000010477
29574,2024-08-27 19:00:00,12877.37,28.288,3829.447,951.186,13434.705,951.606,0.29,10,0.4110000000000582
29574,2024-08-27 20:00:00,12878.291,28.288,3829.626,951.197,13435.639,951.617,0.81,10,0.9209999999984576
29574,2024-08-27 21:00:00,12878.905,28.288,3829.807,951.21,13436.279,951.63,0.517,10,0.614000000001397
29574,2024-08-27 22:00:00,12879.253,28.288,3829.894,951.234,13436.638,951.654,0.208,10,0.3479999999999563
29574,2024-08-27 23:00:00,12879.559,28.288,3829.979,951.246,13436.955,951.666,0.173,10,0.3059999999986758
29574,2024-08-28 00:00:00,12879.874,28.288,3830.083,951.266,13437.287,951.686,0.177,10,0.3150000000005093
29574,2024-08-28 01:00:00,12880.187,28.288,3830.19,951.282,13437.617,951.702,0.185,10,0.3130000000001018
29574,2024-08-28 02:00:00,12880.479,28.288,3830.267,951.301,13437.919,951.721,0.165,10,0.2919999999994616
29574,2024-08-28 03:00:00,12880.782,28.288,3830.357,951.32,13438.235,951.74,0.17,10,0.3029999999998836
29574,2024-08-28 04:00:00,12881.088,28.288,3830.457,951.332,13438.557,951.752,0.175,10,0.3060000000004947
29574,2024-08-28 05:00:00,12881.381,28.288,3830.541,951.348,13438.862,951.768,0.177,10,0.2929999999996653
29574,2024-08-28 06:00:00,12881.635,28.288,3830.621,951.383,13439.128,951.803,0.165,10,0.2540000000008149
29574,2024-08-28 07:00:00,12882.207,28.288,3830.752,951.413,13439.714,951.833,0.454,10,0.5720000000001164
29574,2024-08-28 08:00:00,12882.588,28.288,3830.873,951.445,13440.113,951.865,0.295,10,0.3809999999994033
29574,2024-08-28 09:00:00,12882.891,28.288,3830.955,951.48,13440.427,951.9,0.175,10,0.3029999999998836
29574,2024-08-28 10:00:00,12883.11,28.288,3831.055,951.485,13440.666,951.905,0.143,10,0.2190000000009604
29574,2024-08-28 11:00:00,12883.346,28.288,3831.158,951.489,13440.921,951.909,0.156,10,0.2359999999989668
29574,2024-08-28 12:00:00,12883.746,28.288,3831.245,951.508,13441.329,951.928,0.345,10,0.3999999999996362
29574,2024-08-28 13:00:00,12884.081,28.288,3831.353,951.512,13441.681,951.932,0.254,10,0.3350000000009459
29574,2024-08-28 14:00:00,12884.479,28.288,3831.456,951.515,13442.092,951.935,0.297,10,0.3979999999992287
29574,2024-08-28 15:00:00,12885.007,28.288,3831.579,951.526,13442.633,951.946,0.427,10,0.5280000000002474
29574,2024-08-28 16:00:00,12885.413,28.288,3831.671,951.533,13443.049,951.953,0.312,10,0.4060000000008585
29574,2024-08-28 17:00:00,12885.667,28.288,3831.765,951.536,13443.319,951.956,0.184,10,0.2539999999989959
29574,2024-08-28 18:00:00,12886.195,28.288,3831.872,951.57,13443.856,951.99,0.467,10,0.5280000000002474
29574,2024-08-28 19:00:00,12886.665,28.288,3831.996,951.585,13444.341,952.005,0.373,10,0.4700000000011641
29574,2024-08-28 20:00:00,12887.396,28.288,3832.208,951.593,13445.102,952.013,0.598,10,0.7309999999997672
29574,2024-08-28 21:00:00,12887.853,28.288,3832.34,951.618,13445.578,952.038,0.353,10,0.4569999999985157
29574,2024-08-28 22:00:00,12888.296,28.288,3832.447,951.64,13446.033,952.06,0.371,10,0.4430000000011205
29574,2024-08-28 23:00:00,12888.677,28.288,3832.559,951.664,13446.43,952.084,0.277,10,0.3809999999994033
29574,2024-08-29 00:00:00,12889.073,28.288,3832.656,951.676,13446.838,952.096,0.269,10,0.3960000000006403
29574,2024-08-29 01:00:00,12889.474,28.288,3832.766,951.691,13447.253,952.111,0.278,10,0.4009999999998399
29574,2024-08-29 02:00:00,12889.755,28.288,3832.882,951.704,13447.556,952.124,0.159,10,0.2809999999990396
29574,2024-08-29 03:00:00,12890.01,28.288,3832.966,951.722,13447.824,952.142,0.129,10,0.2550000000010186
29574,2024-08-29 04:00:00,12890.256,28.288,3833.057,951.738,13448.086,952.158,0.13,10,0.2459999999991851
29574,2024-08-29 05:00:00,12890.518,28.288,3833.163,951.754,13448.367,952.174,0.138,10,0.2620000000006257
29574,2024-08-29 06:00:00,12890.8,28.288,3833.264,951.773,13448.666,952.193,0.148,10,0.2819999999992433
29574,2024-08-29 07:00:00,12891.349,28.288,3833.349,951.808,13449.217,952.228,0.499,10,0.5490000000008877
29574,2024-08-29 08:00:00,12891.614,28.288,3833.477,951.848,13449.507,952.268,0.185,10,0.2649999999994179
29574,2024-08-29 09:00:00,12892.036,28.288,3833.594,951.883,13449.945,952.303,0.292,10,0.4220000000004802
29574,2024-08-29 10:00:00,12892.246,28.288,3833.672,951.895,13450.169,952.315,0.114,10,0.2099999999991268
29574,2024-08-29 11:00:00,12892.479,28.288,3833.776,951.922,13450.422,952.342,0.151,10,0.2330000000001746
29574,2024-08-29 12:00:00,12892.767,28.288,3834.006,951.929,13450.763,952.349,0.2,10,0.2880000000004656
29574,2024-08-29 13:00:00,12893.154,28.288,3834.146,951.955,13451.174,952.375,0.241,10,0.3870000000006257
29574,2024-08-29 14:00:00,12893.354,28.288,3834.297,951.965,13451.409,952.385,0.136,10,0.1999999999989086
29574,2024-08-29 15:00:00,12893.595,28.288,3834.387,951.967,13451.665,952.387,0.143,10,0.2409999999999854
29574,2024-08-29 16:00:00,12893.899,28.288,3834.475,951.972,13451.982,952.392,0.2,10,0.3040000000000873
29574,2024-08-30 01:00:00,12896.825,28.288,3835.333,952.168,13455.031,952.588,0.204,10,0.2820000000010623
29574,2024-08-30 02:00:00,12897.185,28.288,3835.436,952.178,13455.405,952.598,0.532,10,0.3599999999987631
29574,2024-08-30 08:00:00,12899.238,28.288,3836.191,952.264,13457.589,952.684,0.518,10,0.6369999999988067
29574,2024-08-30 09:00:00,12899.49,28.288,3836.27,952.298,13457.853,952.718,0.181,10,0.2520000000004074
29574,2024-08-30 10:00:00,12899.735,28.288,3836.432,952.301,13458.134,952.721,0.169,10,0.2450000000008003
29574,2024-08-30 11:00:00,12900.166,28.288,3836.542,952.315,13458.578,952.735,0.321,10,0.4309999999986758
29574,2024-08-30 12:00:00,12900.393,28.288,3836.634,952.337,13458.822,952.757,0.142,10,0.2270000000007712
29574,2024-08-30 13:00:00,12900.616,28.288,3836.735,952.354,13459.064,952.774,0.145,10,0.2229999999999563
29574,2024-08-30 14:00:00,12900.859,28.288,3836.835,952.367,13459.326,952.787,0.128,10,0.2430000000003929
29574,2024-08-30 15:00:00,12901.088,28.288,3836.952,952.375,13459.579,952.795,0.14,10,0.2289999999993597
29574,2024-08-30 16:00:00,12901.394,28.288,3837.082,952.384,13459.909,952.804,0.214,10,0.3060000000004947
29574,2024-08-30 17:00:00,12901.74,28.288,3837.183,952.411,13460.269,952.831,0.182,10,0.3459999999995489
29574,2024-08-30 18:00:00,12902.124,28.288,3837.323,952.447,13460.677,952.866,0.221,10,0.3840000000000145
29574,2024-08-30 19:00:00,12902.735,28.288,3837.446,952.497,13461.298,952.916,0.473,10,0.6110000000007858
29574,2024-08-30 20:00:00,12903.673,28.288,3837.545,952.522,13462.225,952.941,0.865,10,0.938000000000102
29574,2024-08-30 21:00:00,12904.075,28.288,3837.637,952.539,13462.637,952.958,0.328,10,0.4020000000000436
29574,2024-08-30 22:00:00,12904.39,28.288,3837.786,952.557,13462.981,952.976,0.223,10,0.3149999999986903
29574,2024-08-30 23:00:00,12904.619,28.288,3837.917,952.583,13463.238,953.002,0.146,10,0.2290000000011787
29574,2024-08-31 02:00:00,12905.416,28.288,3838.32,952.684,13464.117,953.103,0.148,10,0.2649999999994179
29574,2024-08-31 03:00:00,12905.67,28.288,3838.445,952.716,13464.396,953.135,0.134,10,0.2540000000008149
29574,2024-08-31 04:00:00,12905.911,28.288,3838.55,952.757,13464.657,953.176,0.122,10,0.2409999999999854
29574,2024-08-31 05:00:00,12906.158,28.288,3838.658,952.791,13464.925,953.21,0.133,10,0.2469999999993888
29574,2024-08-31 06:00:00,12906.424,28.288,3838.768,952.82,13465.211,953.239,0.139,10,0.2660000000014406
29574,2024-08-31 07:00:00,12906.767,28.288,3838.911,952.847,13465.581,953.266,0.219,10,0.3429999999989377
29574,2024-08-31 08:00:00,12907.317,28.288,3839.049,952.859,13466.147,953.278,0.368,10,0.5499999999992724
29574,2024-08-31 09:00:00,12907.682,28.288,3839.183,952.897,13466.535,953.316,0.256,10,0.3650000000016007
29574,2024-08-31 10:00:00,12907.966,28.288,3839.304,952.924,13466.842,953.343,0.252,10,0.2839999999996507
29574,2024-08-31 11:00:00,12908.522,28.288,3839.423,952.957,13467.409,953.376,0.521,10,0.5560000000004948
29574,2024-08-31 12:00:00,12909.486,28.288,3839.613,952.957,13468.387,953.376,0.989,10,0.9639999999999418
29574,2024-08-31 13:00:00,12910.021,28.288,3839.865,952.969,13468.971,953.388,0.471,10,0.5349999999998545
29574,2024-08-31 14:00:00,12910.343,28.288,3840.018,953.006,13469.324,953.425,0.201,10,0.3220000000001164
29574,2024-08-31 15:00:00,12910.708,28.288,3840.125,953.038,13469.704,953.457,0.222,10,0.3649999999997817
29574,2024-08-31 16:00:00,12911.504,28.288,3840.247,953.09,13470.502,953.509,0.717,10,0.7960000000002765
29574,2024-08-31 17:00:00,12912.422,28.288,3840.393,953.133,13471.423,953.552,0.849,10,0.9179999999996652
29574,2024-09-01 02:00:00,12915.286,28.288,3841.375,953.359,13474.448,953.778,0.134,10,0.2090000000007421
29574,2024-09-01 03:00:00,12915.473,28.288,3841.478,953.38,13474.657,953.799,0.117,10,0.1869999999998981
29574,2024-09-01 04:00:00,12915.689,28.288,3841.574,953.409,13474.891,953.828,0.142,10,0.2160000000003492
29574,2024-09-01 05:00:00,12915.983,28.288,3841.744,953.425,13475.222,953.844,0.184,10,0.293999999999869
29574,2024-09-01 06:00:00,12916.229,28.288,3841.868,953.454,13475.493,953.873,0.127,10,0.2459999999991851
29574,2024-09-01 07:00:00,12916.619,28.329,3842.038,953.524,13475.915,953.944,0.397,10,0.3900000000012369
29574,2024-09-01 08:00:00,12916.925,28.329,3842.175,953.546,13476.248,953.966,0.26,10,0.3059999999986758
29574,2024-09-01 09:00:00,12917.202,28.329,3842.273,953.584,13476.541,954.004,0.172,10,0.2770000000000436
29574,2024-09-01 10:00:00,12917.568,28.329,3842.388,953.6,13476.925,954.02,0.292,10,0.3659999999999854
29574,2024-09-01 11:00:00,12917.827,28.329,3842.495,953.625,13477.203,954.045,0.189,10,0.2590000000000145
29574,2024-09-01 12:00:00,12919.154,28.329,3842.597,953.634,13478.504,954.054,1.308,10,1.327000000001135
29574,2024-09-01 13:00:00,12919.471,28.329,3842.733,953.642,13478.847,954.062,0.223,10,0.3169999999990978
29574,2024-09-01 14:00:00,12920.065,28.329,3842.972,953.644,13479.484,954.064,0.523,10,0.5940000000009604
29574,2024-09-01 15:00:00,12920.416,28.329,3843.153,953.66,13479.872,954.08,0.244,10,0.3509999999987485
29574,2024-09-01 16:00:00,12920.676,28.329,3843.315,953.681,13480.168,954.101,0.169,10,0.2600000000002183
29574,2024-09-01 17:00:00,12920.956,28.329,3843.456,953.697,13480.476,954.117,0.2,10,0.2800000000006548
29574,2024-09-01 18:00:00,12921.393,28.329,3843.608,953.736,13480.939,954.156,0.32,10,0.4369999999998981
29574,2024-09-01 19:00:00,12921.816,28.329,3843.737,953.76,13481.381,954.18,0.266,10,0.4230000000006839
29574,2024-09-01 20:00:00,12922.632,28.329,3843.835,953.776,13482.191,954.196,0.686,10,0.815999999998894
29574,2024-09-01 21:00:00,12923.094,28.329,3843.976,953.785,13482.674,954.205,0.349,10,0.4619999999995343
29574,2024-09-01 22:00:00,12923.509,28.329,3844.09,953.805,13483.104,954.225,0.31,10,0.4150000000008731
29574,2024-09-01 23:00:00,12923.973,28.329,3844.146,953.821,13483.565,954.241,0.338,10,0.4639999999999418
29574,2024-09-02 00:00:00,12924.431,28.329,3844.291,953.825,13484.045,954.245,0.346,10,0.4580000000005384
29574,2024-09-02 01:00:00,12924.837,28.329,3844.375,953.835,13484.458,954.255,0.303,10,0.4059999999990396
29574,2024-09-02 04:00:00,12925.771,28.329,3844.595,953.853,13485.416,954.273,0.166,10,0.272000000000844
29574,2024-09-02 05:00:00,12926.07,28.329,3844.668,953.859,13485.724,954.279,0.189,10,0.2989999999990687
29574,2024-09-02 06:00:00,12926.401,28.329,3844.746,953.867,13486.063,954.287,0.196,10,0.3310000000001309
29574,2024-09-02 07:00:00,12926.884,28.329,3844.816,953.886,13486.546,954.306,0.336,10,0.4830000000001746
29574,2024-09-02 08:00:00,12927.389,28.329,3844.918,953.903,13487.059,954.323,0.324,10,0.5049999999991996
29574,2024-09-02 09:00:00,12927.759,28.329,3845.013,953.913,13487.441,954.333,0.185,10,0.3700000000008003
29574,2024-09-02 10:00:00,12928.238,28.329,3845.107,953.924,13487.927,954.344,0.345,10,0.4789999999993597
29574,2024-09-02 11:00:00,12928.502,28.329,3845.22,953.936,13488.212,954.356,0.18,10,0.2640000000010332
29574,2024-09-02 12:00:00,12928.898,28.329,3845.335,953.953,13488.625,954.373,0.326,10,0.3959999999988213
29574,2024-09-02 13:00:00,12929.168,28.329,3845.458,953.965,13488.918,954.385,0.166,10,0.2700000000004365
29574,2024-09-02 14:00:00,12929.429,28.329,3845.561,953.985,13489.198,954.405,0.162,10,0.261000000000422
29574,2024-09-02 15:00:00,12929.7,28.329,3845.674,954.006,13489.49,954.426,0.193,10,0.2710000000006403
29574,2024-09-02 16:00:00,12929.958,28.329,3845.786,954.025,13489.769,954.445,0.177,10,0.2579999999998108
29574,2024-09-02 17:00:00,12930.3,28.329,3845.888,954.04,13490.126,954.46,0.229,10,0.341999999998734
29574,2024-09-02 18:00:00,12930.526,28.329,3845.972,954.069,13490.367,954.489,0.16,10,0.2260000000005675
29574,2024-09-02 19:00:00,12931.316,28.329,3846.228,954.072,13491.197,954.492,0.747,10,0.7900000000008731
29574,2024-09-02 20:00:00,12931.985,28.329,3846.332,954.103,13491.868,954.523,0.626,10,0.668999999999869
29574,2024-09-02 21:00:00,12932.474,28.329,3846.491,954.118,13492.382,954.538,0.405,10,0.488999999999578
29574,2024-09-02 22:00:00,12932.88,28.329,3846.613,954.137,13492.806,954.557,0.316,10,0.4059999999990396
29574,2024-09-02 23:00:00,12933.292,28.329,3846.705,954.151,13493.227,954.571,0.299,10,0.4120000000002619
29574,2024-09-03 00:00:00,12933.792,28.329,3846.815,954.172,13493.737,954.592,0.368,10,0.5
29574,2024-09-03 01:00:00,12934.219,28.329,3846.917,954.182,13494.176,954.602,0.312,10,0.4269999999996798
29574,2024-09-03 04:00:00,12935.405,28.329,3847.149,954.215,13495.379,954.635,0.281,10,0.3910000000014406
29574,2024-09-03 05:00:00,12935.799,28.329,3847.233,954.229,13495.78,954.649,0.286,10,0.3940000000002328
29574,2024-09-03 06:00:00,12936.179,28.329,3847.308,954.261,13496.166,954.681,0.264,10,0.3799999999991996
29574,2024-09-03 07:00:00,12936.831,28.329,3847.413,954.29,13496.821,954.71,0.526,10,0.6520000000000437
29574,2024-09-03 08:00:00,12937.143,28.329,3847.533,954.316,13497.154,954.736,0.246,10,0.3119999999998981
29574,2024-09-03 09:00:00,12937.402,28.329,3847.644,954.362,13497.434,954.782,0.18,10,0.2590000000000145
29574,2024-09-03 10:00:00,12937.872,28.329,3847.734,954.367,13497.91,954.787,0.376,10,0.4699999999993451
29574,2024-09-03 11:00:00,12938.869,28.329,3847.813,954.373,13498.888,954.793,0.943,10,0.9970000000012078
29574,2024-09-03 12:00:00,12939.16,28.329,3847.93,954.376,13499.2,954.796,0.171,10,0.2909999999992578
29574,2024-09-03 13:00:00,12939.416,28.329,3848.011,954.38,13499.469,954.8,0.138,10,0.2559999999994033
29574,2024-09-03 14:00:00,12939.634,28.329,3848.066,954.387,13499.694,954.807,0.13,10,0.2180000000007567
29574,2024-09-03 15:00:00,12939.855,28.329,3848.126,954.399,13499.923,954.819,0.147,10,0.2209999999995489
29574,2024-09-03 16:00:00,12940.098,28.329,3848.196,954.404,13500.175,954.824,0.15,10,0.2430000000003929
29574,2024-09-03 17:00:00,12940.469,28.329,3848.261,954.414,13500.55,954.834,0.295,10,0.3709999999991851
29574,2024-09-03 18:00:00,12940.793,28.329,3848.365,954.446,13500.89,954.866,0.213,10,0.3240000000005238
29574,2024-09-03 19:00:00,12941.378,28.329,3848.431,954.489,13501.469,954.909,0.501,10,0.5850000000009459
29574,2024-09-03 20:00:00,12941.987,28.329,3848.632,954.502,13502.11,954.922,0.522,10,0.6089999999985594
29574,2024-09-03 21:00:00,12942.301,28.329,3848.726,954.523,13502.438,954.943,0.244,10,0.3140000000003056
29574,2024-09-03 22:00:00,12942.677,28.329,3848.822,954.561,13502.826,954.981,0.296,10,0.3760000000002037
29574,2024-09-03 23:00:00,12943.082,28.329,3848.914,954.586,13503.24,955.006,0.311,10,0.4050000000006548
29574,2024-09-04 00:00:00,12943.715,28.329,3848.994,954.608,13503.87,955.028,0.522,10,0.6329999999998108
29574,2024-09-04 01:00:00,12944.105,28.329,3849.076,954.628,13504.267,955.048,0.267,10,0.3899999999994179
29574,2024-09-04 02:00:00,12944.569,28.329,3849.194,954.641,13504.745,955.061,0.348,10,0.4639999999999418
29574,2024-09-04 03:00:00,12944.974,28.329,3849.306,954.653,13505.165,955.073,0.278,10,0.4050000000006548
29574,2024-09-04 04:00:00,12945.356,28.329,3849.41,954.667,13505.561,955.087,0.266,10,0.3819999999996071
29574,2024-09-04 05:00:00,12945.708,28.329,3849.507,954.685,13505.926,955.105,0.245,10,0.3520000000007712
29574,2024-09-04 06:00:00,12946.017,28.329,3849.602,954.709,13506.25,955.129,0.229,10,0.3089999999992869
29574,2024-09-04 07:00:00,12946.488,28.329,3849.708,954.751,13506.731,955.171,0.41,10,0.4709999999995489
29574,2024-09-04 08:00:00,12946.946,28.329,3849.831,954.784,13507.205,955.204,0.363,10,0.4580000000005384
29574,2024-09-04 09:00:00,12947.212,28.329,3849.937,954.809,13507.491,955.229,0.127,10,0.2659999999996216
29574,2024-09-04 10:00:00,12948.044,28.329,3850.097,954.827,13508.334,955.247,0.76,10,0.8320000000003347
29574,2024-09-04 11:00:00,12948.36,28.329,3850.229,954.848,13508.674,955.268,0.191,10,0.316000000000713
29574,2024-09-04 12:00:00,12948.694,28.329,3850.363,954.876,13509.032,955.296,0.219,10,0.3339999999989231
29574,2024-09-04 13:00:00,12949.11,28.329,3850.611,954.878,13509.502,955.298,0.296,10,0.4160000000010768
29574,2024-09-04 14:00:00,12949.63,28.329,3850.829,954.886,13510.062,955.306,0.402,10,0.5199999999986176
29574,2024-09-04 15:00:00,12949.9,28.329,3850.959,954.904,13510.358,955.324,0.139,10,0.2700000000004365
29574,2024-09-04 16:00:00,12950.173,28.329,3851.043,954.924,13510.644,955.344,0.187,10,0.2730000000010477
29574,2024-09-04 17:00:00,12950.538,28.329,3851.204,954.943,13511.04,955.363,0.299,10,0.3649999999997817
29574,2024-09-04 18:00:00,12950.872,28.329,3851.319,954.969,13511.393,955.389,0.256,10,0.3339999999989231
29574,2024-09-04 19:00:00,12951.259,28.329,3851.426,955.005,13511.794,955.425,0.3,10,0.3870000000006257
29574,2024-09-04 20:00:00,12951.77,28.329,3851.598,955.013,13512.333,955.433,0.428,10,0.511000000000422
29574,2024-09-04 21:00:00,12952.286,28.329,3851.74,955.035,13512.868,955.455,0.466,10,0.5159999999996217
29574,2024-09-04 22:00:00,12952.732,28.329,3851.88,955.104,13513.335,955.524,0.362,10,0.4459999999999127
29574,2024-09-04 23:00:00,12953.083,28.329,3852.021,955.143,13513.712,955.563,0.301,10,0.3510000000005675
29574,2024-09-06 01:00:00,12962.345,28.329,3855.241,956.161,13523.508,956.58,0.355,10,0.4419999999990978
29574,2024-09-06 04:00:00,12963.074,28.329,3855.61,956.261,13524.312,956.68,0.145,10,0.2280000000009749
29574,2024-09-06 05:00:00,12963.302,28.329,3855.722,956.287,13524.562,956.706,0.146,10,0.227999999999156
29574,2024-09-06 06:00:00,12963.526,28.329,3855.85,956.314,13524.813,956.733,0.142,10,0.22400000000016
29574,2024-09-06 07:00:00,12963.74,28.329,3855.951,956.35,13525.047,956.769,0.126,10,0.2139999999999418
29574,2024-09-06 08:00:00,12964.343,28.329,3856.075,956.39,13525.66,956.809,0.525,10,0.603000000000975
29574,2024-09-06 09:00:00,12965.236,28.329,3856.207,956.423,13526.554,956.842,0.829,10,0.8930000000000291
29574,2024-09-06 10:00:00,12965.709,28.329,3856.309,956.487,13527.036,956.906,0.348,10,0.4729999999999563
29574,2024-09-06 11:00:00,12965.946,28.329,3856.435,956.518,13527.3,956.937,0.159,10,0.2369999999991705
29574,2024-09-06 12:00:00,12966.238,28.329,3856.575,956.559,13527.619,956.978,0.197,10,0.2919999999994616
29574,2024-09-06 13:00:00,12966.481,28.329,3856.726,956.575,13527.895,956.994,0.157,10,0.2430000000003929
29574,2024-09-06 14:00:00,12966.7,28.329,3856.854,956.605,13528.142,957.024,0.145,10,0.2190000000009604
29574,2024-09-06 15:00:00,12966.961,28.329,3856.984,956.648,13528.429,957.067,0.141,10,0.260999999998603
29574,2024-09-06 16:00:00,12967.23,28.329,3857.086,956.683,13528.716,957.102,0.142,10,0.2690000000002328
29574,2024-09-06 17:00:00,12967.496,28.329,3857.205,956.724,13529.005,957.143,0.142,10,0.2659999999996216
29574,2024-09-06 18:00:00,12967.801,28.329,3857.337,956.767,13529.335,957.186,0.149,10,0.305000000000291
29574,2024-09-06 19:00:00,12968.33,28.329,3857.447,956.823,13529.873,957.242,0.376,10,0.5290000000004511
29574,2024-09-06 20:00:00,12968.903,28.329,3857.543,956.859,13530.45,957.278,0.422,10,0.5730000000003201
29574,2024-09-06 21:00:00,12969.64,28.329,3857.652,956.893,13531.187,957.312,0.606,10,0.7369999999991705
29574,2024-09-07 06:00:00,12972.282,28.329,3858.686,957.136,13534.014,957.555,0.139,10,0.2569999999996071
29574,2024-09-07 07:00:00,12972.53,28.329,3858.772,957.183,13534.277,957.602,0.125,10,0.2480000000014115
29574,2024-09-07 08:00:00,12973.885,28.329,3858.879,957.217,13535.606,957.636,1.338,10,1.3549999999995634
29574,2024-09-07 09:00:00,12975.094,28.329,3859.03,957.264,13536.808,957.683,1.162,10,1.2089999999989232
29574,2024-09-07 10:00:00,12975.512,28.329,3859.18,957.295,13537.251,957.714,0.3,10,0.4180000000014843
29574,2024-09-07 11:00:00,12975.823,28.329,3859.42,957.3,13537.618,957.719,0.228,10,0.3109999999996944
29574,2024-09-07 12:00:00,12976.099,28.329,3859.564,957.325,13537.923,957.744,0.187,10,0.2759999999998399
29574,2024-09-07 20:00:00,12979.008,28.329,3860.646,957.631,13541.02,958.049,0.329,10,0.3919999999998254
29574,2024-09-07 21:00:00,12979.461,28.329,3860.793,957.657,13541.496,958.075,0.383,10,0.4529999999995198
29574,2024-09-07 22:00:00,12979.848,28.329,3860.875,957.706,13541.89,958.124,0.315,10,0.3870000000006257
29574,2024-09-07 23:00:00,12980.255,28.329,3861.011,957.737,13542.319,958.155,0.338,10,0.4069999999992433
29574,2024-09-08 04:00:00,12981.417,28.329,3861.652,957.883,13543.616,958.301,0.15,10,0.2179999999989377
29574,2024-09-08 05:00:00,12981.614,28.329,3861.744,957.914,13543.831,958.332,0.13,10,0.1970000000001164
29574,2024-09-08 06:00:00,12981.829,28.329,3861.879,957.935,13544.075,958.353,0.153,10,0.2150000000001455
29574,2024-09-08 07:00:00,12982.292,28.329,3862.019,957.964,13544.559,958.382,0.429,10,0.462999999999738
29574,2024-09-08 08:00:00,12982.655,28.329,3862.192,957.996,13544.956,958.414,0.287,10,0.3630000000011932
29574,2024-09-08 09:00:00,12982.899,28.329,3862.346,958.038,13545.234,958.456,0.174,10,0.2439999999987776
29574,2024-09-08 10:00:00,12983.147,28.329,3862.474,958.066,13545.508,958.484,0.216,10,0.2480000000014115
29574,2024-09-08 11:00:00,12984.329,28.329,3862.737,958.066,13546.716,958.484,1.199,10,1.1819999999988795
29574,2024-09-08 12:00:00,12985.109,28.329,3862.864,958.095,13547.5,958.513,0.756,10,0.7800000000006548
29574,2024-09-08 13:00:00,12985.791,28.329,3863.056,958.109,13548.209,958.527,0.591,10,0.6819999999988795
29574,2024-09-08 14:00:00,12986.167,28.329,3863.154,958.121,13548.597,958.539,0.269,10,0.3760000000002037
29574,2024-09-08 15:00:00,12986.942,28.329,3863.25,958.145,13549.367,958.563,0.709,10,0.7749999999996362
29574,2024-09-08 16:00:00,12987.398,28.329,3863.353,958.185,13549.834,958.603,0.371,10,0.4560000000001309
29574,2024-09-08 17:00:00,12987.668,28.329,3863.503,958.224,13550.135,958.642,0.168,10,0.2700000000004365
29574,2024-09-08 18:00:00,12988.083,28.329,3863.627,958.266,13550.568,958.684,0.288,10,0.4150000000008731
29574,2024-09-08 19:00:00,12988.953,28.329,3863.711,958.293,13551.426,958.711,0.736,10,0.8699999999989814
29574,2024-09-08 20:00:00,12989.478,28.329,3863.77,958.324,13551.946,958.742,0.43,10,0.5249999999996362
29574,2024-09-08 21:00:00,12989.855,28.329,3863.869,958.357,13552.336,958.775,0.323,10,0.3770000000004074
29574,2024-09-08 22:00:00,12990.282,28.329,3864.062,958.398,13552.8,958.816,0.384,10,0.4269999999996798
29574,2024-09-08 23:00:00,12990.75,28.329,3864.213,958.448,13553.292,958.866,0.408,10,0.4680000000007567
29574,2024-09-09 15:00:00,12995.344,28.329,3865.945,958.762,13558.189,959.18,0.358,10,0.407999999999447
29574,2024-09-09 16:00:00,12995.591,28.329,3866.038,958.781,13558.452,959.199,0.222,10,0.2470000000012078
29574,2024-09-09 17:00:00,12995.953,28.329,3866.158,958.807,13558.833,959.225,0.292,10,0.3619999999991705
29574,2024-09-09 18:00:00,12996.477,28.329,3866.257,958.856,13559.364,959.274,0.449,10,0.5240000000012515
29574,2024-09-09 19:00:00,12997.145,28.329,3866.4,958.9,13560.045,959.318,0.605,10,0.6679999999996653
29574,2024-09-09 20:00:00,12997.567,28.329,3866.521,958.932,13560.484,959.35,0.349,10,0.4219999999986612
29574,2024-09-09 21:00:00,12997.908,28.329,3866.626,958.962,13560.841,959.38,0.272,10,0.3410000000003492
29574,2024-09-09 22:00:00,12998.278,28.329,3866.72,959.033,13561.222,959.451,0.321,10,0.3700000000008003
29574,2024-09-09 23:00:00,12998.682,28.329,3866.86,959.077,13561.649,959.495,0.292,10,0.4040000000004511
29574,2024-09-10 00:00:00,12998.988,28.329,3867.0,959.125,13561.982,959.543,0.2,10,0.3059999999986758
29574,2024-09-10 01:00:00,12999.269,28.329,3867.143,959.168,13562.292,959.586,0.187,10,0.2810000000008585
29574,2024-09-10 02:00:00,12999.545,28.329,3867.259,959.223,13562.59,959.641,0.181,10,0.2759999999998399
29574,2024-09-10 03:00:00,12999.835,28.329,3867.365,959.272,13562.898,959.69,0.2,10,0.2899999999990541
29574,2024-09-10 04:00:00,13000.201,28.329,3867.529,959.307,13563.296,959.725,0.262,10,0.3659999999999854
29574,2024-09-10 05:00:00,13000.529,28.329,3867.679,959.336,13563.653,959.754,0.231,10,0.3280000000013388
29574,2024-09-10 06:00:00,13000.811,28.329,3867.807,959.385,13563.96,959.803,0.182,10,0.2819999999992433
29574,2024-09-10 07:00:00,13001.439,28.329,3867.961,959.428,13564.606,959.846,0.532,10,0.6280000000006112
29574,2024-09-10 08:00:00,13001.688,28.329,3868.099,959.479,13564.884,959.897,0.154,10,0.2489999999997962
29574,2024-09-10 09:00:00,13001.974,28.329,3868.26,959.515,13565.204,959.933,0.187,10,0.2860000000000582
29574,2024-09-10 10:00:00,13002.223,28.329,3868.395,959.541,13565.481,959.959,0.161,10,0.2489999999997962
29574,2024-09-10 11:00:00,13002.558,28.329,3868.517,959.557,13565.837,959.975,0.284,10,0.3350000000009459
29574,2024-09-10 12:00:00,13002.819,28.329,3868.619,959.595,13566.116,960.013,0.215,10,0.260999999998603
29574,2024-09-10 13:00:00,13003.069,28.329,3868.759,959.627,13566.395,960.045,0.181,10,0.25
29574,2024-09-10 14:00:00,13003.355,28.329,3868.852,959.729,13566.696,960.147,0.191,10,0.2860000000000582
29574,2024-09-10 15:00:00,13003.931,28.329,3868.951,959.784,13567.276,960.201,0.492,10,0.5760000000009313
29574,2024-09-10 16:00:00,13004.252,28.329,3869.04,959.825,13567.609,960.242,0.237,10,0.3209999999999127
29574,2024-09-10 17:00:00,13004.567,28.329,3869.126,959.859,13567.936,960.276,0.212,10,0.3149999999986903
29574,2024-09-10 18:00:00,13004.936,28.329,3869.24,959.898,13568.322,960.315,0.313,10,0.3690000000005966
29574,2024-09-10 19:00:00,13005.315,28.329,3869.331,959.943,13568.711,960.36,0.301,10,0.3790000000008149
29574,2024-09-10 20:00:00,13006.001,28.329,3869.481,959.971,13569.412,960.388,0.621,10,0.6859999999996944
29574,2024-09-10 21:00:00,13006.454,28.329,3869.657,959.979,13569.896,960.396,0.41,10,0.4529999999995198
29574,2024-09-10 22:00:00,13007.073,28.329,3869.897,959.984,13570.558,960.401,0.568,10,0.6190000000005966
29574,2024-09-10 23:00:00,13007.457,28.329,3870.009,960.02,13570.958,960.437,0.299,10,0.3840000000000145
29574,2024-09-11 02:00:00,13008.708,28.329,3870.382,960.105,13572.263,960.522,0.305,10,0.3940000000002328
29574,2024-09-11 03:00:00,13009.098,28.329,3870.481,960.134,13572.665,960.551,0.302,10,0.3899999999994179
29574,2024-09-11 04:00:00,13009.483,28.329,3870.57,960.159,13573.06,960.576,0.29,10,0.3850000000002183
29574,2024-09-11 05:00:00,13009.863,28.329,3870.671,960.183,13573.453,960.6,0.287,10,0.3799999999991996
29574,2024-09-11 06:00:00,13010.22,28.329,3870.774,960.221,13573.824,960.638,0.283,10,0.3569999999999709
29574,2024-09-11 07:00:00,13010.552,28.329,3870.874,960.256,13574.171,960.673,0.246,10,0.3320000000003347
29574,2024-09-11 08:00:00,13010.949,28.329,3871.022,960.266,13574.594,960.683,0.341,10,0.397000000000844
29574,2024-09-11 09:00:00,13011.302,28.329,3871.141,960.309,13574.966,960.726,0.27,10,0.352999999999156
29574,2024-09-11 10:00:00,13011.503,28.329,3871.268,960.325,13575.195,960.742,0.152,10,0.2010000000009313
29574,2024-09-11 11:00:00,13011.873,28.329,3871.398,960.353,13575.586,960.77,0.323,10,0.3699999999989813
29574,2024-09-11 12:00:00,13012.175,28.329,3871.522,960.377,13575.911,960.794,0.262,10,0.3019999999996798
29574,2024-09-11 13:00:00,13012.597,28.329,3871.648,960.399,13576.352,960.816,0.387,10,0.4220000000004802
29574,2024-09-11 14:00:00,13012.904,28.329,3871.797,960.443,13576.688,960.86,0.209,10,0.3070000000006985
29574,2024-09-11 15:00:00,13013.196,28.329,3871.912,960.484,13577.001,960.901,0.184,10,0.2919999999994616
29574,2024-09-11 16:00:00,13013.496,28.329,3872.037,960.506,13577.324,960.923,0.192,10,0.2999999999992724
29574,2024-09-11 17:00:00,13013.802,28.329,3872.176,960.559,13577.657,960.976,0.221,10,0.3060000000004947
29574,2024-09-11 18:00:00,13014.204,28.329,3872.301,960.599,13578.078,961.016,0.323,10,0.4020000000000436
29574,2024-09-11 19:00:00,13014.619,28.329,3872.398,960.668,13578.504,961.085,0.275,10,0.4150000000008731
29574,2024-09-11 20:00:00,13015.538,28.329,3872.608,960.673,13579.444,961.09,0.851,10,0.918999999999869
29574,2024-09-11 21:00:00,13016.1,28.329,3872.784,960.697,13580.033,961.114,0.517,10,0.5619999999998981
29574,2024-09-11 22:00:00,13016.501,28.329,3872.936,960.729,13580.461,961.146,0.33,10,0.4009999999998399
29574,2024-09-11 23:00:00,13016.947,28.329,3873.072,960.761,13580.927,961.178,0.38,10,0.4459999999999127
29574,2024-09-12 02:00:00,13018.003,28.329,3873.377,960.821,13582.026,961.238,0.292,10,0.3469999999997526
29574,2024-09-12 03:00:00,13018.359,28.329,3873.485,960.838,13582.398,961.255,0.305,10,0.3559999999997671
29574,2024-09-12 04:00:00,13018.711,28.329,3873.579,960.857,13582.762,961.274,0.295,10,0.3519999999989522
29574,2024-09-12 05:00:00,13019.053,28.329,3873.666,960.88,13583.115,961.297,0.286,10,0.342000000000553
29574,2024-09-12 06:00:00,13019.401,28.329,3873.746,960.915,13583.471,961.332,0.281,10,0.3479999999999563
29574,2024-09-12 07:00:00,13020.004,28.329,3873.85,960.965,13584.079,961.382,0.568,10,0.603000000000975
29574,2024-09-12 08:00:00,13020.528,28.329,3873.973,961.026,13584.616,961.443,0.336,10,0.5239999999994325
29574,2024-09-12 09:00:00,13020.823,28.329,3874.078,961.086,13584.929,961.503,0.152,10,0.2950000000000727
29574,2024-09-12 10:00:00,13021.168,28.329,3874.173,961.134,13585.287,961.551,0.283,10,0.3449999999993451
29574,2024-09-12 11:00:00,13021.46,28.329,3874.269,961.159,13585.594,961.576,0.213,10,0.2919999999994616
29574,2024-09-12 12:00:00,13021.709,28.329,3874.411,961.191,13585.873,961.608,0.142,10,0.2490000000016152
29574,2024-09-12 13:00:00,13021.967,28.329,3874.539,961.232,13586.157,961.649,0.15,10,0.2579999999998108
29574,2024-09-12 14:00:00,13022.283,28.329,3874.667,961.276,13586.496,961.693,0.221,10,0.315999999998894
29574,2024-09-12 15:00:00,13022.682,28.329,3874.763,961.301,13586.906,961.718,0.261,10,0.3990000000012514
29574,2024-09-12 16:00:00,13023.065,28.329,3874.939,961.31,13587.324,961.727,0.221,10,0.3829999999998108
29574,2024-09-12 17:00:00,13023.398,28.329,3875.095,961.333,13587.687,961.75,0.205,10,0.3329999999987194
29574,2024-09-12 18:00:00,13023.645,28.329,3875.248,961.369,13587.968,961.786,0.16,10,0.2470000000012078
29574,2024-09-12 19:00:00,13024.254,28.329,3875.347,961.422,13588.58,961.839,0.498,10,0.6090000000003783
29574,2024-09-12 20:00:00,13025.028,28.329,3875.618,961.427,13589.399,961.844,0.694,10,0.7739999999994325
29574,2024-09-12 21:00:00,13025.488,28.329,3875.763,961.456,13589.881,961.873,0.381,10,0.4599999999991269
29574,2024-09-12 22:00:00,13026.011,28.329,3875.881,961.478,13590.416,961.895,0.452,10,0.5230000000010477
29574,2024-09-12 23:00:00,13026.412,28.329,3875.983,961.512,13590.829,961.929,0.326,10,0.4009999999998399
29574,2024-09-13 00:00:00,13026.804,28.329,3876.1,961.541,13591.238,961.958,0.315,10,0.3919999999998254
29574,2024-09-13 01:00:00,13027.158,28.329,3876.206,961.579,13591.608,961.996,0.281,10,0.3539999999993597
29574,2024-09-13 02:00:00,13027.539,28.329,3876.304,961.611,13592.001,962.028,0.311,10,0.3810000000012223
29574,2024-09-13 03:00:00,13027.903,28.329,3876.395,961.632,13592.376,962.049,0.294,10,0.363999999999578
29574,2024-09-13 04:00:00,13028.246,28.329,3876.483,961.657,13592.73,962.074,0.286,10,0.3429999999989377
29574,2024-09-13 05:00:00,13028.596,28.329,3876.578,961.682,13593.092,962.099,0.299,10,0.3500000000003638
29574,2024-09-13 06:00:00,13028.952,28.329,3876.686,961.695,13593.464,962.112,0.286,10,0.3559999999997671
29574,2024-09-13 07:00:00,13029.646,28.329,3876.775,961.727,13594.155,962.144,0.671,10,0.6940000000013242
29574,2024-09-13 08:00:00,13030.092,28.329,3876.938,961.76,13594.629,962.177,0.352,10,0.4459999999999127
29574,2024-09-13 09:00:00,13030.378,28.329,3877.1,961.789,13594.949,962.206,0.189,10,0.2860000000000582
29574,2024-09-13 10:00:00,13031.06,28.329,3877.221,961.825,13595.637,962.242,0.628,10,0.6819999999988795
29574,2024-09-13 11:00:00,13031.584,28.329,3877.327,961.855,13596.17,962.272,0.452,10,0.5240000000012515
29574,2024-09-13 12:00:00,13031.93,28.329,3877.51,961.886,13596.554,962.303,0.284,10,0.3459999999995489
29574,2024-09-13 13:00:00,13032.191,28.329,3877.671,961.907,13596.85,962.324,0.17,10,0.261000000000422
29574,2024-09-13 14:00:00,13032.413,28.329,3877.791,961.928,13597.097,962.345,0.139,10,0.2219999999997526
29574,2024-09-13 15:00:00,13032.599,28.329,3877.914,961.941,13597.31,962.358,0.197,10,0.1859999999996944
29574,2024-09-13 20:00:00,13034.455,28.329,3878.482,962.073,13599.251,962.489,0.323,10,0.467000000000553
29574,2024-09-13 21:00:00,13035.262,28.329,3878.607,962.102,13600.06,962.518,0.689,10,0.8070000000006985
29574,2024-09-13 22:00:00,13035.843,28.329,3878.811,962.123,13600.675,962.539,0.474,10,0.581000000000131
29574,2024-09-14 01:00:00,13037.211,28.329,3879.179,962.209,13602.091,962.625,0.327,10,0.4429999999993015
29574,2024-09-14 02:00:00,13037.638,28.329,3879.276,962.24,13602.528,962.656,0.316,10,0.4270000000014988
29574,2024-09-14 03:00:00,13038.047,28.329,3879.355,962.273,13602.943,962.689,0.302,10,0.4089999999996507
29574,2024-09-14 04:00:00,13038.537,28.329,3879.447,962.298,13603.439,962.714,0.391,10,0.4899999999997817
29574,2024-09-14 05:00:00,13038.956,28.329,3879.551,962.314,13603.87,962.73,0.311,10,0.418999999999869
29574,2024-09-14 06:00:00,13039.334,28.329,3879.652,962.34,13604.261,962.756,0.302,10,0.3780000000006112
29574,2024-09-14 07:00:00,13039.667,28.329,3879.74,962.378,13604.605,962.794,0.261,10,0.3329999999987194
29574,2024-09-14 08:00:00,13040.014,28.329,3879.796,962.408,13604.954,962.824,0.293,10,0.3469999999997526
29574,2024-09-14 09:00:00,13040.796,28.329,3880.0,962.434,13605.762,962.85,0.702,10,0.7820000000010623
29574,2024-09-14 10:00:00,13041.072,28.329,3880.126,962.466,13606.062,962.882,0.223,10,0.2759999999998399
29574,2024-09-14 11:00:00,13041.414,28.329,3880.244,962.49,13606.423,962.906,0.314,10,0.342000000000553
29574,2024-09-14 12:00:00,13041.621,28.329,3880.354,962.503,13606.653,962.919,0.192,10,0.2069999999985157
29574,2024-09-14 13:00:00,13042.416,28.329,3880.485,962.512,13607.453,962.928,0.801,10,0.7950000000000728
29574,2024-09-14 14:00:00,13042.749,28.329,3880.707,962.512,13607.835,962.928,0.297,10,0.3330000000005384
29574,2024-09-14 15:00:00,13042.949,28.329,3880.845,962.552,13608.066,962.968,0.155,10,0.2000000000007276
29574,2024-09-14 16:00:00,13043.131,28.329,3880.962,962.571,13608.274,962.987,0.136,10,0.1819999999988795
29574,2024-09-14 17:00:00,13043.356,28.329,3881.079,962.591,13608.523,963.007,0.144,10,0.2250000000003638
29574,2024-09-14 18:00:00,13043.589,28.329,3881.193,962.614,13608.779,963.03,0.197,10,0.2330000000001746
29574,2024-09-14 19:00:00,13044.313,28.329,3881.269,962.645,13609.494,963.061,0.675,10,0.7240000000001601
29574,2024-09-14 20:00:00,13044.67,28.329,3881.347,962.693,13609.859,963.109,0.306,10,0.3569999999999709
29574,2024-09-14 21:00:00,13045.003,28.329,3881.465,962.729,13610.212,963.145,0.287,10,0.3330000000005384
29574,2024-09-14 22:00:00,13045.539,28.329,3881.565,962.763,13610.754,963.179,0.483,10,0.5360000000000582
29574,2024-09-14 23:00:00,13045.772,28.329,3881.662,962.788,13611.005,963.204,0.172,10,0.2330000000001746
29574,2024-09-15 00:00:00,13045.989,28.329,3881.766,962.818,13611.243,963.234,0.156,10,0.2169999999987339
29574,2024-09-17 00:00:00,13061.731,28.329,3886.964,963.742,13627.813,964.158,0.183,10,15.74200000000019
29574,2024-09-17 01:00:00,13062.09,28.329,3887.024,963.75,13628.174,964.166,0.223,10,0.3590000000003783
29574,2024-09-17 02:00:00,13062.419,28.329,3887.131,963.752,13628.52,964.168,0.195,10,0.3289999999997235
29574,2024-09-17 03:00:00,13062.733,28.329,3887.211,963.761,13628.844,964.177,0.174,10,0.3140000000003056
29574,2024-09-17 04:00:00,13063.025,28.329,3887.284,963.767,13629.145,964.183,0.156,10,0.2919999999994616
29574,2024-09-17 05:00:00,13063.323,28.329,3887.349,963.773,13629.449,964.189,0.164,10,0.2980000000006839
29574,2024-09-17 06:00:00,13063.575,28.329,3887.416,963.789,13629.71,964.205,0.144,10,0.2520000000004074
29574,2024-09-17 07:00:00,13063.995,28.329,3887.529,963.822,13630.144,964.238,0.314,10,0.4200000000000727
29574,2024-09-17 08:00:00,13064.909,28.329,3887.595,963.835,13631.039,964.251,0.844,10,0.9139999999988504
29574,2024-09-17 09:00:00,13065.225,28.329,3887.661,963.844,13631.361,964.26,0.196,10,0.316000000000713
29574,2024-09-17 10:00:00,13065.596,28.329,3887.74,963.854,13631.739,964.27,0.22,10,0.3709999999991851
29574,2024-09-17 11:00:00,13066.666,28.329,3887.826,963.858,13632.789,964.274,1.029,10,1.069999999999709
29574,2024-09-17 12:00:00,13066.922,28.329,3887.904,963.867,13633.057,964.283,0.167,10,0.2560000000012223
29574,2024-09-17 13:00:00,13067.177,28.329,3887.967,963.881,13633.319,964.297,0.144,10,0.2549999999991996
29574,2024-09-17 14:00:00,13067.438,28.329,3888.055,963.884,13633.594,964.3,0.149,10,0.261000000000422
29574,2024-09-17 15:00:00,13067.712,28.329,3888.162,963.885,13633.887,964.301,0.173,10,0.2739999999994325
29574,2024-09-17 16:00:00,13067.956,28.329,3888.25,963.891,13634.146,964.307,0.151,10,0.2440000000005966
29574,2024-09-17 17:00:00,13068.282,28.329,3888.352,963.902,13634.488,964.318,0.221,10,0.3259999999991123
29574,2024-09-17 18:00:00,13068.583,28.329,3888.431,963.91,13634.799,964.326,0.176,10,0.3010000000012951
29574,2024-09-17 19:00:00,13069.341,28.329,3888.512,963.923,13635.549,964.339,0.633,10,0.7579999999998108
29574,2024-09-17 20:00:00,13070.011,28.329,3888.687,963.927,13636.241,964.343,0.564,10,0.6700000000000728
29574,2024-09-17 21:00:00,13070.54,28.329,3888.849,963.928,13636.794,964.344,0.469,10,0.5290000000004511
29574,2024-09-17 22:00:00,13071.205,28.329,3888.957,963.932,13637.462,964.348,0.58,10,0.6649999999990541
29574,2024-09-17 23:00:00,13071.536,28.329,3889.078,963.946,13637.814,964.362,0.23,10,0.3310000000001309
29574,2024-09-18 00:00:00,13071.835,28.329,3889.166,963.948,13638.126,964.364,0.169,10,0.2989999999990687
29574,2024-09-18 01:00:00,13072.137,28.329,3889.253,963.949,13638.44,964.365,0.175,10,0.3020000000014988
29574,2024-09-18 02:00:00,13072.442,28.329,3889.349,963.951,13638.76,964.367,0.184,10,0.304999999998472
29574,2024-09-18 03:00:00,13072.735,28.329,3889.434,963.953,13639.065,964.369,0.17,10,0.2930000000014843
29574,2024-09-18 04:00:00,13073.017,28.329,3889.495,963.962,13639.352,964.378,0.147,10,0.2819999999992433
29574,2024-09-18 05:00:00,13073.396,28.329,3889.559,963.981,13639.734,964.397,0.228,10,0.3790000000008149
29574,2024-09-18 06:00:00,13073.698,28.329,3889.626,963.986,13640.042,964.402,0.173,10,0.3019999999996798
29574,2024-09-18 07:00:00,13074.279,28.329,3889.682,963.988,13640.615,964.404,0.492,10,0.581000000000131
29574,2024-09-18 08:00:00,13074.661,28.329,3889.768,963.996,13641.006,964.412,0.225,10,0.3819999999996071
29574,2024-09-18 09:00:00,13074.959,28.329,3889.866,964.008,13641.319,964.424,0.192,10,0.2980000000006839
29574,2024-09-18 10:00:00,13075.243,28.329,3889.924,964.014,13641.608,964.43,0.139,10,0.2839999999996507
29574,2024-09-18 11:00:00,13076.16,28.329,3890.016,964.02,13642.513,964.436,0.834,10,0.9169999999994616
29574,2024-09-18 12:00:00,13076.433,28.329,3890.137,964.024,13642.81,964.44,0.166,10,0.2730000000010477
29574,2024-09-18 13:00:00,13076.885,28.329,3890.248,964.029,13643.274,964.445,0.374,10,0.451999999999316
29574,2024-09-18 14:00:00,13077.186,28.329,3890.337,964.037,13643.588,964.453,0.166,10,0.3009999999994761
29574,2024-09-18 15:00:00,13077.458,28.329,3890.446,964.051,13643.88,964.467,0.15,10,0.272000000000844
29574,2024-09-18 16:00:00,13077.791,28.329,3890.537,964.053,13644.225,964.469,0.218,10,0.3329999999987194
29574,2024-09-18 17:00:00,13078.136,28.329,3890.636,964.055,13644.584,964.471,0.208,10,0.3450000000011641
29574,2024-09-18 18:00:00,13078.538,28.329,3890.746,964.09,13645.001,964.506,0.243,10,0.4020000000000436
29574,2024-09-18 19:00:00,13079.02,28.329,3890.87,964.098,13645.498,964.514,0.361,10,0.4819999999999709
29574,2024-09-18 20:00:00,13079.737,28.329,3890.959,964.104,13646.211,964.52,0.609,10,0.716999999998734
29574,2024-09-18 21:00:00,13080.218,28.329,3891.094,964.111,13646.71,964.527,0.37,10,0.4810000000015861
29574,2024-09-18 22:00:00,13080.793,28.329,3891.185,964.119,13647.287,964.535,0.46,10,0.5749999999989086
29574,2024-09-18 23:00:00,13081.205,28.329,3891.279,964.137,13647.709,964.553,0.279,10,0.4120000000002619
29574,2024-09-19 00:00:00,13081.628,28.329,3891.362,964.147,13648.138,964.563,0.259,10,0.4230000000006839
29574,2024-09-19 01:00:00,13081.935,28.329,3891.453,964.152,13648.458,964.568,0.139,10,0.3069999999988795
29574,2024-09-19 02:00:00,13082.251,28.329,3891.555,964.16,13648.79,964.576,0.147,10,0.316000000000713
29574,2024-09-19 03:00:00,13082.586,28.329,3891.651,964.164,13649.139,964.58,0.168,10,0.3349999999991269
29574,2024-09-19 04:00:00,13082.909,28.329,3891.739,964.172,13649.473,964.588,0.169,10,0.3230000000003201
29574,2024-09-19 05:00:00,13083.189,28.329,3891.82,964.188,13649.765,964.604,0.173,10,0.2800000000006548
29574,2024-09-19 06:00:00,13083.489,28.329,3891.893,964.198,13650.073,964.614,0.17,10,0.2999999999992724
29574,2024-09-19 07:00:00,13083.742,28.329,3891.979,964.217,13650.34,964.633,0.164,10,0.2530000000006112
29574,2024-09-19 08:00:00,13084.113,28.329,3892.101,964.246,13650.731,964.662,0.231,10,0.3709999999991851
29574,2024-09-19 09:00:00,13084.471,28.329,3892.215,964.267,13651.106,964.683,0.189,10,0.3580000000001746
29574,2024-09-19 10:00:00,13084.985,28.329,3892.328,964.29,13651.631,964.706,0.447,10,0.5140000000010332
29574,2024-09-19 11:00:00,13085.365,28.329,3892.437,964.29,13652.027,964.706,0.283,10,0.3799999999991996
29574,2024-09-19 12:00:00,13085.834,28.329,3892.603,964.293,13652.523,964.709,0.364,10,0.4690000000009604
29574,2024-09-19 13:00:00,13086.161,28.329,3892.725,964.296,13652.872,964.712,0.247,10,0.326999999999316
29574,2024-09-19 14:00:00,13086.444,28.329,3892.79,964.302,13653.161,964.718,0.176,10,0.282999999999447
29574,2024-09-19 15:00:00,13086.738,28.329,3892.956,964.303,13653.491,964.719,0.176,10,0.293999999999869
29574,2024-09-19 16:00:00,13087.475,28.329,3893.066,964.309,13654.228,964.725,0.638,10,0.7370000000009895
29574,2024-09-19 17:00:00,13087.839,28.329,3893.171,964.327,13654.607,964.743,0.228,10,0.363999999999578
29574,2024-09-19 18:00:00,13088.309,28.329,3893.265,964.343,13655.084,964.759,0.338,10,0.4699999999993451
29574,2024-09-19 19:00:00,13089.041,28.329,3893.36,964.354,13655.813,964.77,0.582,10,0.7319999999999709
29574,2024-09-19 20:00:00,13089.605,28.329,3893.437,964.367,13656.376,964.783,0.413,10,0.5640000000003056
29574,2024-09-19 21:00:00,13090.035,28.329,3893.536,964.372,13656.816,964.788,0.318,10,0.430000000000291
29574,2024-09-19 22:00:00,13090.528,28.329,3893.634,964.378,13657.317,964.793,0.349,10,0.4930000000003929
29574,2024-09-19 23:00:00,13090.977,28.329,3893.721,964.388,13657.772,964.803,0.31,10,0.4490000000005238
29574,2024-09-20 00:00:00,13091.406,28.329,3893.794,964.396,13658.204,964.811,0.292,10,0.4290000000000873
29574,2024-09-20 01:00:00,13091.824,28.329,3893.861,964.4,13658.623,964.815,0.288,10,0.4179999999996653
29574,2024-09-20 02:00:00,13092.24,28.329,3893.933,964.41,13659.043,964.825,0.28,10,0.4159999999992578
29574,2024-09-20 03:00:00,13092.627,28.329,3894.014,964.414,13659.437,964.829,0.251,10,0.3870000000006257
29574,2024-09-20 04:00:00,13093.006,28.329,3894.096,964.416,13659.823,964.831,0.243,10,0.3789999999989959
29574,2024-09-20 05:00:00,13093.389,28.329,3894.172,964.433,13660.212,964.848,0.252,10,0.3829999999998108
29574,2024-09-20 06:00:00,13093.748,28.329,3894.253,964.447,13660.579,964.862,0.24,10,0.3590000000003783
29574,2024-09-20 07:00:00,13094.3,28.329,3894.34,964.451,13661.133,964.866,0.466,10,0.5519999999996799
29574,2024-09-20 08:00:00,13094.657,28.329,3894.422,964.453,13661.499,964.868,0.221,10,0.3569999999999709
29574,2024-09-20 09:00:00,13095.024,28.329,3894.504,964.468,13661.874,964.883,0.19,10,0.3670000000001892
29574,2024-09-20 10:00:00,13095.374,28.329,3894.609,964.472,13662.239,964.887,0.237,10,0.3500000000003638
29574,2024-09-20 11:00:00,13095.659,28.329,3894.709,964.478,13662.541,964.893,0.179,10,0.2849999999998545
29574,2024-09-20 12:00:00,13095.962,28.329,3894.802,964.482,13662.858,964.897,0.211,10,0.3029999999998836
29574,2024-09-20 13:00:00,13096.401,28.329,3894.88,964.488,13663.301,964.903,0.351,10,0.4390000000003056
29574,2024-09-20 14:00:00,13096.695,28.329,3894.955,964.492,13663.604,964.907,0.205,10,0.293999999999869
29574,2024-09-20 15:00:00,13096.987,28.329,3895.038,964.5,13663.908,964.915,0.173,10,0.2919999999994616
29574,2024-09-20 16:00:00,13097.33,28.329,3895.128,964.502,13664.262,964.917,0.241,10,0.3430000000007567
29574,2024-09-20 17:00:00,13097.936,28.329,3895.265,964.51,13664.882,964.925,0.503,10,0.6059999999997672
29574,2024-09-20 18:00:00,13098.345,28.329,3895.348,964.524,13665.298,964.939,0.311,10,0.4089999999996507
29574,2024-09-20 19:00:00,13099.103,28.329,3895.435,964.536,13666.049,964.951,0.653,10,0.7579999999998108
29574,2024-09-20 20:00:00,13099.622,28.329,3895.534,964.552,13666.575,964.967,0.41,10,0.5190000000002328
29574,2024-09-20 21:00:00,13100.223,28.329,3895.652,964.561,13667.185,964.976,0.501,10,0.6010000000005675
29574,2024-09-20 22:00:00,13100.621,28.329,3895.769,964.578,13667.599,964.993,0.27,10,0.3979999999992287
29574,2024-09-20 23:00:00,13100.923,28.329,3895.915,964.597,13667.93,965.012,0.181,10,0.3020000000014988
29574,2024-09-21 00:00:00,13101.229,28.329,3896.016,964.61,13668.253,965.025,0.198,10,0.3059999999986758
29574,2024-09-21 01:00:00,13101.527,28.329,3896.116,964.62,13668.567,965.035,0.178,10,0.2980000000006839
29574,2024-09-21 04:00:00,13102.435,28.329,3896.394,964.668,13669.516,965.083,0.218,10,0.3289999999997235
29574,2024-09-21 05:00:00,13102.728,28.329,3896.506,964.676,13669.829,965.091,0.179,10,0.2929999999996653
29574,2024-09-21 06:00:00,13103.022,28.329,3896.592,964.694,13670.135,965.109,0.154,10,0.294000000001688
29574,2024-09-21 07:00:00,13103.348,28.329,3896.695,964.704,13670.477,965.119,0.135,10,0.3259999999991123
29574,2024-09-21 08:00:00,13103.751,28.329,3896.803,964.722,13670.894,965.137,0.234,10,0.4030000000002474
29574,2024-09-21 09:00:00,13104.281,28.329,3896.94,964.753,13671.441,965.168,0.38,10,0.5300000000006548
29574,2024-09-21 10:00:00,13104.737,28.329,3897.043,964.766,13671.908,965.181,0.333,10,0.455999999998312
29574,2024-09-21 11:00:00,13105.05,28.329,3897.135,964.776,13672.234,965.191,0.208,10,0.3130000000001018
29574,2024-09-21 12:00:00,13105.528,28.329,3897.289,964.78,13672.736,965.195,0.404,10,0.478000000000975
29574,2024-09-21 13:00:00,13106.216,28.329,3897.479,964.783,13673.45,965.198,0.605,10,0.6880000000001019
29574,2024-09-21 14:00:00,13106.554,28.329,3897.597,964.791,13673.807,965.206,0.196,10,0.337999999999738
29574,2024-09-21 15:00:00,13106.91,28.329,3897.68,964.813,13674.172,965.228,0.182,10,0.3559999999997671
29574,2024-09-21 16:00:00,13107.356,28.329,3897.761,964.835,13674.623,965.25,0.266,10,0.4459999999999127
29574,2024-09-21 17:00:00,13107.817,28.329,3897.838,964.841,13675.087,965.256,0.292,10,0.4609999999993306
29574,2024-09-21 18:00:00,13108.413,28.329,3897.945,964.849,13675.688,965.264,0.509,10,0.5960000000013679
29574,2024-09-21 19:00:00,13108.92,28.329,3898.02,964.859,13676.196,965.274,0.319,10,0.5069999999996071
29574,2024-09-21 20:00:00,13109.699,28.329,3898.106,964.861,13676.967,965.276,0.635,10,0.7790000000004511
29574,2024-09-21 21:00:00,13110.156,28.329,3898.188,964.866,13677.428,965.281,0.307,10,0.4570000000003347
29574,2024-09-21 22:00:00,13110.6,28.329,3898.265,964.884,13677.876,965.299,0.304,10,0.4439999999995052
29574,2024-09-21 23:00:00,13111.148,28.329,3898.325,964.888,13678.418,965.303,0.421,10,0.547999999998865
29574,2024-09-22 00:00:00,13111.64,28.329,3898.456,964.895,13678.927,965.31,0.358,10,0.4920000000001892
29574,2024-09-22 01:00:00,13112.089,28.329,3898.528,964.906,13679.378,965.321,0.28,10,0.4490000000005238
29574,2024-09-22 02:00:00,13112.531,28.329,3898.599,964.909,13679.822,965.324,0.28,10,0.4420000000009167
29574,2024-09-22 03:00:00,13112.946,28.329,3898.679,964.92,13680.243,965.335,0.279,10,0.4149999999990541
29574,2024-09-22 04:00:00,13113.335,28.329,3898.757,964.926,13680.638,965.341,0.271,10,0.3889999999992142
29574,2024-09-22 05:00:00,13113.696,28.329,3898.809,964.939,13680.999,965.354,0.254,10,0.3610000000007858
29574,2024-09-22 06:00:00,13114.067,28.329,3898.88,964.95,13681.374,965.365,0.269,10,0.3709999999991851
29574,2024-09-22 07:00:00,13114.711,28.329,3898.977,964.967,13682.019,965.382,0.541,10,0.6440000000002328
29574,2024-09-22 08:00:00,13115.044,28.329,3899.054,964.973,13682.36,965.388,0.211,10,0.3330000000005384
29574,2024-09-22 09:00:00,13115.271,28.331,3899.135,965.006,13682.601,965.421,0.128,10,0.2270000000007712
29574,2024-09-22 10:00:00,13115.532,28.331,3899.208,965.029,13682.872,965.444,0.159,10,0.260999999998603
29574,2024-09-22 11:00:00,13116.338,28.331,3899.386,965.034,13683.695,965.449,0.779,10,0.8060000000004948
29574,2024-09-22 12:00:00,13116.593,28.331,3899.483,965.037,13683.967,965.452,0.153,10,0.2550000000010186
29574,2024-09-22 13:00:00,13116.92,28.331,3899.545,965.047,13684.299,965.462,0.196,10,0.326999999999316
29574,2024-09-22 14:00:00,13117.269,28.331,3899.631,965.063,13684.658,965.478,0.211,10,0.34900000000016
29574,2024-09-22 15:00:00,13117.688,28.331,3899.831,965.066,13685.116,965.481,0.274,10,0.418999999999869
29574,2024-09-22 16:00:00,13118.138,28.331,3899.943,965.069,13685.58,965.484,0.307,10,0.4500000000007276
29574,2024-09-22 17:00:00,13118.521,28.331,3900.012,965.089,13685.966,965.504,0.24,10,0.3829999999998108
29574,2024-09-22 18:00:00,13118.917,28.331,3900.085,965.097,13686.367,965.512,0.256,10,0.3959999999988213
29574,2024-09-22 19:00:00,13119.648,28.331,3900.149,965.113,13687.086,965.528,0.585,10,0.7309999999997672
29574,2024-09-22 20:00:00,13120.212,28.331,3900.292,965.116,13687.667,965.531,0.442,10,0.5640000000003056
29574,2024-09-22 21:00:00,13120.713,28.331,3900.401,965.121,13688.178,965.536,0.392,10,0.5010000000002037
29574,2024-09-22 22:00:00,13121.145,28.331,3900.487,965.131,13688.617,965.546,0.326,10,0.4320000000006985
29574,2024-09-22 23:00:00,13121.566,28.331,3900.59,965.135,13689.05,965.55,0.289,10,0.4210000000002765
29574,2024-09-23 00:00:00,13121.992,28.331,3900.674,965.138,13689.482,965.553,0.284,10,0.4259999999994761
29574,2024-09-23 01:00:00,13122.429,28.331,3900.742,965.141,13689.92,965.556,0.283,10,0.4369999999998981
29574,2024-09-23 02:00:00,13122.851,28.331,3900.811,965.149,13690.344,965.564,0.269,10,0.4220000000004802
29574,2024-09-23 03:00:00,13123.268,28.331,3900.885,965.156,13690.765,965.571,0.27,10,0.4169999999994616
29574,2024-09-23 04:00:00,13123.684,28.331,3900.961,965.165,13691.186,965.58,0.273,10,0.4159999999992578
29574,2024-09-23 05:00:00,13124.089,28.331,3901.026,965.186,13691.592,965.601,0.273,10,0.4050000000006548
29574,2024-09-23 06:00:00,13124.478,28.331,3901.097,965.204,13691.985,965.619,0.264,10,0.3889999999992142
29574,2024-09-23 07:00:00,13125.205,28.331,3901.189,965.217,13692.709,965.632,0.609,10,0.7270000000007713
29574,2024-09-23 08:00:00,13125.909,28.331,3901.423,965.217,13693.45,965.632,0.591,10,0.7039999999997235
29574,2024-09-23 09:00:00,13126.159,28.335,3901.606,965.252,13693.742,965.667,0.217,10,0.25
29574,2024-09-23 10:00:00,13126.443,28.335,3901.716,965.262,13694.045,965.677,0.161,10,0.2839999999996507
29574,2024-09-23 11:00:00,13126.693,28.335,3901.805,965.27,13694.31,965.685,0.145,10,0.25
29574,2024-09-23 12:00:00,13126.989,28.335,3901.907,965.271,13694.623,965.686,0.177,10,0.2960000000002765
29574,2024-09-23 13:00:00,13127.372,28.335,3901.997,965.274,13695.016,965.689,0.255,10,0.3829999999998108
29574,2024-09-23 14:00:00,13127.794,28.335,3902.059,965.286,13695.438,965.701,0.291,10,0.4220000000004802
29574,2024-09-23 15:00:00,13128.214,28.335,3902.198,965.298,13695.88,965.713,0.321,10,0.4200000000000727
29574,2024-09-23 16:00:00,13128.866,28.335,3902.319,965.31,13696.54,965.725,0.565,10,0.6520000000000437
29574,2024-09-23 17:00:00,13129.266,28.335,3902.42,965.323,13696.952,965.738,0.255,10,0.3999999999996362
29574,2024-09-23 18:00:00,13129.765,28.335,3902.532,965.342,13697.462,965.757,0.379,10,0.4989999999997963
29574,2024-09-23 19:00:00,13130.419,28.335,3902.615,965.362,13698.113,965.777,0.595,10,0.6540000000004511
29574,2024-09-23 20:00:00,13130.735,28.335,3902.693,965.372,13698.438,965.787,0.315,10,0.316000000000713
29574,2024-09-23 21:00:00,13131.096,28.335,3902.821,965.373,13698.82,965.788,0.36,10,0.3609999999989668
29574,2024-09-23 22:00:00,13131.354,28.335,3902.893,965.386,13699.088,965.801,0.258,10,0.2579999999998108
29574,2024-09-23 23:00:00,13131.712,28.335,3902.96,965.404,13699.45,965.819,0.358,10,0.3580000000001746
29574,2024-09-24 00:00:00,13132.075,28.335,3903.026,965.42,13699.817,965.835,0.362,10,0.3630000000011932
29574,2024-09-24 01:00:00,13132.436,28.335,3903.1,965.434,13700.184,965.849,0.361,10,0.3609999999989668
29574,2024-09-24 02:00:00,13132.793,28.335,3903.174,965.45,13700.548,965.865,0.357,10,0.3569999999999709
29574,2024-09-24 10:00:00,13135.116,28.335,3903.777,965.516,13702.946,965.931,0.205,10,0.2060000000001309
29574,2024-09-24 11:00:00,13135.287,28.335,3903.864,965.521,13703.135,965.936,0.171,10,0.1710000000002765
29574,2024-09-24 12:00:00,13135.54,28.335,3903.934,965.536,13703.397,965.951,0.253,10,0.2530000000006112
29574,2024-09-24 13:00:00,13135.787,28.335,3903.998,965.553,13703.652,965.968,0.246,10,0.2469999999993888
29574,2024-09-24 14:00:00,13136.128,28.335,3904.161,965.553,13704.026,965.968,0.341,10,0.3410000000003492
29574,2024-09-24 15:00:00,13136.272,28.335,3904.251,965.556,13704.189,965.971,0.143,10,0.1440000000002328
29574,2024-09-24 16:00:00,13136.441,28.335,3904.339,965.56,13704.376,965.975,0.168,10,0.168999999999869
29574,2024-09-24 17:00:00,13136.576,28.335,3904.407,965.567,13704.525,965.982,0.135,10,0.1349999999983993
29574,2024-09-24 18:00:00,13136.741,28.335,3904.477,965.574,13704.703,965.989,0.165,10,0.1650000000008731
29574,2024-09-24 19:00:00,13137.207,28.335,3904.55,965.584,13705.171,965.999,0.465,10,0.4660000000003492
29574,2024-09-24 20:00:00,13137.686,28.335,3904.646,965.591,13705.657,966.006,0.478,10,0.4789999999993597
29574,2024-09-25 01:00:00,13139.435,28.335,3905.012,965.641,13707.438,966.056,0.286,10,0.3599999999987631
29574,2024-09-25 04:00:00,13140.498,28.335,3905.213,965.695,13708.514,966.11,0.286,10,0.341999999998734
29574,2024-09-25 05:00:00,13140.806,28.335,3905.236,965.722,13708.816,966.137,0.316,10,0.3080000000009022
29574,2024-09-25 06:00:00,13141.225,28.335,3905.366,965.732,13709.255,966.147,0.346,10,0.418999999999869
29574,2024-09-25 11:00:00,13143.527,28.335,3905.799,965.776,13711.585,966.191,0.376,10,0.5020000000004075
29574,2024-09-25 12:00:00,13143.798,28.335,3905.871,965.778,13711.865,966.193,0.171,10,0.2710000000006403
29574,2024-09-25 13:00:00,13144.056,28.335,3905.947,965.782,13712.134,966.197,0.149,10,0.2579999999998108
29574,2024-09-25 14:00:00,13144.324,28.335,3906.026,965.799,13712.413,966.214,0.168,10,0.2680000000000291
29574,2024-09-25 15:00:00,13144.549,28.335,3906.106,965.802,13712.652,966.217,0.162,10,0.2250000000003638
29574,2024-09-25 16:00:00,13144.812,28.335,3906.191,965.814,13712.928,966.229,0.2,10,0.2629999999990104
29574,2024-09-25 17:00:00,13145.088,28.335,3906.275,965.83,13713.217,966.245,0.197,10,0.2759999999998399
29574,2024-09-25 18:00:00,13145.405,28.335,3906.365,965.854,13713.546,966.269,0.209,10,0.3170000000009167
29574,2024-09-25 19:00:00,13146.091,28.335,3906.447,965.88,13714.227,966.295,0.55,10,0.6859999999996944
29574,2024-09-25 20:00:00,13146.527,28.335,3906.558,965.885,13714.677,966.3,0.298,10,0.4359999999996944
29574,2024-09-25 21:00:00,13146.934,28.335,3906.666,965.905,13715.097,966.32,0.297,10,0.4069999999992433
29574,2024-09-25 22:00:00,13147.393,28.335,3906.786,965.918,13715.572,966.333,0.371,10,0.4590000000007421
29574,2024-09-25 23:00:00,13148.116,28.335,3906.895,965.924,13716.296,966.339,0.646,10,0.7229999999999563
29574,2024-09-26 00:00:00,13148.574,28.335,3906.985,965.935,13716.76,966.35,0.37,10,0.4580000000005384
29574,2024-09-27 02:00:00,13158.65,28.351,3909.692,966.341,13727.19,966.756,0.183,10,0.2639999999992142
29574,2024-09-27 03:00:00,13158.914,28.351,3909.8,966.353,13727.474,966.768,0.182,10,0.2640000000010332
29574,2024-09-27 04:00:00,13159.158,28.351,3909.878,966.366,13727.73,966.781,0.164,10,0.2439999999987776
29574,2024-09-27 05:00:00,13159.421,28.351,3909.981,966.372,13728.011,966.787,0.182,10,0.2630000000008294
29574,2024-09-27 06:00:00,13159.647,28.351,3910.047,966.388,13728.247,966.803,0.149,10,0.2260000000005675
29574,2024-09-27 07:00:00,13159.851,28.351,3910.157,966.399,13728.474,966.814,0.135,10,0.2039999999997235
29574,2024-09-27 08:00:00,13160.303,28.351,3910.356,966.403,13728.964,966.818,0.407,10,0.451999999999316
29574,2024-09-27 09:00:00,13160.606,28.351,3910.468,966.425,13729.286,966.84,0.156,10,0.3029999999998836
29574,2024-09-27 10:00:00,13160.962,28.351,3910.519,966.435,13729.642,966.85,0.224,10,0.3559999999997671
29574,2024-09-27 11:00:00,13161.75,28.351,3910.578,966.438,13730.414,966.853,0.696,10,0.7880000000004657
29574,2024-09-27 12:00:00,13161.98,28.351,3910.672,966.451,13730.661,966.866,0.137,10,0.2299999999995634
29574,2024-09-27 13:00:00,13163.427,28.351,3910.796,966.455,13732.084,966.87,1.442,10,1.4470000000001164
29574,2024-09-27 14:00:00,13164.863,28.351,3910.944,966.455,13733.502,966.87,1.434,10,1.4359999999996944
29574,2024-09-27 15:00:00,13165.12,28.351,3911.043,966.456,13733.777,966.871,0.167,10,0.2570000000014261
29574,2024-09-27 16:00:00,13165.358,28.351,3911.12,966.458,13734.027,966.873,0.142,10,0.2379999999993742
29574,2024-09-27 17:00:00,13165.648,28.351,3911.215,966.473,13734.332,966.888,0.175,10,0.2899999999990541
29574,2024-09-27 18:00:00,13167.422,28.351,3911.345,966.49,13736.07,966.905,1.758,10,1.7740000000012517
29574,2024-09-27 19:00:00,13167.765,28.351,3911.434,966.499,13736.424,966.914,0.244,10,0.3429999999989377
29574,2024-09-27 20:00:00,13168.51,28.351,3911.53,966.517,13737.165,966.932,0.687,10,0.7450000000008004
29574,2024-09-27 21:00:00,13169.878,28.351,3911.665,966.533,13738.515,966.948,1.34,10,1.368000000000393
29574,2024-09-27 22:00:00,13171.095,28.351,3911.741,966.558,13739.703,966.973,1.192,10,1.216999999998734
29574,2024-09-27 23:00:00,13171.492,28.351,3911.835,966.604,13740.111,967.019,0.325,10,0.397000000000844
29574,2024-09-28 00:00:00,13171.802,28.351,3911.922,966.642,13740.433,967.057,0.226,10,0.3099999999994907
29574,2024-09-28 01:00:00,13172.109,28.351,3911.99,966.682,13740.746,967.097,0.2,10,0.3070000000006985
29574,2024-09-28 02:00:00,13172.515,28.351,3912.088,966.714,13741.163,967.129,0.312,10,0.4059999999990396
29574,2024-09-28 03:00:00,13172.755,28.351,3912.15,966.718,13741.411,967.133,0.24,10,0.2399999999997817
29574,2024-09-28 09:00:00,13174.378,28.351,3912.618,966.814,13743.1,967.229,0.11,10,0.2520000000004074
29574,2024-09-28 10:00:00,13175.095,28.351,3912.716,966.832,13743.815,967.247,0.6,10,0.716999999998734
29574,2024-09-28 11:00:00,13177.389,28.351,3912.854,966.848,13746.054,967.263,2.272,10,2.293999999999869
29574,2024-09-28 12:00:00,13178.581,28.351,3912.943,966.868,13747.222,967.283,1.148,10,1.1920000000009168
29574,2024-09-28 13:00:00,13178.865,28.351,3913.029,966.88,13747.518,967.295,0.131,10,0.2839999999996507
29574,2024-09-28 14:00:00,13180.21,28.351,3913.217,966.882,13748.861,967.297,1.313,10,1.3449999999993452
29574,2024-09-29 01:00:00,13185.506,28.351,3913.851,967.009,13754.119,967.424,0.177,10,0.3409999999985302
29574,2024-09-29 02:00:00,13185.824,28.351,3913.893,967.03,13754.436,967.445,0.163,10,0.3180000000011205
29574,2024-09-29 05:00:00,13186.762,28.351,3914.042,967.08,13755.377,967.495,0.196,10,0.3080000000009022
29574,2024-09-29 06:00:00,13187.056,28.351,3914.108,967.105,13755.678,967.52,0.182,10,0.293999999999869
29574,2024-09-29 07:00:00,13187.579,28.351,3914.153,967.129,13756.192,967.544,0.478,10,0.5229999999992287
29574,2024-09-29 08:00:00,13188.557,28.351,3914.268,967.166,13757.162,967.581,0.892,10,0.978000000000975
29574,2024-09-29 09:00:00,13189.006,28.351,3914.339,967.176,13757.613,967.591,0.304,10,0.4489999999987049
29574,2024-09-29 10:00:00,13189.617,28.351,3914.428,967.183,13758.224,967.598,0.499,10,0.6110000000007858
29574,2024-09-29 11:00:00,13189.879,28.351,3914.474,967.204,13758.488,967.619,0.124,10,0.2620000000006257
29574,2024-09-29 12:00:00,13190.968,28.351,3914.526,967.22,13759.547,967.635,1.007,10,1.0889999999999418
29574,2024-09-29 13:00:00,13191.206,28.351,3914.586,967.23,13759.792,967.645,0.211,10,0.2379999999993742
29574,2024-09-29 14:00:00,13191.741,28.351,3914.76,967.23,13760.355,967.645,0.426,10,0.5349999999998545
29574,2024-09-29 20:00:00,13194.463,28.351,3915.167,967.316,13763.08,967.731,0.321,10,0.5290000000004511
29574,2024-09-29 21:00:00,13194.896,28.351,3915.284,967.319,13763.528,967.734,0.286,10,0.4330000000009022
29574,2024-09-29 22:00:00,13195.264,28.351,3915.373,967.325,13763.907,967.74,0.213,10,0.3679999999985739
29574,2024-09-29 23:00:00,13195.581,28.351,3915.432,967.325,13764.227,967.74,0.174,10,0.3170000000009167
29574,2024-09-30 00:00:00,13195.912,28.351,3915.504,967.332,13764.565,967.747,0.193,10,0.3310000000001309
29574,2024-09-30 01:00:00,13196.221,28.351,3915.552,967.345,13764.875,967.76,0.176,10,0.3089999999992869
29574,2024-09-30 02:00:00,13196.543,28.351,3915.614,967.36,13765.201,967.775,0.192,10,0.3220000000001164
29574,2024-09-30 03:00:00,13196.861,28.351,3915.657,967.385,13765.518,967.8,0.177,10,0.3180000000011205
29574,2024-09-30 04:00:00,13197.17,28.351,3915.718,967.407,13765.832,967.822,0.177,10,0.3089999999992869
29574,2024-09-30 05:00:00,13197.465,28.351,3915.755,967.437,13766.125,967.852,0.163,10,0.2950000000000727
29574,2024-09-30 06:00:00,13197.769,28.351,3915.81,967.45,13766.432,967.865,0.171,10,0.3040000000000873
29574,2024-09-30 07:00:00,13198.879,28.351,3915.864,967.462,13767.512,967.877,1.004,10,1.110000000000582
29574,2024-09-30 08:00:00,13199.625,28.351,3915.915,967.477,13768.242,967.892,0.671,10,0.7459999999991851
29574,2024-09-30 09:00:00,13200.232,28.351,3915.985,967.507,13768.843,967.922,0.496,10,0.6069999999999709
29574,2024-09-30 10:00:00,13200.646,28.351,3916.075,967.53,13769.266,967.945,0.326,10,0.4140000000006694
29574,2024-09-30 11:00:00,13201.62,28.351,3916.188,967.547,13770.232,967.962,0.899,10,0.97400000000016
29574,2024-09-30 19:00:00,13204.832,28.351,3916.79,967.619,13773.482,968.034,0.653,10,0.8510000000005675
29574,2024-09-30 20:00:00,13205.308,28.351,3916.84,967.637,13773.953,968.052,0.32,10,0.4760000000005675
29574,2024-09-30 21:00:00,13207.341,28.351,3917.069,967.637,13775.967,968.052,2.009,10,2.032999999999447
29574,2024-09-30 22:00:00,13207.925,28.351,3917.136,967.643,13776.546,968.058,0.391,10,0.5839999999989232
29574,2024-09-30 23:00:00,13208.563,28.351,3917.217,967.645,13777.181,968.06,0.449,10,0.6380000000008295
29574,2024-10-01 00:00:00,13208.947,28.351,3917.295,967.646,13777.571,968.061,0.18,10,0.3840000000000145
29574,2024-10-01 01:00:00,13209.321,28.351,3917.369,967.649,13777.951,968.064,0.168,10,0.3739999999997963
29574,2024-10-01 02:00:00,13209.694,28.351,3917.445,967.653,13778.33,968.068,0.173,10,0.3729999999995925
29574,2024-10-01 03:00:00,13210.09,28.351,3917.518,967.662,13778.73,968.077,0.194,10,0.3960000000006403
29574,2024-10-01 04:00:00,13210.488,28.351,3917.567,967.683,13779.126,968.098,0.204,10,0.3979999999992287
29574,2024-10-01 05:00:00,13210.885,28.351,3917.615,967.706,13779.52,968.121,0.211,10,0.397000000000844
29574,2024-10-01 06:00:00,13211.252,28.351,3917.684,967.725,13779.892,968.14,0.228,10,0.3670000000001892
29574,2024-10-01 07:00:00,13211.962,28.351,3917.736,967.736,13780.587,968.151,0.605,10,0.7099999999991269
29574,2024-10-01 08:00:00,13212.758,28.351,3917.823,967.747,13781.375,968.162,0.658,10,0.7960000000002765
29574,2024-10-01 09:00:00,13213.402,28.351,3917.906,967.763,13782.016,968.178,0.487,10,0.6440000000002328
29574,2024-10-01 10:00:00,13213.719,28.351,3917.963,967.775,13782.336,968.19,0.163,10,0.3169999999990978
29574,2024-10-01 11:00:00,13214.522,28.351,3918.026,967.798,13783.124,968.213,0.719,10,0.8030000000017026
29574,2024-10-01 12:00:00,13214.839,28.351,3918.076,967.824,13783.442,968.239,0.199,10,0.3169999999990978
29574,2024-10-01 13:00:00,13215.17,28.351,3918.136,967.847,13783.776,968.262,0.195,10,0.3310000000001309
29574,2024-10-01 14:00:00,13215.455,28.351,3918.217,967.867,13784.073,968.282,0.17,10,0.2849999999998545
29574,2024-10-01 15:00:00,13215.762,28.351,3918.282,967.887,13784.386,968.302,0.187,10,0.3070000000006985
29574,2024-10-01 16:00:00,13216.079,28.351,3918.352,967.902,13784.709,968.317,0.165,10,0.3169999999990978
29574,2024-10-01 17:00:00,13216.416,28.351,3918.451,967.917,13785.061,968.332,0.187,10,0.3369999999995343
29574,2024-10-01 18:00:00,13216.871,28.351,3918.577,967.931,13785.533,968.346,0.32,10,0.4549999999999272
29574,2024-10-01 19:00:00,13217.341,28.351,3918.698,967.941,13786.018,968.356,0.271,10,0.4700000000011641
29574,2024-10-01 20:00:00,13217.839,28.351,3918.84,967.948,13786.535,968.363,0.351,10,0.4979999999995925
29574,2024-10-01 21:00:00,13218.265,28.351,3918.927,967.955,13786.969,968.37,0.292,10,0.4259999999994761
29574,2024-10-01 22:00:00,13218.705,28.351,3919.022,967.968,13787.418,968.383,0.272,10,0.4400000000005093
29574,2024-10-01 23:00:00,13219.11,28.351,3919.115,967.976,13787.832,968.391,0.231,10,0.4050000000006548
29574,2024-10-02 00:00:00,13219.46,28.351,3919.187,967.983,13788.188,968.398,0.207,10,0.3499999999985448
29574,2024-10-02 01:00:00,13219.804,28.351,3919.276,967.984,13788.543,968.399,0.2,10,0.3440000000009604
29574,2024-10-02 02:00:00,13220.179,28.351,3919.367,967.985,13788.929,968.4,0.229,10,0.375
29574,2024-10-02 03:00:00,13220.545,28.351,3919.441,967.986,13789.301,968.401,0.215,10,0.3659999999999854
29574,2024-10-02 04:00:00,13220.896,28.351,3919.519,967.989,13789.659,968.404,0.208,10,0.3510000000005675
29574,2024-10-02 05:00:00,13221.253,28.351,3919.597,967.99,13790.024,968.405,0.218,10,0.3569999999999709
29574,2024-10-02 06:00:00,13221.594,28.351,3919.672,968.0,13790.372,968.415,0.221,10,0.3409999999985302
29574,2024-10-02 07:00:00,13222.296,28.351,3919.742,968.003,13791.065,968.418,0.608,10,0.702000000001135
29574,2024-10-02 08:00:00,13222.554,28.351,3919.859,968.029,13791.346,968.444,0.176,10,0.2579999999998108
29574,2024-10-02 09:00:00,13222.815,28.351,3919.979,968.058,13791.63,968.473,0.139,10,0.261000000000422
29574,2024-10-02 10:00:00,13223.08,28.351,3920.055,968.065,13791.906,968.48,0.19,10,0.2649999999994179
29574,2024-10-02 11:00:00,13223.823,28.351,3920.182,968.07,13792.654,968.485,0.632,10,0.7430000000003929
29574,2024-10-02 12:00:00,13224.364,28.351,3920.419,968.073,13793.24,968.488,0.429,10,0.5409999999992579
29574,2024-10-02 13:00:00,13224.618,28.351,3920.536,968.09,13793.517,968.505,0.125,10,0.2540000000008149
29574,2024-10-02 14:00:00,13224.888,28.351,3920.642,968.095,13793.806,968.51,0.124,10,0.2700000000004365
29574,2024-10-02 15:00:00,13225.217,28.351,3920.698,968.096,13794.137,968.511,0.175,10,0.3289999999997235
29574,2024-10-02 16:00:00,13225.536,28.351,3920.812,968.105,13794.476,968.52,0.19,10,0.3189999999995052
29574,2024-10-02 17:00:00,13225.82,28.351,3920.891,968.11,13794.77,968.525,0.148,10,0.2839999999996507
29574,2024-10-02 18:00:00,13226.964,28.351,3920.965,968.11,13795.888,968.525,1.543,10,1.1440000000002328
29574,2024-10-02 19:00:00,13228.085,28.351,3921.047,968.12,13796.986,968.535,0.987,10,1.120999999999185
29574,2024-10-02 20:00:00,13228.731,28.351,3921.123,968.124,13797.627,968.539,0.505,10,0.6460000000006403
29574,2024-10-02 21:00:00,13229.41,28.351,3921.27,968.127,13798.32,968.542,0.534,10,0.6790000000000873
29574,2024-10-02 22:00:00,13229.866,28.351,3921.319,968.137,13798.771,968.552,0.25,10,0.4560000000001309
29574,2024-10-02 23:00:00,13230.436,28.351,3921.423,968.146,13799.347,968.561,0.419,10,0.569999999999709
29574,2024-10-03 07:00:00,13234.076,28.351,3921.951,968.295,13802.987,968.709,0.566,10,0.6969999999982974
29574,2024-10-03 14:00:00,13236.784,28.351,3922.662,968.341,13805.786,968.755,0.436,10,0.4369999999998981
29574,2024-10-03 15:00:00,13237.017,28.351,3922.779,968.343,13806.042,968.757,0.233,10,0.2330000000001746
29574,2024-10-03 16:00:00,13237.167,28.351,3922.856,968.347,13806.208,968.761,0.15,10,0.1499999999996362
29574,2024-10-03 17:00:00,13237.323,28.351,3922.93,968.353,13806.378,968.767,0.156,10,0.1560000000008585
29574,2024-10-03 18:00:00,13237.629,28.351,3922.996,968.365,13806.691,968.779,0.304,10,0.3060000000004947
29574,2024-10-03 19:00:00,13238.292,28.351,3923.052,968.379,13807.342,968.793,0.662,10,0.6629999999986467
29574,2024-10-03 20:00:00,13238.599,28.351,3923.118,968.389,13807.655,968.803,0.307,10,0.3070000000006985
29574,2024-10-03 21:00:00,13238.865,28.351,3923.185,968.399,13807.929,968.813,0.266,10,0.2659999999996216
29574,2024-10-03 22:00:00,13239.114,28.351,3923.253,968.411,13808.187,968.825,0.248,10,0.2489999999997962
29574,2024-10-03 23:00:00,13239.333,28.351,3923.31,968.416,13808.414,968.83,0.218,10,0.2190000000009604
29574,2024-10-04 02:00:00,13239.984,28.351,3923.544,968.449,13809.104,968.863,0.198,10,0.1980000000003201
29574,2024-10-04 03:00:00,13240.163,28.351,3923.626,968.453,13809.299,968.867,0.178,10,0.1790000000000873
29574,2024-10-04 04:00:00,13240.336,28.351,3923.698,968.462,13809.485,968.876,0.172,10,0.1729999999988649
29574,2024-10-04 05:00:00,13240.531,28.351,3923.761,968.473,13809.69,968.887,0.194,10,0.1950000000015279
29574,2024-10-04 06:00:00,13240.727,28.351,3923.832,968.487,13809.898,968.901,0.195,10,0.1959999999999127
29574,2024-10-04 07:00:00,13241.302,28.351,3923.899,968.506,13810.469,968.92,0.574,10,0.5749999999989086
29574,2024-10-04 08:00:00,13241.517,28.351,3923.91,968.517,13810.678,968.931,0.156,10,0.2150000000001455
29574,2024-10-04 14:00:00,13244.196,28.351,3924.363,968.633,13813.375,969.047,0.1,10,0.2569999999996071
29574,2024-10-04 15:00:00,13244.466,28.351,3924.424,968.646,13813.652,969.06,0.102,10,0.2700000000004365
29574,2024-10-04 16:00:00,13244.703,28.351,3924.49,968.657,13813.898,969.071,0.097,10,0.2369999999991705
29574,2024-10-04 17:00:00,13244.874,28.351,3924.564,968.658,13814.083,969.072,0.107,10,0.1710000000002765
29574,2024-10-05 01:00:00,13247.779,28.351,3925.284,968.855,13817.072,969.269,0.139,10,0.2650000000012369
29574,2024-10-05 02:00:00,13248.031,28.351,3925.366,968.858,13817.337,969.272,0.129,10,0.2520000000004074
29574,2024-10-05 03:00:00,13248.278,28.351,3925.445,968.86,13817.597,969.274,0.122,10,0.2469999999993888
29574,2024-10-05 04:00:00,13248.527,28.351,3925.491,968.865,13817.848,969.279,0.155,10,0.2489999999997962
29574,2024-10-05 05:00:00,13248.785,28.351,3925.613,968.867,13818.13,969.281,0.172,10,0.2579999999998108
29574,2024-10-05 06:00:00,13248.961,28.351,3925.735,968.901,13818.334,969.315,0.124,10,0.1759999999994761
29574,2024-10-05 07:00:00,13249.173,28.351,3925.818,968.906,13818.561,969.32,0.126,10,0.2120000000013533
29574,2024-10-05 08:00:00,13249.417,28.351,3925.889,968.914,13818.815,969.328,0.156,10,0.2439999999987776
29574,2024-10-05 09:00:00,13249.838,28.351,3925.965,968.94,13819.24,969.354,0.308,10,0.4210000000002765
29574,2024-10-05 10:00:00,13250.359,28.351,3926.041,968.95,13819.761,969.364,0.44,10,0.5210000000006403
29574,2024-10-05 11:00:00,13250.617,28.351,3926.148,968.962,13820.039,969.376,0.137,10,0.2579999999998108
29574,2024-10-05 16:00:00,13251.636,28.351,3926.579,969.069,13821.138,969.483,0.147,10,0.1530000000002473
29574,2024-10-05 17:00:00,13251.857,28.351,3926.669,969.08,13821.376,969.494,0.152,10,0.2209999999995489
29574,2024-10-05 18:00:00,13252.086,28.351,3926.745,969.091,13821.617,969.505,0.145,10,0.2289999999993597
29574,2024-10-05 19:00:00,13252.565,28.351,3926.825,969.096,13822.099,969.51,0.348,10,0.4790000000011787
29574,2024-10-05 20:00:00,13252.815,28.351,3926.911,969.116,13822.363,969.53,0.151,10,0.25
29574,2024-10-05 21:00:00,13253.024,28.351,3926.988,969.133,13822.585,969.547,0.129,10,0.2089999999989231
29574,2024-10-05 22:00:00,13253.268,28.351,3927.092,969.154,13822.849,969.568,0.154,10,0.2440000000005966
29574,2024-10-05 23:00:00,13253.512,28.351,3927.197,969.17,13823.113,969.584,0.154,10,0.2440000000005966
29574,2024-10-07 01:00:00,13260.765,28.351,3929.738,969.639,13830.789,970.053,0.124,10,0.2060000000001309
29574,2024-10-07 02:00:00,13260.957,28.351,3929.813,969.64,13830.994,970.054,0.118,10,0.1920000000009167
29574,2024-10-07 03:00:00,13261.138,28.351,3929.871,969.64,13831.184,970.054,0.107,10,0.1810000000004947
29574,2024-10-07 04:00:00,13261.338,28.351,3929.95,969.64,13831.398,970.054,0.124,10,0.1999999999989086
29574,2024-10-07 05:00:00,13261.549,28.351,3930.032,969.642,13831.624,970.056,0.131,10,0.2110000000011496
29574,2024-10-07 06:00:00,13261.744,28.351,3930.115,969.662,13831.834,970.076,0.112,10,0.1949999999997089
29574,2024-10-07 07:00:00,13261.953,28.351,3930.193,969.682,13832.057,970.096,0.118,10,0.2089999999989231
29574,2024-10-07 08:00:00,13262.161,28.351,3930.284,969.699,13832.282,970.113,0.118,10,0.2080000000005384
29574,2024-10-07 09:00:00,13262.364,28.351,3930.345,969.718,13832.494,970.132,0.097,10,0.2029999999995198
29574,2024-10-07 10:00:00,13262.858,28.351,3930.407,969.733,13832.985,970.147,0.355,10,0.4940000000005966
29574,2024-10-07 11:00:00,13263.275,28.351,3930.506,969.735,13833.413,970.149,0.283,10,0.4169999999994616
29574,2024-10-07 12:00:00,13263.659,28.351,3930.573,969.743,13833.801,970.157,0.216,10,0.3840000000000145
29574,2024-10-07 13:00:00,13263.92,28.351,3930.634,969.745,13834.068,970.159,0.104,10,0.261000000000422
29574,2024-10-07 14:00:00,13264.128,28.351,3930.694,969.762,13834.285,970.176,0.109,10,0.2080000000005384
29574,2024-10-07 15:00:00,13264.373,28.351,3930.756,969.769,13834.537,970.183,0.133,10,0.2449999999989813
29574,2024-10-07 16:00:00,13264.634,28.351,3930.83,969.774,13834.808,970.188,0.126,10,0.261000000000422
29574,2024-10-07 17:00:00,13264.92,28.351,3930.882,969.797,13835.097,970.211,0.113,10,0.2860000000000582
29574,2024-10-07 18:00:00,13265.241,28.351,3930.94,969.816,13835.422,970.23,0.149,10,0.3209999999999127
29574,2024-10-07 19:00:00,13266.272,28.351,3931.072,969.818,13836.448,970.232,0.909,10,1.0310000000008586
29574,2024-10-07 20:00:00,13267.031,28.351,3931.145,969.835,13837.196,970.249,0.641,10,0.7590000000000146
29574,2024-10-07 21:00:00,13267.54,28.351,3931.186,969.864,13837.696,970.278,0.385,10,0.5090000000000146
29574,2024-10-07 22:00:00,13267.982,28.351,3931.291,969.87,13838.149,970.284,0.274,10,0.4419999999990978
29574,2024-10-07 23:00:00,13268.342,28.351,3931.367,969.881,13838.516,970.295,0.194,10,0.3600000000005821
29574,2024-10-08 00:00:00,13268.84,28.351,3931.441,969.891,13839.015,970.305,0.352,10,0.4979999999995925
29574,2024-10-08 01:00:00,13269.143,28.351,3931.499,969.914,13839.322,970.328,0.149,10,0.3029999999998836
29574,2024-10-08 02:00:00,13269.46,28.351,3931.562,969.934,13839.644,970.348,0.159,10,0.3169999999990978
29574,2024-10-08 03:00:00,13269.775,28.351,3931.623,969.959,13839.963,970.373,0.153,10,0.3150000000005093
29574,2024-10-08 04:00:00,13270.077,28.351,3931.683,969.994,13840.27,970.408,0.143,10,0.3019999999996798
29574,2024-10-08 05:00:00,13270.415,28.351,3931.745,970.02,13840.611,970.434,0.17,10,0.338000000001557
29574,2024-10-08 06:00:00,13270.759,28.351,3931.813,970.036,13840.96,970.45,0.172,10,0.3439999999991414
29574,2024-10-08 07:00:00,13271.034,28.351,3931.863,970.063,13841.238,970.477,0.133,10,0.2749999999996362
29574,2024-10-08 08:00:00,13271.305,28.351,3931.922,970.073,13841.515,970.487,0.121,10,0.2710000000006403
29574,2024-10-08 09:00:00,13271.747,28.351,3932.021,970.086,13841.967,970.5,0.268,10,0.4419999999990978
29574,2024-10-08 10:00:00,13272.782,28.351,3932.104,970.091,13842.983,970.505,0.954,10,1.0349999999998545
29574,2024-10-08 11:00:00,13273.505,28.351,3932.182,970.097,13843.698,970.511,0.607,10,0.7229999999999563
29574,2024-10-08 12:00:00,13273.756,28.351,3932.275,970.107,13843.965,970.521,0.133,10,0.2510000000002037
29574,2024-10-08 13:00:00,13274.014,28.351,3932.336,970.115,13844.23,970.529,0.133,10,0.2579999999998108
29574,2024-10-08 14:00:00,13274.253,28.351,3932.4,970.13,13844.477,970.544,0.12,10,0.2390000000013969
29574,2024-10-08 15:00:00,13274.475,28.351,3932.467,970.139,13844.709,970.553,0.146,10,0.2219999999997526
29574,2024-10-08 16:00:00,13274.769,28.351,3932.552,970.142,13845.015,970.556,0.177,10,0.293999999999869
29574,2024-10-08 17:00:00,13275.075,28.351,3932.608,970.149,13845.324,970.563,0.229,10,0.3060000000004947
29574,2024-10-09 01:00:00,13278.383,28.351,3933.29,970.234,13848.69,970.648,0.196,10,0.3339999999989231
29574,2024-10-09 02:00:00,13278.712,28.351,3933.36,970.245,13849.025,970.659,0.192,10,0.3289999999997235
29574,2024-10-09 03:00:00,13279.227,28.351,3933.435,970.254,13849.54,970.668,0.404,10,0.5150000000012369
29574,2024-10-09 04:00:00,13279.48,28.351,3933.49,970.263,13849.799,970.677,0.317,10,0.2529999999987922
29574,2024-10-09 05:00:00,13279.781,28.351,3933.563,970.276,13850.108,970.69,0.173,10,0.3010000000012951
29574,2024-10-09 10:00:00,13281.675,28.351,3933.978,970.325,13852.042,970.739,0.845,10,0.8619999999991705
29574,2024-10-09 11:00:00,13282.19,28.351,3934.122,970.329,13852.576,970.743,0.453,10,0.5150000000012369
29574,2024-10-09 12:00:00,13282.437,28.351,3934.226,970.345,13852.843,970.759,0.14,10,0.2469999999993888
29574,2024-10-09 13:00:00,13282.648,28.351,3934.314,970.349,13853.07,970.763,0.141,10,0.2109999999993306
29574,2024-10-09 14:00:00,13282.909,28.351,3934.388,970.355,13853.341,970.769,0.188,10,0.261000000000422
29574,2024-10-09 15:00:00,13283.194,28.351,3934.545,970.358,13853.659,970.772,0.187,10,0.2849999999998545
29574,2024-10-09 16:00:00,13283.432,28.351,3934.661,970.378,13853.92,970.792,0.131,10,0.2380000000011932
29574,2024-10-09 17:00:00,13283.676,28.351,3934.764,970.383,13854.184,970.797,0.149,10,0.2439999999987776
29574,2024-10-09 18:00:00,13283.919,28.351,3934.87,970.398,13854.447,970.812,0.148,10,0.2430000000003929
29574,2024-10-09 19:00:00,13284.564,28.351,3934.966,970.411,13855.092,970.825,0.536,10,0.6450000000004366
29574,2024-10-09 20:00:00,13284.914,28.351,3935.069,970.415,13855.457,970.829,0.213,10,0.3500000000003638
29574,2024-10-09 21:00:00,13285.16,28.351,3935.149,970.423,13855.716,970.837,0.15,10,0.2459999999991851
29574,2024-10-09 22:00:00,13285.599,28.351,3935.246,970.435,13856.164,970.849,0.379,10,0.4390000000003056
29574,2024-10-09 23:00:00,13285.951,28.351,3935.375,970.445,13856.538,970.859,0.258,10,0.3519999999989522
29574,2024-10-10 00:00:00,13286.244,28.351,3935.467,970.457,13856.845,970.871,0.168,10,0.2930000000014843
29574,2024-10-10 01:00:00,13286.529,28.351,3935.555,970.461,13857.144,970.875,0.171,10,0.2849999999998545
29574,2024-10-10 02:00:00,13286.822,28.351,3935.649,970.467,13857.451,970.881,0.182,10,0.2929999999996653
29574,2024-10-10 03:00:00,13287.103,28.351,3935.742,970.472,13857.747,970.886,0.171,10,0.2809999999990396
29574,2024-10-10 04:00:00,13287.393,28.351,3935.84,970.477,13858.053,970.891,0.189,10,0.2900000000008731
29574,2024-10-10 05:00:00,13287.669,28.351,3935.921,970.481,13858.341,970.895,0.176,10,0.2759999999998399
29574,2024-10-10 06:00:00,13287.889,28.361,3936.001,970.56,13858.574,970.974,0.164,10,0.2199999999993451
29574,2024-10-10 07:00:00,13288.154,28.361,3936.093,970.567,13858.855,970.981,0.194,10,0.2650000000012369
29574,2024-10-10 08:00:00,13288.427,28.361,3936.22,970.595,13859.152,971.009,0.177,10,0.2729999999992287
29574,2024-10-10 09:00:00,13288.891,28.361,3936.298,970.646,13859.619,971.06,0.359,10,0.4639999999999418
29574,2024-10-10 10:00:00,13289.581,28.361,3936.399,970.673,13860.31,971.087,0.652,10,0.6900000000005093
29574,2024-10-10 11:00:00,13289.956,28.361,3936.513,970.685,13860.702,971.099,0.303,10,0.375
29574,2024-10-10 12:00:00,13290.223,28.361,3936.61,970.694,13860.985,971.108,0.208,10,0.2669999999998254
29574,2024-10-10 13:00:00,13290.465,28.361,3936.709,970.699,13861.245,971.113,0.16,10,0.2420000000001891
29574,2024-10-10 14:00:00,13290.687,28.361,3936.792,970.704,13861.482,971.118,0.151,10,0.2219999999997526
29574,2024-10-10 15:00:00,13290.937,28.361,3936.894,970.717,13861.75,971.131,0.151,10,0.25
29574,2024-10-10 16:00:00,13291.246,28.361,3936.998,970.727,13862.076,971.141,0.226,10,0.3089999999992869
29574,2024-10-10 17:00:00,13291.763,28.361,3937.201,970.727,13862.63,971.141,0.422,10,0.5170000000016444
29574,2024-10-10 18:00:00,13291.905,28.361,3937.267,970.732,13862.785,971.146,0.141,10,0.1419999999998253
29574,2024-10-10 19:00:00,13292.446,28.361,3937.333,970.736,13863.322,971.15,0.541,10,0.5409999999992579
29574,2024-10-10 20:00:00,13292.695,28.361,3937.412,970.737,13863.583,971.151,0.248,10,0.2489999999997962
29574,2024-10-10 21:00:00,13292.882,28.361,3937.491,970.739,13863.785,971.153,0.187,10,0.1869999999998981
29574,2024-10-10 22:00:00,13293.101,28.361,3937.545,970.761,13864.01,971.175,0.219,10,0.2190000000009604
29574,2024-10-10 23:00:00,13293.33,28.361,3937.6,970.781,13864.245,971.195,0.229,10,0.2289999999993597
29574,2024-10-11 02:00:00,13293.927,28.361,3937.796,970.835,13864.874,971.249,0.174,10,0.1739999999990686
29574,2024-10-11 03:00:00,13294.114,28.361,3937.85,970.853,13865.068,971.267,0.186,10,0.1869999999998981
29574,2024-10-11 04:00:00,13294.299,28.361,3937.916,970.869,13865.264,971.283,0.184,10,0.1850000000013096
29574,2024-10-11 05:00:00,13294.478,28.361,3937.982,970.89,13865.455,971.304,0.179,10,0.1789999999982683
29574,2024-10-11 06:00:00,13294.672,28.361,3938.034,970.908,13865.655,971.322,0.193,10,0.1940000000013242
29574,2024-10-11 07:00:00,13294.818,28.361,3938.099,970.913,13865.814,971.327,0.146,10,0.1459999999988213
29574,2024-10-11 08:00:00,13294.951,28.361,3938.165,970.92,13865.96,971.334,0.132,10,0.1329999999998108
29574,2024-10-11 09:00:00,13295.143,28.361,3938.257,970.924,13866.17,971.338,0.192,10,0.1920000000009167
29574,2024-10-11 10:00:00,13295.283,28.361,3938.346,970.928,13866.33,971.342,0.139,10,0.1399999999994179
29574,2024-10-11 11:00:00,13295.401,28.361,3938.419,970.933,13866.464,971.347,0.117,10,0.1180000000003929
29574,2024-10-11 12:00:00,13295.531,28.361,3938.499,970.938,13866.611,971.352,0.13,10,0.1300000000010186
29574,2024-10-11 13:00:00,13295.641,28.361,3938.53,970.941,13866.725,971.355,0.363,10,0.109999999998763
29574,2024-10-11 14:00:00,13295.884,28.361,3938.655,970.953,13866.994,971.367,0.174,10,0.2430000000003929
29574,2024-10-11 18:00:00,13296.856,28.361,3939.116,971.081,13868.057,971.495,0.12,10,0.2399999999997817
29574,2024-10-12 03:00:00,13299.506,28.361,3939.875,971.164,13870.813,971.578,0.216,10,0.3140000000003056
29574,2024-10-12 04:00:00,13299.806,28.361,3939.939,971.167,13871.119,971.581,0.198,10,0.3000000000010914
29574,2024-10-12 05:00:00,13300.087,28.361,3940.01,971.173,13871.409,971.587,0.183,10,0.2809999999990396
29574,2024-10-12 06:00:00,13300.371,28.361,3940.093,971.179,13871.705,971.593,0.214,10,0.2839999999996507
29574,2024-10-12 07:00:00,13300.726,28.361,3940.19,971.197,13872.073,971.611,0.236,10,0.3550000000013824
29574,2024-10-12 08:00:00,13300.98,28.361,3940.302,971.207,13872.348,971.621,0.167,10,0.2539999999989959
29574,2024-10-12 09:00:00,13301.213,28.361,3940.41,971.222,13872.602,971.636,0.223,10,0.2330000000001746
29574,2024-10-12 10:00:00,13301.376,28.361,3940.471,971.231,13872.776,971.644,0.275,10,0.1630000000004656
29574,2024-10-12 15:00:00,13302.419,28.361,3940.898,971.265,13873.897,971.678,0.115,10,0.1829999999990832
29574,2024-10-12 16:00:00,13302.65,28.361,3940.99,971.278,13874.144,971.691,0.132,10,0.2309999999997671
29574,2024-10-12 17:00:00,13302.864,28.361,3941.088,971.293,13874.378,971.706,0.123,10,0.2139999999999418
29574,2024-10-12 18:00:00,13303.068,28.361,3941.186,971.311,13874.601,971.724,0.138,10,0.2039999999997235
29574,2024-10-12 19:00:00,13303.301,28.361,3941.278,971.33,13874.85,971.743,0.172,10,0.2330000000001746
29574,2024-10-12 20:00:00,13303.567,28.361,3941.371,971.355,13875.132,971.768,0.177,10,0.2659999999996216
29574,2024-10-12 21:00:00,13303.872,28.364,3941.467,971.418,13875.452,971.832,0.236,10,0.305000000000291
29574,2024-10-12 22:00:00,13304.198,28.364,3941.562,971.438,13875.791,971.851,0.217,10,0.3260000000009313
29574,2024-10-12 23:00:00,13304.52,28.364,3941.641,971.456,13876.122,971.869,0.221,10,0.3220000000001164
29574,2024-10-13 00:00:00,13304.807,28.364,3941.724,971.47,13876.421,971.883,0.186,10,0.2870000000002619
29574,2024-10-13 01:00:00,13305.092,28.364,3941.818,971.478,13876.721,971.891,0.195,10,0.2849999999998545
29574,2024-10-13 02:00:00,13305.361,28.364,3941.908,971.489,13877.005,971.902,0.178,10,0.2690000000002328
29574,2024-10-13 03:00:00,13305.631,28.364,3941.985,971.5,13877.285,971.913,0.188,10,0.2699999999986175
29574,2024-10-13 04:00:00,13305.964,28.364,3942.079,971.51,13877.631,971.923,0.255,10,0.3330000000005384
29574,2024-10-13 05:00:00,13306.234,28.364,3942.153,971.521,13877.911,971.934,0.189,10,0.2700000000004365
29574,2024-10-13 06:00:00,13306.564,28.364,3942.286,971.524,13878.265,971.937,0.256,10,0.3299999999999272
29574,2024-10-13 07:00:00,13306.811,28.364,3942.39,971.532,13878.532,971.945,0.174,10,0.2469999999993888
29574,2024-10-13 08:00:00,13307.128,28.364,3942.472,971.536,13878.859,971.949,0.169,10,0.3170000000009167
29574,2024-10-13 09:00:00,13307.378,28.366,3942.601,971.541,13879.135,971.955,0.118,10,0.25
29574,2024-10-13 10:00:00,13307.674,28.366,3942.651,971.551,13879.433,971.965,0.123,10,0.2960000000002765
29574,2024-10-13 11:00:00,13308.793,28.366,3942.72,971.559,13880.526,971.973,0.94,10,1.1189999999987776
29574,2024-10-13 12:00:00,13309.126,28.366,3942.806,971.562,13880.87,971.976,0.125,10,0.3330000000005384
29574,2024-10-13 13:00:00,13309.423,28.366,3942.879,971.565,13881.175,971.979,0.121,10,0.2970000000004802
29574,2024-10-13 14:00:00,13309.67,28.366,3942.96,971.576,13881.435,971.989,0.107,10,0.2469999999993888
29574,2024-10-13 15:00:00,13310.014,28.366,3943.063,971.586,13881.794,971.999,0.168,10,0.3439999999991414
29574,2024-10-13 16:00:00,13310.308,28.366,3943.17,971.59,13882.106,972.003,0.15,10,0.294000000001688
29574,2024-10-13 17:00:00,13310.556,28.366,3943.225,971.602,13882.36,972.015,0.107,10,0.2479999999995925
29574,2024-10-13 18:00:00,13310.837,28.366,3943.287,971.603,13882.647,972.016,0.12,10,0.2809999999990396
29574,2024-10-13 19:00:00,13311.2,28.366,3943.352,971.617,13883.013,972.03,0.174,10,0.3630000000011932
29574,2024-10-13 20:00:00,13311.603,28.366,3943.444,971.625,13883.426,972.038,0.253,10,0.4029999999984284
29574,2024-10-13 21:00:00,13311.958,28.366,3943.512,971.649,13883.785,972.062,0.239,10,0.3550000000013824
29574,2024-10-13 22:00:00,13312.272,28.366,3943.668,971.704,13884.131,972.117,0.288,10,0.3140000000003056
29574,2024-10-13 23:00:00,13312.654,28.366,3943.759,971.706,13884.523,972.119,0.274,10,0.3819999999996071
29574,2024-10-14 00:00:00,13313.029,28.366,3943.836,971.714,13884.904,972.127,0.265,10,0.375
29574,2024-10-14 01:00:00,13313.385,28.366,3943.898,971.718,13885.263,972.131,0.237,10,0.3559999999997671
29574,2024-10-14 02:00:00,13313.749,28.366,3943.979,971.721,13885.635,972.134,0.247,10,0.363999999999578
29574,2024-10-14 03:00:00,13314.11,28.366,3944.058,971.723,13886.004,972.136,0.248,10,0.3610000000007858
29574,2024-10-14 04:00:00,13314.49,28.366,3944.096,971.727,13886.379,972.14,0.267,10,0.3799999999991996
29574,2024-10-14 05:00:00,13314.888,28.366,3944.215,971.733,13886.794,972.146,0.284,10,0.3980000000010477
29574,2024-10-14 06:00:00,13315.247,28.366,3944.299,971.74,13887.163,972.153,0.246,10,0.3589999999985593
29574,2024-10-14 07:00:00,13315.54,28.366,3944.369,971.75,13887.463,972.163,0.199,10,0.2930000000014843
29574,2024-10-14 08:00:00,13315.814,28.366,3944.444,971.77,13887.747,972.183,0.184,10,0.2739999999994325
29574,2024-10-14 09:00:00,13316.036,28.366,3944.563,971.793,13887.994,972.206,0.151,10,0.2219999999997526
29574,2024-10-14 10:00:00,13316.284,28.366,3944.682,971.813,13888.266,972.226,0.153,10,0.2479999999995925
29574,2024-10-14 11:00:00,13316.496,28.366,3944.762,971.841,13888.492,972.254,0.126,10,0.2119999999995343
29574,2024-10-14 12:00:00,13316.736,28.366,3944.86,971.873,13888.75,972.286,0.136,10,0.2400000000016007
29574,2024-10-14 13:00:00,13316.975,28.366,3944.983,971.9,13889.014,972.313,0.141,10,0.238999999999578
29574,2024-10-14 14:00:00,13317.186,28.366,3945.067,971.93,13889.24,972.343,0.111,10,0.2109999999993306
29574,2024-10-14 15:00:00,13317.42,28.366,3945.147,971.942,13889.487,972.355,0.139,10,0.2340000000003783
29574,2024-10-14 16:00:00,13317.648,28.366,3945.254,971.949,13889.736,972.362,0.154,10,0.227999999999156
29574,2024-10-14 17:00:00,13317.784,28.395,3945.394,972.031,13889.906,972.445,0.123,10,0.136000000000422
29574,2024-10-14 18:00:00,13318.01,28.395,3945.499,972.06,13890.153,972.474,0.14,10,0.2260000000005675
29574,2024-10-14 19:00:00,13318.249,28.395,3945.601,972.084,13890.411,972.498,0.138,10,0.238999999999578
29574,2024-10-14 20:00:00,13318.514,28.395,3945.725,972.124,13890.7,972.538,0.168,10,0.2649999999994179
29574,2024-10-14 21:00:00,13318.859,28.395,3945.844,972.152,13891.065,972.566,0.248,10,0.3450000000011641
29574,2024-10-14 22:00:00,13319.187,28.395,3945.943,972.185,13891.407,972.599,0.229,10,0.3279999999995198
29574,2024-10-14 23:00:00,13319.501,28.395,3946.061,972.207,13891.742,972.621,0.229,10,0.3140000000003056
29574,2024-10-15 02:00:00,13320.31,28.395,3946.367,972.264,13892.604,972.678,0.194,10,0.2629999999990104
29574,2024-10-15 03:00:00,13320.568,28.395,3946.439,972.295,13892.872,972.709,0.197,10,0.2579999999998108
29574,2024-10-15 04:00:00,13320.89,28.395,3946.583,972.313,13893.222,972.727,0.266,10,0.3220000000001164
29574,2024-10-15 05:00:00,13321.149,28.395,3946.684,972.334,13893.499,972.748,0.188,10,0.2590000000000145
29574,2024-10-15 06:00:00,13321.44,28.395,3946.788,972.366,13893.807,972.78,0.208,10,0.2910000000010768
29574,2024-10-15 07:00:00,13321.697,28.395,3946.89,972.404,13894.083,972.818,0.179,10,0.2569999999996071
29574,2024-10-15 08:00:00,13321.921,28.395,3946.967,972.443,13894.319,972.857,0.128,10,0.22400000000016
29574,2024-10-15 09:00:00,13322.173,28.395,3947.079,972.502,13894.593,972.916,0.126,10,0.2520000000004074
29574,2024-10-15 10:00:00,13322.382,28.404,3947.194,972.533,13894.826,972.947,0.143,10,0.2089999999989231
29574,2024-10-15 11:00:00,13322.616,28.404,3947.265,972.547,13895.07,972.961,0.125,10,0.2340000000003783
29574,2024-10-15 12:00:00,13322.821,28.404,3947.373,972.562,13895.298,972.976,0.137,10,0.2049999999999272
29574,2024-10-15 13:00:00,13323.066,28.404,3947.473,972.581,13895.561,972.995,0.161,10,0.2450000000008003
29574,2024-10-15 14:00:00,13323.258,28.404,3947.545,972.602,13895.766,973.016,0.108,10,0.1919999999990977
29574,2024-10-15 15:00:00,13323.496,28.404,3947.652,972.615,13896.024,973.029,0.143,10,0.2379999999993742
29574,2024-10-15 16:00:00,13323.695,28.404,3947.74,972.64,13896.24,973.054,0.125,10,0.1990000000005238
29574,2024-10-15 17:00:00,13323.937,28.404,3947.835,972.678,13896.499,973.092,0.135,10,0.2420000000001891
29574,2024-10-15 18:00:00,13324.167,28.404,3947.949,972.7,13896.752,973.114,0.131,10,0.2299999999995634
29574,2024-10-15 19:00:00,13324.437,28.404,3948.052,972.711,13897.04,973.125,0.178,10,0.2700000000004365
29574,2024-10-15 20:00:00,13324.673,28.404,3948.129,972.754,13897.288,973.168,0.12,10,0.2360000000007858
29574,2024-10-15 21:00:00,13324.963,28.404,3948.235,972.794,13897.596,973.208,0.171,10,0.2899999999990541
29574,2024-10-15 22:00:00,13325.19,28.404,3948.257,972.944,13897.82,973.358,0.219,10,0.2270000000007712
29574,2024-10-15 23:00:00,13325.361,28.404,3948.273,973.14,13897.989,973.554,0.191,10,0.1710000000002765
29574,2024-10-16 00:00:00,13325.518,28.404,3948.328,973.321,13898.155,973.735,0.221,10,0.1569999999992433
29574,2024-10-17 04:00:00,13330.021,28.425,3950.573,976.957,13903.11,977.37,0.218,10,0.1820000000006985
29574,2024-10-17 05:00:00,13330.17,28.425,3950.63,977.136,13903.269,977.549,0.176,10,0.1489999999994324
29574,2024-10-17 06:00:00,13330.35,28.425,3950.71,977.292,13903.465,977.705,0.204,10,0.180000000000291
29574,2024-10-17 07:00:00,13330.517,28.425,3950.76,977.465,13903.639,977.878,0.185,10,0.1669999999994615
29574,2024-10-17 08:00:00,13330.688,28.425,3950.845,977.573,13903.827,977.986,0.159,10,0.1710000000002765
29574,2024-10-17 09:00:00,13330.819,28.438,3950.88,977.776,13903.963,978.189,0.111,10,0.1309999999994033
29574,2024-10-17 10:00:00,13330.895,28.45,3951.062,977.916,13904.087,978.329,0.137,10,0.0760000000009313
29574,2024-10-17 11:00:00,13331.016,28.45,3951.126,978.102,13904.221,978.515,0.111,10,0.120999999999185
29574,2024-10-17 12:00:00,13331.129,28.45,3951.23,978.234,13904.359,978.647,0.136,10,0.1130000000011932
29574,2024-10-17 13:00:00,13331.24,28.45,3951.326,978.352,13904.493,978.765,0.142,10,0.1109999999989668
29574,2024-10-17 14:00:00,13331.332,28.45,3951.38,978.538,13904.596,978.951,0.118,10,0.0920000000005529
29574,2024-10-17 15:00:00,13331.462,28.45,3951.468,978.655,13904.746,979.068,0.145,10,0.1299999999991996
29574,2024-10-17 16:00:00,13331.557,28.45,3951.496,978.846,13904.845,979.259,0.105,10,0.0950000000011641
29574,2024-10-17 17:00:00,13331.678,28.45,3951.628,978.938,13904.999,979.351,0.138,10,0.120999999999185
29574,2024-10-17 18:00:00,13331.772,28.45,3951.715,979.064,13905.114,979.477,0.131,10,0.0940000000009604
29574,2024-10-17 19:00:00,13331.911,28.45,3951.781,979.196,13905.266,979.609,0.141,10,0.1389999999992142
29574,2024-10-17 20:00:00,13332.074,28.45,3951.825,979.344,13905.434,979.757,0.133,10,0.1630000000004656
29574,2024-10-17 21:00:00,13332.21,28.45,3951.888,979.46,13905.583,979.873,0.141,10,0.135999999998603
29574,2024-10-17 22:00:00,13332.324,28.45,3951.938,979.637,13905.706,980.05,0.117,10,0.1140000000013969
29574,2024-10-17 23:00:00,13332.496,28.45,3952.004,979.766,13905.89,980.178,0.194,10,0.1719999999986612
29574,2024-10-18 04:00:00,13333.469,28.45,3952.407,980.499,13906.937,980.911,0.238,10,0.2359999999989668
29574,2024-10-18 05:00:00,13333.648,28.45,3952.504,980.626,13907.136,981.038,0.184,10,0.1790000000000873
29574,2024-10-18 06:00:00,13333.83,28.45,3952.555,980.808,13907.325,981.22,0.19,10,0.1820000000006985
29574,2024-10-18 07:00:00,13334.011,28.45,3952.587,980.996,13907.508,981.408,0.194,10,0.1810000000004947
29574,2024-10-18 08:00:00,13334.248,28.45,3952.704,981.078,13907.769,981.49,0.206,10,0.2369999999991705
29574,2024-10-18 09:00:00,13334.397,28.45,3952.749,981.208,13907.924,981.62,0.118,10,0.1490000000012514
29574,2024-10-18 10:00:00,13334.562,28.45,3952.827,981.315,13908.105,981.727,0.139,10,0.1649999999990541
29574,2024-10-18 11:00:00,13334.659,28.45,3952.862,981.518,13908.207,981.93,0.102,10,0.0969999999997526
29574,2024-10-18 12:00:00,13334.767,28.45,3952.93,981.646,13908.33,982.058,0.142,10,0.1080000000001746
29574,2024-10-18 13:00:00,13334.852,28.45,3952.97,981.832,13908.423,982.244,0.112,10,0.0850000000009458
29574,2024-10-18 14:00:00,13334.99,28.45,3953.013,981.981,13908.568,982.393,0.147,10,0.1379999999990104
29574,2024-10-18 15:00:00,13335.104,28.45,3953.056,982.135,13908.689,982.546,0.12,10,0.113999999999578
29574,2024-10-18 16:00:00,13335.222,28.45,3953.143,982.246,13908.827,982.657,0.139,10,0.1180000000003929
29574,2024-10-18 17:00:00,13335.345,28.45,3953.18,982.377,13908.956,982.788,0.111,10,0.1229999999995925
29574,2024-10-18 18:00:00,13335.493,28.45,3953.268,982.499,13909.122,982.91,0.137,10,0.1480000000010477
29574,2024-10-18 19:00:00,13335.64,28.45,3953.342,982.635,13909.284,983.046,0.131,10,0.146999999999025
29574,2024-10-18 20:00:00,13335.77,28.45,3953.418,982.766,13909.431,983.177,0.152,10,0.1300000000010186
29574,2024-10-18 21:00:00,13335.881,28.45,3953.46,982.958,13909.549,983.369,0.121,10,0.1109999999989668
29574,2024-10-18 22:00:00,13336.012,28.45,3953.521,983.095,13909.692,983.506,0.149,10,0.1310000000012223
29574,2024-10-18 23:00:00,13336.08,28.451,3953.578,983.293,13909.773,983.704,0.12,10,0.0679999999993015
29574,2024-10-19 00:00:00,13336.139,28.454,3953.693,983.468,13909.863,983.879,0.149,10,0.0589999999992869
29574,2024-10-19 01:00:00,13336.234,28.454,3953.821,983.617,13909.99,984.028,0.19,10,0.0950000000011641
29574,2024-10-19 02:00:00,13336.333,28.454,3953.911,983.799,13910.111,984.21,0.168,10,0.09900000000016
29574,2024-10-19 03:00:00,13336.488,28.454,3953.966,983.959,13910.275,984.37,0.195,10,0.1549999999988358
29574,2024-10-19 04:00:00,13336.629,28.454,3953.981,984.222,13910.414,984.633,0.176,10,0.1410000000014406
29574,2024-10-19 05:00:00,13336.823,28.454,3954.074,984.298,13910.627,984.709,0.23,10,0.1939999999995052
29574,2024-10-19 06:00:00,13336.968,28.454,3954.141,984.444,13910.785,984.855,0.177,10,0.1450000000004365
29574,2024-10-19 07:00:00,13337.095,28.454,3954.241,984.56,13910.935,984.971,0.189,10,0.1269999999985884
29574,2024-10-19 08:00:00,13337.289,28.454,3954.3,984.735,13911.138,985.146,0.15,10,0.1940000000013242
29574,2024-10-19 09:00:00,13337.471,28.454,3954.372,984.867,13911.333,985.277,0.168,10,0.1819999999988795
29574,2024-10-19 10:00:00,13337.592,28.454,3954.44,985.049,13911.468,985.459,0.115,10,0.121000000001004
29574,2024-10-19 11:00:00,13337.714,28.454,3954.59,985.126,13911.628,985.536,0.145,10,0.1219999999993888
29574,2024-10-19 12:00:00,13337.796,28.454,3954.654,985.297,13911.724,985.707,0.111,10,0.0820000000003347
29574,2024-10-19 13:00:00,13337.933,28.454,3954.767,985.426,13911.888,985.836,0.146,10,0.1370000000006257
29574,2024-10-19 14:00:00,13338.054,28.454,3954.802,985.622,13912.014,986.032,0.114,10,0.120999999999185
29574,2024-10-19 15:00:00,13338.166,28.454,3954.889,985.767,13912.146,986.177,0.137,10,0.1119999999991705
29574,2024-10-19 16:00:00,13338.245,28.457,3954.959,985.915,13912.242,986.325,0.132,10,0.0790000000015425
29574,2024-10-19 17:00:00,13338.373,28.457,3955.041,986.064,13912.388,986.474,0.135,10,0.1279999999987922
29574,2024-10-19 18:00:00,13338.517,28.457,3955.143,986.181,13912.555,986.591,0.16,10,0.1440000000002328
29574,2024-10-19 19:00:00,13338.731,28.457,3955.208,986.341,13912.778,986.751,0.186,10,0.2139999999999418
29574,2024-10-19 20:00:00,13338.916,28.457,3955.244,986.542,13912.966,986.952,0.197,10,0.1849999999994906
29574,2024-10-19 21:00:00,13339.183,28.457,3955.308,986.679,13913.24,987.089,0.276,10,0.2670000000016443
29574,2024-10-19 22:00:00,13339.565,28.457,3955.396,986.822,13913.631,987.232,0.392,10,0.3819999999996071
29574,2024-10-19 23:00:00,13339.783,28.457,3955.438,987.021,13913.852,987.431,0.24,10,0.2179999999989377
29574,2024-10-20 02:00:00,13340.394,28.457,3955.576,987.578,13914.477,987.987,0.283,10,0.2590000000000145
29574,2024-10-20 03:00:00,13340.488,28.457,3955.601,987.707,13914.575,988.116,0.366,10,0.0939999999991414
29574,2024-10-20 04:00:00,13340.708,28.457,3955.669,987.729,13914.805,988.138,0.22,10,0.2200000000011641
29574,2024-10-20 09:00:00,13342.106,28.457,3955.97,987.807,13916.231,988.216,0.148,10,0.1479999999992287
29574,2024-10-20 10:00:00,13342.305,28.459,3956.03,988.019,13916.439,988.428,0.134,10,0.1990000000005238
29574,2024-10-20 11:00:00,13342.431,28.459,3956.182,988.158,13916.603,988.567,0.14,10,0.1260000000002037
29574,2024-10-20 12:00:00,13342.732,28.459,3956.273,988.275,13916.917,988.684,0.322,10,0.3009999999994761
29574,2024-10-20 13:00:00,13342.909,28.46,3956.328,988.455,13917.102,988.864,0.197,10,0.1769999999996798
29574,2024-10-20 14:00:00,13343.07,28.46,3956.409,988.612,13917.28,989.021,0.184,10,0.1610000000000582
29574,2024-10-20 15:00:00,13343.198,28.46,3956.493,988.766,13917.426,989.175,0.149,10,0.1280000000006111
29574,2024-10-20 16:00:00,13343.328,28.46,3956.577,988.962,13917.575,989.371,0.129,10,0.1299999999991996
29574,2024-10-20 17:00:00,13343.565,28.46,3956.661,989.082,13917.826,989.491,0.253,10,0.2370000000009895
29574,2024-10-20 18:00:00,13343.759,28.46,3956.707,989.268,13918.025,989.677,0.223,10,0.1939999999995052
29574,2024-10-20 19:00:00,13344.228,28.46,3956.764,989.437,13918.491,989.846,0.511,10,0.4689999999991414
29574,2024-10-20 20:00:00,13344.424,28.46,3956.78,989.636,13918.683,990.045,0.223,10,0.1960000000017316
29574,2024-10-20 21:00:00,13344.651,28.46,3956.811,989.838,13918.91,990.247,0.244,10,0.2269999999989522
29574,2024-10-20 22:00:00,13344.888,28.46,3956.829,990.042,13919.142,990.45,0.244,10,0.2370000000009895
29574,2024-10-20 23:00:00,13345.135,28.46,3956.891,990.214,13919.397,990.622,0.263,10,0.2469999999993888
29574,2024-10-21 00:00:00,13345.341,28.46,3956.962,990.39,13919.614,990.798,0.222,10,0.2060000000001309
29574,2024-10-21 01:00:00,13345.533,28.46,3957.022,990.571,13919.815,990.979,0.213,10,0.1919999999990977
29574,2024-10-21 02:00:00,13345.728,28.46,3957.074,990.77,13920.017,991.178,0.214,10,0.1949999999997089
29574,2024-10-21 03:00:00,13345.916,28.46,3957.17,990.912,13920.225,991.32,0.209,10,0.1880000000001018
29574,2024-10-21 04:00:00,13346.111,28.46,3957.25,991.08,13920.434,991.488,0.214,10,0.1950000000015279
29574,2024-10-21 05:00:00,13346.286,28.46,3957.336,991.213,13920.627,991.621,0.21,10,0.1749999999992724
29574,2024-10-21 06:00:00,13346.451,28.46,3957.372,991.407,13920.795,991.815,0.201,10,0.1649999999990541
29574,2024-10-21 07:00:00,13346.671,28.46,3957.432,991.551,13921.023,991.959,0.265,10,0.2200000000011641
29574,2024-10-21 08:00:00,13346.838,28.46,3957.468,991.712,13921.193,992.12,0.186,10,0.1669999999994615
29574,2024-10-21 09:00:00,13346.916,28.468,3957.585,991.811,13921.301,992.219,0.144,10,0.0779999999995197
29574,2024-10-21 10:00:00,13346.996,28.483,3957.737,991.907,13921.421,992.315,0.143,10,0.0799999999999272
29574,2024-10-21 11:00:00,13347.097,28.483,3957.792,992.078,13921.534,992.486,0.133,10,0.1010000000005675
29574,2024-10-21 12:00:00,13347.833,28.483,3957.907,992.078,13922.272,992.486,0.808,10,0.7360000000007858
29574,2024-10-21 13:00:00,13348.037,28.483,3957.98,992.218,13922.488,992.626,0.217,10,0.2039999999997235
29574,2024-10-21 14:00:00,13348.19,28.483,3958.03,992.354,13922.649,992.762,0.137,10,0.1530000000002473
29574,2024-10-21 15:00:00,13348.362,28.483,3958.118,992.471,13922.839,992.879,0.162,10,0.1719999999986612
29574,2024-10-21 16:00:00,13348.724,28.483,3958.207,992.563,13923.212,992.971,0.352,10,0.3620000000009895
29574,2024-10-21 17:00:00,13348.924,28.483,3958.246,992.696,13923.414,993.104,0.187,10,0.2000000000007276
29574,2024-10-21 18:00:00,13349.132,28.483,3958.357,992.783,13923.645,993.191,0.213,10,0.2079999999987194
29574,2024-10-21 19:00:00,13349.556,28.483,3958.382,992.969,13924.059,993.377,0.456,10,0.4240000000008876
29574,2024-10-21 20:00:00,13349.984,28.483,3958.436,993.213,13924.485,993.621,0.52,10,0.4279999999998836
29574,2024-10-21 21:00:00,13350.266,28.483,3958.451,993.407,13924.759,993.815,0.322,10,0.2819999999992433
29574,2024-10-21 22:00:00,13350.502,28.483,3958.519,993.54,13925.005,993.948,0.284,10,0.2360000000007858
29574,2024-10-21 23:00:00,13350.689,28.483,3958.556,993.725,13925.195,994.133,0.234,10,0.1869999999998981
29574,2024-10-22 03:00:00,13351.358,28.483,3958.758,994.343,13925.894,994.75,0.209,10,0.1499999999996362
29574,2024-10-22 04:00:00,13351.496,28.483,3958.836,994.475,13926.048,994.882,0.198,10,0.1379999999990104
29574,2024-10-22 05:00:00,13351.649,28.483,3958.907,994.616,13926.215,995.023,0.209,10,0.1530000000002473
29574,2024-10-22 06:00:00,13351.777,28.483,3958.989,994.753,13926.361,995.16,0.198,10,0.1280000000006111
29574,2024-10-22 07:00:00,13352.07,28.483,3959.04,994.888,13926.656,995.295,0.351,10,0.2929999999996653
29574,2024-10-22 08:00:00,13352.519,28.483,3959.124,994.974,13927.111,995.381,0.517,10,0.4490000000005238
29574,2024-10-22 09:00:00,13352.628,28.505,3959.163,995.236,13927.226,995.644,0.185,10,0.1090000000003783
29574,2024-10-22 10:00:00,13352.868,28.509,3959.203,995.401,13927.468,995.809,0.246,10,0.2399999999997817
29574,2024-10-22 11:00:00,13353.147,28.509,3959.247,995.533,13927.748,995.941,0.322,10,0.2790000000004511
29574,2024-10-22 12:00:00,13353.282,28.509,3959.291,995.673,13927.89,996.081,0.195,10,0.1349999999983993
29574,2024-10-22 13:00:00,13353.46,28.509,3959.36,995.774,13928.08,996.182,0.215,10,0.1779999999998835
29574,2024-10-22 14:00:00,13353.583,28.509,3959.436,995.901,13928.22,996.308,0.165,10,0.1230000000014115
29574,2024-10-22 15:00:00,13353.879,28.509,3959.515,995.953,13928.526,996.36,0.358,10,0.2960000000002765
29574,2024-10-22 16:00:00,13353.993,28.509,3959.568,996.101,13928.65,996.508,0.152,10,0.113999999999578
29574,2024-10-22 17:00:00,13354.077,28.509,3959.607,996.281,13928.742,996.688,0.136,10,0.0839999999989231
29574,2024-10-22 18:00:00,13354.255,28.509,3959.642,996.399,13928.922,996.806,0.183,10,0.1779999999998835
29574,2024-10-22 19:00:00,13354.834,28.509,3959.721,996.479,13929.5,996.886,0.589,10,0.5790000000015425
29574,2024-10-22 20:00:00,13354.999,28.509,3959.772,996.605,13929.673,997.012,0.207,10,0.1649999999990541
29574,2024-10-22 21:00:00,13355.146,28.509,3959.83,996.762,13929.83,997.169,0.186,10,0.147000000000844
29574,2024-10-22 22:00:00,13355.436,28.509,3959.873,996.902,13930.12,997.309,0.296,10,0.2899999999990541
29574,2024-10-22 23:00:00,13355.624,28.509,3959.891,997.099,13930.306,997.506,0.211,10,0.1880000000001018
29574,2024-10-23 00:00:00,13355.908,28.509,3959.935,997.248,13930.59,997.655,0.311,10,0.2839999999996507
29574,2024-10-23 01:00:00,13356.083,28.509,3959.977,997.429,13930.77,997.836,0.192,10,0.1750000000010914
29574,2024-10-23 02:00:00,13356.348,28.509,3960.037,997.574,13931.041,997.981,0.293,10,0.2649999999994179
29574,2024-10-23 03:00:00,13356.53,28.509,3960.093,997.752,13931.232,998.159,0.21,10,0.1820000000006985
29574,2024-10-23 04:00:00,13356.707,28.509,3960.126,997.947,13931.411,998.354,0.201,10,0.1769999999996798
29574,2024-10-23 05:00:00,13356.866,28.509,3960.21,998.096,13931.587,998.503,0.199,10,0.1589999999996507
29574,2024-10-23 06:00:00,13357.062,28.509,3960.285,998.216,13931.796,998.623,0.187,10,0.1959999999999127
29574,2024-10-23 07:00:00,13357.268,28.509,3960.384,998.316,13932.022,998.722,0.192,10,0.2060000000001309
29574,2024-10-23 08:00:00,13357.786,28.509,3960.39,998.454,13932.52,998.86,0.477,10,0.5180000000000291
29574,2024-10-23 09:00:00,13357.858,28.546,3960.4,998.698,13932.592,999.105,0.126,10,0.0720000000001164
29574,2024-10-23 10:00:00,13358.012,28.552,3960.468,998.794,13932.759,999.202,0.147,10,0.1540000000004511
29574,2024-10-23 11:00:00,13358.084,28.552,3960.535,998.938,13932.847,999.345,0.119,10,0.0720000000001164
29574,2024-10-23 12:00:00,13358.167,28.553,3960.637,999.064,13932.956,999.471,0.152,10,0.0829999999987194
29574,2024-10-23 13:00:00,13358.243,28.553,3960.723,999.225,13933.053,999.632,0.138,10,0.0760000000009313
29574,2024-10-23 21:00:00,13359.888,28.554,3961.292,999.391,13934.792,999.798,0.175,10,0.1750000000010914
29574,2024-10-23 22:00:00,13360.058,28.554,3961.355,999.398,13934.973,999.805,0.169,10,0.1700000000000727
29574,2024-10-23 23:00:00,13360.26,28.554,3961.417,999.417,13935.184,999.824,0.202,10,0.201999999999316
29574,2024-10-24 00:00:00,13360.499,28.554,3961.462,999.437,13935.426,999.844,0.238,10,0.238999999999578
29574,2024-10-24 01:00:00,13360.742,28.554,3961.541,999.449,13935.682,999.856,0.243,10,0.2430000000003929
29574,2024-10-24 04:00:00,13361.484,28.554,3961.72,999.483,13936.444,999.89,0.313,10,0.3150000000005093
29574,2024-10-24 05:00:00,13361.696,28.554,3961.787,999.494,13936.666,999.901,0.212,10,0.2119999999995343
29574,2024-10-24 06:00:00,13361.894,28.554,3961.844,999.505,13936.872,999.912,0.197,10,0.1980000000003201
29574,2024-10-24 07:00:00,13362.389,28.554,3961.904,999.514,13937.364,999.921,0.494,10,0.4949999999989813
29574,2024-10-24 08:00:00,13362.629,28.554,3961.959,999.528,13937.61,999.935,0.239,10,0.2400000000016007
29574,2024-10-24 09:00:00,13362.873,28.554,3962.003,999.539,13937.856,999.946,0.244,10,0.2439999999987776
29574,2024-10-24 10:00:00,13363.053,28.554,3962.12,999.545,13938.062,999.952,0.18,10,0.180000000000291
29574,2024-10-24 11:00:00,13363.501,28.554,3962.183,999.553,13938.509,999.96,0.447,10,0.4480000000003201
29574,2024-10-24 12:00:00,13363.652,28.554,3962.243,999.56,13938.671,999.967,0.151,10,0.1509999999998399
29574,2024-10-24 13:00:00,13363.769,28.554,3962.317,999.565,13938.804,999.972,0.117,10,0.1170000000001891
29574,2024-10-24 14:00:00,13363.907,28.554,3962.39,999.571,13938.957,999.978,0.137,10,0.1379999999990104
29574,2024-10-24 15:00:00,13364.019,28.554,3962.439,999.579,13939.079,999.986,0.112,10,0.1120000000009895
29574,2024-10-24 16:00:00,13364.154,28.554,3962.518,999.583,13939.231,999.99,0.135,10,0.1350000000002182
29574,2024-10-24 17:00:00,13364.291,28.554,3962.588,999.588,13939.382,999.995,0.137,10,0.1369999999988067
29574,2024-10-24 18:00:00,13364.415,28.554,3962.648,999.593,13939.518,1000.0,0.123,10,0.1240000000016152
29574,2024-10-24 19:00:00,13364.613,28.554,3962.724,999.599,13939.729,1000.006,0.197,10,0.1979999999985011
29574,2024-10-24 20:00:00,13365.107,28.554,3962.774,999.605,13940.217,1000.012,0.494,10,0.4940000000005966
29574,2024-10-24 21:00:00,13365.346,28.554,3962.842,999.618,13940.465,1000.025,0.239,10,0.238999999999578
29574,2024-10-24 22:00:00,13365.572,28.554,3962.896,999.627,13940.697,1000.034,0.226,10,0.2260000000005675
29574,2024-10-24 23:00:00,13365.798,28.554,3962.963,999.635,13940.933,1000.042,0.226,10,0.2260000000005675
29574,2024-10-25 03:00:00,13366.775,28.554,3963.221,999.677,13941.943,1000.084,0.193,10,0.1939999999995052
29574,2024-10-25 04:00:00,13366.963,28.554,3963.289,999.684,13942.143,1000.091,0.188,10,0.1880000000001018
29574,2024-10-25 05:00:00,13367.177,28.554,3963.346,999.694,13942.364,1000.101,0.213,10,0.2139999999999418
29574,2024-10-25 06:00:00,13367.394,28.554,3963.403,999.71,13942.588,1000.117,0.216,10,0.2170000000005529
29574,2024-10-25 07:00:00,13367.571,28.554,3963.46,999.72,13942.774,1000.127,0.176,10,0.1769999999996798
29574,2024-10-25 08:00:00,13367.735,28.554,3963.517,999.723,13942.948,1000.13,0.163,10,0.1640000000006694
29574,2024-10-25 09:00:00,13367.902,28.554,3963.551,999.733,13943.118,1000.14,0.167,10,0.1669999999994615
29574,2024-10-25 10:00:00,13368.272,28.554,3963.671,999.737,13943.506,1000.144,0.37,10,0.3700000000008003
29574,2024-10-25 11:00:00,13368.464,28.554,3963.752,999.742,13943.713,1000.149,0.192,10,0.1919999999990977
29574,2024-10-25 12:00:00,13368.596,28.554,3963.803,999.749,13943.855,1000.156,0.131,10,0.1319999999996071
29574,2024-10-25 13:00:00,13368.755,28.554,3963.877,999.754,13944.028,1000.161,0.158,10,0.1589999999996507
29574,2024-10-25 14:00:00,13368.877,28.554,3963.927,999.764,13944.159,1000.171,0.121,10,0.1220000000012078
29574,2024-10-25 15:00:00,13369.042,28.554,3964.002,999.768,13944.339,1000.175,0.164,10,0.1649999999990541
29574,2024-10-25 16:00:00,13369.178,28.554,3964.059,999.776,13944.485,1000.183,0.136,10,0.136000000000422
29574,2024-10-25 17:00:00,13369.335,28.554,3964.125,999.777,13944.655,1000.184,0.156,10,0.1569999999992433
29574,2024-10-25 18:00:00,13369.549,28.554,3964.178,999.786,13944.875,1000.193,0.213,10,0.2140000000017607
29574,2024-10-25 19:00:00,13370.154,28.554,3964.369,999.786,13945.509,1000.193,0.605,10,0.6049999999995634
29574,2024-10-25 20:00:00,13370.489,28.554,3964.429,999.801,13945.847,1000.208,0.334,10,0.3349999999991269
29574,2024-10-25 21:00:00,13370.767,28.554,3964.491,999.823,13946.132,1000.23,0.277,10,0.2780000000002474
29574,2024-10-25 22:00:00,13371.034,28.554,3964.537,999.841,13946.401,1000.248,0.267,10,0.2669999999998254
29574,2024-10-25 23:00:00,13371.274,28.554,3964.609,999.852,13946.651,1000.259,0.24,10,0.2399999999997817
29574,2024-10-26 00:00:00,13371.501,28.554,3964.656,999.861,13946.882,1000.268,0.226,10,0.2270000000007712
29574,2024-10-27 00:00:00,13377.167,28.554,3966.174,1000.102,13952.746,1000.509,0.356,10,5.665999999999258
29574,2024-10-27 01:00:00,13377.325,28.554,3966.221,1000.118,13952.911,1000.525,0.157,10,0.158000000001266
29574,2024-10-27 02:00:00,13377.516,28.554,3966.304,1000.124,13953.117,1000.531,0.191,10,0.190999999998894
29574,2024-10-27 03:00:00,13377.663,28.554,3966.362,1000.135,13953.275,1000.542,0.146,10,0.147000000000844
29574,2024-10-27 04:00:00,13377.927,28.554,3966.445,1000.14,13953.552,1000.547,0.263,10,0.2639999999992142
29574,2024-10-27 05:00:00,13378.085,28.554,3966.512,1000.149,13953.722,1000.556,0.157,10,0.157999999999447
29574,2024-10-27 06:00:00,13378.253,28.554,3966.571,1000.153,13953.9,1000.56,0.167,10,0.1680000000014843
29574,2024-10-27 07:00:00,13378.573,28.554,3966.634,1000.16,13954.225,1000.567,0.319,10,0.3199999999997089
29574,2024-10-27 08:00:00,13378.974,28.554,3966.694,1000.166,13954.626,1000.573,0.4,10,0.4009999999998399
29574,2024-10-27 09:00:00,13379.124,28.554,3966.754,1000.171,13954.787,1000.578,0.149,10,0.1499999999996362
29574,2024-10-27 10:00:00,13379.265,28.554,3966.817,1000.177,13954.94,1000.584,0.141,10,0.1409999999996216
29574,2024-10-27 11:00:00,13379.368,28.554,3966.882,1000.184,13955.057,1000.591,0.103,10,0.1030000000009749
29574,2024-10-27 12:00:00,13379.573,28.554,3966.965,1000.186,13955.278,1000.593,0.204,10,0.2049999999999272
29574,2024-10-27 13:00:00,13379.7,28.554,3967.052,1000.19,13955.424,1000.597,0.126,10,0.1270000000004074
29574,2024-10-27 14:00:00,13379.969,28.554,3967.124,1000.198,13955.702,1000.605,0.269,10,0.2689999999984138
29574,2024-10-27 15:00:00,13380.096,28.554,3967.182,1000.206,13955.841,1000.613,0.126,10,0.1270000000004074
29574,2024-10-27 16:00:00,13380.233,28.554,3967.258,1000.211,13955.994,1000.618,0.137,10,0.1370000000006257
29574,2024-10-27 17:00:00,13380.361,28.554,3967.315,1000.218,13956.133,1000.625,0.128,10,0.1280000000006111
29574,2024-10-27 18:00:00,13380.528,28.554,3967.382,1000.222,13956.312,1000.629,0.166,10,0.1669999999994615
29574,2024-10-27 19:00:00,13381.07,28.554,3967.449,1000.227,13956.85,1000.634,0.542,10,0.5419999999994616
29574,2024-10-27 20:00:00,13381.308,28.554,3967.493,1000.241,13957.091,1000.648,0.237,10,0.2380000000011932
29574,2024-10-27 21:00:00,13381.894,28.554,3967.689,1000.242,13957.709,1000.649,0.586,10,0.5859999999993306
29574,2024-10-27 22:00:00,13382.116,28.554,3967.751,1000.253,13957.939,1000.66,0.221,10,0.2219999999997526
29574,2024-10-27 23:00:00,13382.511,28.554,3967.813,1000.27,13958.335,1000.677,0.394,10,0.3950000000004365
29574,2024-10-28 03:00:00,13383.33,28.554,3968.074,1000.317,13959.195,1000.724,0.207,10,0.2070000000003347
29574,2024-10-28 04:00:00,13383.514,28.554,3968.135,1000.329,13959.389,1000.736,0.184,10,0.1839999999992869
29574,2024-10-28 05:00:00,13383.715,28.554,3968.207,1000.34,13959.602,1000.747,0.2,10,0.2010000000009313
29574,2024-10-28 06:00:00,13383.893,28.554,3968.252,1000.35,13959.785,1000.757,0.177,10,0.1779999999998835
29574,2024-10-28 07:00:00,13384.424,28.554,3968.32,1000.358,13960.314,1000.765,0.531,10,0.5310000000008586
29574,2024-10-28 08:00:00,13384.645,28.554,3968.363,1000.366,13960.538,1000.773,0.221,10,0.2209999999995489
29574,2024-10-28 09:00:00,13384.789,28.554,3968.432,1000.373,13960.695,1000.78,0.143,10,0.1440000000002328
29574,2024-10-28 10:00:00,13384.912,28.554,3968.486,1000.381,13960.829,1000.788,0.122,10,0.1229999999995925
29574,2024-10-28 11:00:00,13385.09,28.554,3968.552,1000.388,13961.018,1000.795,0.177,10,0.1779999999998835
29574,2024-10-28 12:00:00,13385.481,28.554,3968.622,1000.391,13961.413,1000.798,0.391,10,0.3909999999996216
29574,2024-10-28 13:00:00,13385.65,28.554,3968.716,1000.396,13961.602,1000.803,0.168,10,0.168999999999869
29574,2024-10-28 14:00:00,13385.843,28.554,3968.796,1000.397,13961.809,1000.804,0.192,10,0.1930000000011205
29574,2024-10-28 15:00:00,13386.078,28.554,3968.89,1000.434,13962.061,1000.841,0.139,10,0.2349999999987631
29574,2024-10-28 16:00:00,13386.329,28.554,3968.956,1000.444,13962.321,1000.851,0.162,10,0.2510000000002037
29574,2024-10-29 02:00:00,13390.624,28.554,3969.767,1000.563,13966.669,1000.97,0.225,10,0.3709999999991851
29574,2024-10-29 03:00:00,13390.977,28.554,3969.835,1000.57,13967.027,1000.977,0.212,10,0.353000000000975
29574,2024-10-29 04:00:00,13391.334,28.554,3969.89,1000.586,13967.385,1000.993,0.222,10,0.3569999999999709
29574,2024-10-29 05:00:00,13391.661,28.554,3969.942,1000.597,13967.713,1001.004,0.198,10,0.326999999999316
29574,2024-10-29 06:00:00,13392.0,28.554,3970.009,1000.608,13968.057,1001.015,0.223,10,0.3389999999999418
29574,2024-10-29 07:00:00,13392.692,28.554,3970.065,1000.622,13968.737,1001.029,0.568,10,0.6919999999990978
29574,2024-10-29 08:00:00,13393.056,28.554,3970.162,1000.642,13969.113,1001.049,0.214,10,0.364000000001397
29574,2024-10-29 09:00:00,13393.333,28.554,3970.249,1000.671,13969.403,1001.078,0.128,10,0.2770000000000436
29574,2024-10-29 10:00:00,13393.605,28.554,3970.32,1000.683,13969.684,1001.09,0.141,10,0.271999999999025
29574,2024-10-29 11:00:00,13394.019,28.554,3970.38,1000.688,13970.098,1001.095,0.345,10,0.4140000000006694
29574,2024-10-29 12:00:00,13394.388,28.554,3970.504,1000.692,13970.487,1001.099,0.25,10,0.3690000000005966
29574,2024-10-29 13:00:00,13394.682,28.554,3970.604,1000.701,13970.798,1001.108,0.188,10,0.293999999999869
29574,2024-10-29 14:00:00,13394.971,28.554,3970.722,1000.708,13971.108,1001.115,0.182,10,0.2889999999988504
29574,2024-10-29 15:00:00,13395.194,28.554,3970.814,1000.713,13971.348,1001.12,0.119,10,0.2229999999999563
29574,2024-10-29 16:00:00,13395.457,28.554,3970.911,1000.72,13971.628,1001.127,0.161,10,0.2630000000008294
29574,2024-10-29 17:00:00,13395.765,28.554,3971.027,1000.724,13971.956,1001.131,0.165,10,0.3079999999990832
29574,2024-10-29 18:00:00,13396.101,28.554,3971.11,1000.745,13972.302,1001.152,0.654,10,0.3360000000011496
29574,2024-10-29 19:00:00,13396.683,28.554,3971.202,1000.756,13972.886,1001.163,0.306,10,0.5820000000003347
29574,2024-10-29 20:00:00,13397.037,28.554,3971.253,1000.765,13973.24,1001.172,0.235,10,0.3539999999993597
29574,2024-10-30 02:00:00,13398.872,28.554,3971.701,1000.792,13975.127,1001.199,0.173,10,0.2669999999998254
29574,2024-10-30 03:00:00,13399.169,28.554,3971.787,1000.793,13975.436,1001.2,0.21,10,0.2970000000004802
29574,2024-10-30 04:00:00,13399.43,28.554,3971.844,1000.794,13975.702,1001.201,0.173,10,0.261000000000422
29574,2024-10-30 05:00:00,13399.729,28.554,3971.93,1000.798,13976.013,1001.205,0.21,10,0.2989999999990687
29574,2024-10-30 06:00:00,13399.988,28.554,3971.982,1000.815,13976.277,1001.222,0.152,10,0.2590000000000145
29574,2024-10-30 07:00:00,13400.658,28.554,3972.062,1000.821,13976.942,1001.228,0.556,10,0.6700000000000728
29574,2024-10-30 08:00:00,13401.326,28.554,3972.235,1000.838,13977.631,1001.245,0.482,10,0.6679999999996653
29574,2024-10-30 09:00:00,13401.702,28.554,3972.333,1000.846,13978.02,1001.253,0.222,10,0.3760000000002037
29574,2024-10-30 10:00:00,13401.933,28.554,3972.428,1000.854,13978.268,1001.261,0.144,10,0.2310000000015861
29574,2024-10-30 11:00:00,13402.598,28.554,3972.541,1000.864,13978.938,1001.271,0.61,10,0.6649999999990541
29574,2024-10-30 12:00:00,13402.951,28.554,3972.664,1000.882,13979.311,1001.289,0.24,10,0.352999999999156
29574,2024-10-30 13:00:00,13403.23,28.554,3972.777,1000.901,13979.611,1001.308,0.155,10,0.2790000000004511
29574,2024-10-30 14:00:00,13403.506,28.554,3972.864,1000.919,13979.9,1001.326,0.152,10,0.2759999999998399
29574,2024-10-30 15:00:00,13403.78,28.554,3972.947,1000.947,13980.186,1001.354,0.14,10,0.2740000000012514
29574,2024-10-30 16:00:00,13404.088,28.554,3973.037,1000.962,13980.507,1001.369,0.186,10,0.3079999999990832
29574,2024-10-30 17:00:00,13404.505,28.554,3973.12,1000.971,13980.931,1001.378,0.291,10,0.4169999999994616
29574,2024-10-30 18:00:00,13404.87,28.554,3973.187,1000.979,13981.3,1001.386,0.225,10,0.3650000000016007
29574,2024-10-30 19:00:00,13405.664,28.554,3973.263,1000.999,13982.083,1001.406,0.659,10,0.793999999999869
29574,2024-10-30 20:00:00,13406.133,28.554,3973.349,1001.021,13982.557,1001.428,0.33,10,0.4689999999991414
29574,2024-10-30 21:00:00,13406.581,28.554,3973.407,1001.038,13983.003,1001.445,0.299,10,0.4480000000003201
29574,2024-10-30 22:00:00,13407.003,28.554,3973.476,1001.042,13983.427,1001.449,0.277,10,0.4220000000004802
29574,2024-10-30 23:00:00,13407.439,28.554,3973.565,1001.05,13983.87,1001.457,0.281,10,0.4359999999996944
29574,2024-10-31 03:00:00,13408.948,28.554,3973.801,1001.087,13985.384,1001.494,0.217,10,0.3549999999995634
29574,2024-10-31 04:00:00,13409.314,28.554,3973.865,1001.097,13985.753,1001.504,0.248,10,0.3659999999999854
29574,2024-10-31 05:00:00,13409.667,28.554,3973.954,1001.108,13986.117,1001.515,0.222,10,0.352999999999156
29574,2024-10-31 06:00:00,13410.034,28.554,3974.008,1001.115,13986.484,1001.522,0.262,10,0.3670000000001892
29574,2024-10-31 07:00:00,13410.46,28.554,3974.145,1001.127,13986.931,1001.534,0.278,10,0.4259999999994761
29574,2024-10-31 08:00:00,13410.785,28.554,3974.221,1001.135,13987.265,1001.542,0.216,10,0.3250000000007276
29574,2024-10-31 09:00:00,13411.091,28.554,3974.314,1001.162,13987.584,1001.569,0.159,10,0.3060000000004947
29574,2024-10-31 10:00:00,13411.717,28.554,3974.434,1001.181,13988.219,1001.588,0.518,10,0.6260000000002037
29574,2024-10-31 11:00:00,13411.992,28.554,3974.489,1001.203,13988.498,1001.61,0.175,10,0.2749999999996362
29574,2024-10-31 12:00:00,13412.196,28.556,3974.646,1001.29,13988.738,1001.697,0.209,10,0.2039999999997235
29574,2024-10-31 13:00:00,13412.589,28.556,3974.74,1001.297,13989.142,1001.704,0.265,10,0.3930000000000291
29574,2024-10-31 14:00:00,13412.835,28.556,3974.812,1001.313,13989.398,1001.72,0.137,10,0.2459999999991851
29574,2024-10-31 15:00:00,13413.17,28.556,3974.89,1001.323,13989.741,1001.73,0.233,10,0.3350000000009459
29574,2024-10-31 16:00:00,13413.474,28.556,3974.971,1001.342,13990.056,1001.749,0.187,10,0.3040000000000873
29574,2024-10-31 17:00:00,13414.516,28.556,3975.027,1001.349,13991.071,1001.756,0.936,10,1.0419999999994616
29574,2024-10-31 18:00:00,13414.908,28.556,3975.126,1001.372,13991.475,1001.779,0.547,10,0.3919999999998254
29574,2024-10-31 19:00:00,13415.625,28.556,3975.199,1001.381,13992.183,1001.788,0.619,10,0.717000000000553
29574,2024-10-31 20:00:00,13416.035,28.556,3975.282,1001.444,13992.6,1001.851,0.318,10,0.4099999999998545
29574,2024-10-31 21:00:00,13416.56,28.556,3975.429,1001.456,13993.145,1001.863,0.424,10,0.5249999999996362
29574,2024-10-31 22:00:00,13416.939,28.556,3975.534,1001.473,13993.538,1001.88,0.286,10,0.3790000000008149
29574,2024-10-31 23:00:00,13417.319,28.556,3975.62,1001.491,13993.927,1001.898,0.279,10,0.3799999999991996
29574,2024-11-01 00:00:00,13417.681,28.556,3975.732,1001.504,13994.306,1001.911,0.256,10,0.3620000000009895
29574,2024-11-01 01:00:00,13418.016,28.556,3975.801,1001.517,13994.647,1001.924,0.224,10,0.3349999999991269
29574,2024-11-01 02:00:00,13418.356,28.556,3975.894,1001.526,13994.999,1001.933,0.251,10,0.3400000000001455
29574,2024-11-01 03:00:00,13418.68,28.556,3975.954,1001.557,13995.327,1001.964,0.292,10,0.3240000000005238
29574,2024-11-01 04:00:00,13418.97,28.556,3976.004,1001.58,13995.619,1001.986,0.248,10,0.2899999999990541
29574,2024-11-01 05:00:00,13419.32,28.556,3976.09,1001.591,13995.979,1001.997,0.26,10,0.3500000000003638
29574,2024-11-01 06:00:00,13419.701,28.556,3976.131,1001.601,13996.356,1002.007,0.27,10,0.3809999999994033
29574,2024-11-01 07:00:00,13420.098,28.556,3976.288,1001.616,13996.781,1002.022,0.289,10,0.397000000000844
29574,2024-11-01 08:00:00,13420.417,28.556,3976.373,1001.623,13997.111,1002.029,0.22,10,0.3189999999995052
29574,2024-11-01 09:00:00,13420.785,28.556,3976.468,1001.633,13997.491,1002.039,0.227,10,0.3680000000003929
29574,2024-11-01 10:00:00,13421.131,28.556,3976.544,1001.656,13997.844,1002.062,0.284,10,0.3459999999995489
29574,2024-11-01 11:00:00,13421.492,28.556,3976.63,1001.661,13998.215,1002.067,0.274,10,0.3610000000007858
29574,2024-11-01 12:00:00,13422.124,28.556,3976.718,1001.669,13998.846,1002.075,0.564,10,0.6319999999996071
29574,2024-11-01 13:00:00,13422.363,28.556,3976.81,1001.676,13999.101,1002.082,0.139,10,0.238999999999578
29574,2024-11-01 14:00:00,13422.711,28.556,3976.935,1001.699,13999.47,1002.105,0.245,10,0.3479999999999563
29574,2024-11-01 15:00:00,13422.957,28.556,3977.039,1001.713,13999.736,1002.119,0.167,10,0.246000000001004
29574,2024-11-01 16:00:00,13423.259,28.556,3977.17,1001.737,14000.062,1002.143,0.192,10,0.3019999999996798
29574,2024-11-01 17:00:00,13423.514,28.556,3977.249,1001.756,14000.329,1002.162,0.149,10,0.2549999999991996
29574,2024-11-01 18:00:00,13423.863,28.556,3977.346,1001.78,14000.692,1002.186,0.278,10,0.34900000000016
29574,2024-11-01 19:00:00,13424.307,28.556,3977.468,1001.788,14001.152,1002.194,0.351,10,0.4440000000013242
29574,2024-11-01 20:00:00,13424.92,28.556,3977.589,1001.795,14001.774,1002.201,0.491,10,0.6129999999993743
29574,2024-11-01 21:00:00,13425.28,28.556,3977.7,1001.801,14002.151,1002.207,0.249,10,0.3600000000005821
29574,2024-11-02 02:00:00,13427.149,28.556,3978.111,1001.845,14004.06,1002.251,0.237,10,0.3349999999991269
29574,2024-11-02 03:00:00,13427.479,28.556,3978.187,1001.861,14004.398,1002.267,0.236,10,0.3299999999999272
29574,2024-11-02 04:00:00,13427.861,28.556,3978.327,1001.864,14004.804,1002.27,0.293,10,0.3820000000014261
29574,2024-11-02 05:00:00,13428.186,28.556,3978.419,1001.877,14005.141,1002.283,0.227,10,0.3249999999989086
29574,2024-11-02 06:00:00,13428.5,28.556,3978.504,1001.885,14005.467,1002.291,0.211,10,0.3140000000003056
29574,2024-11-02 07:00:00,13428.814,28.556,3978.602,1001.909,14005.795,1002.315,0.22,10,0.3140000000003056
29574,2024-11-02 08:00:00,13429.216,28.556,3978.717,1001.962,14006.214,1002.368,0.251,10,0.4020000000000436
29574,2024-11-02 09:00:00,13429.555,28.556,3978.808,1001.979,14006.564,1002.385,0.173,10,0.3389999999999418
29574,2024-11-02 10:00:00,13429.867,28.556,3978.902,1002.014,14006.89,1002.42,0.133,10,0.3119999999998981
29574,2024-11-02 11:00:00,13430.057,28.556,3978.982,1002.028,14007.095,1002.434,0.126,10,0.1900000000005093
29574,2024-11-02 12:00:00,13430.237,28.556,3979.06,1002.034,14007.29,1002.44,0.126,10,0.179999999998472
29574,2024-11-02 13:00:00,13430.458,28.556,3979.14,1002.04,14007.525,1002.446,0.143,10,0.2210000000013678
29574,2024-11-02 14:00:00,13430.741,28.556,3979.222,1002.045,14007.819,1002.451,0.19,10,0.282999999999447
29574,2024-11-02 15:00:00,13431.009,28.556,3979.301,1002.052,14008.099,1002.458,0.183,10,0.2680000000000291
29574,2024-11-02 16:00:00,13431.348,28.556,3979.405,1002.069,14008.453,1002.475,0.253,10,0.3389999999999418
29574,2024-11-02 17:00:00,13431.74,28.556,3979.536,1002.079,14008.866,1002.485,0.302,10,0.3919999999998254
29574,2024-11-02 18:00:00,13432.036,28.556,3979.632,1002.094,14009.177,1002.5,0.226,10,0.2960000000002765
29574,2024-11-02 19:00:00,13432.396,28.556,3979.745,1002.109,14009.555,1002.515,0.278,10,0.3600000000005821
29574,2024-11-02 20:00:00,13432.775,28.556,3979.846,1002.119,14009.947,1002.525,0.287,10,0.3789999999989959
29574,2024-11-02 21:00:00,13433.418,28.556,3979.937,1002.131,14010.589,1002.537,0.534,10,0.6430000000000291
29574,2024-11-02 22:00:00,13434.136,28.556,3980.036,1002.143,14011.306,1002.549,0.634,10,0.7180000000007567
29574,2024-11-02 23:00:00,13434.623,28.556,3980.118,1002.147,14011.796,1002.553,0.388,10,0.4869999999991705
29574,2024-11-03 02:00:00,13435.907,28.556,3980.494,1002.163,14013.134,1002.569,0.193,10,0.2969999999986612
29574,2024-11-03 03:00:00,13436.154,28.556,3980.58,1002.179,14013.395,1002.585,0.199,10,0.2470000000012078
29574,2024-11-03 04:00:00,13436.389,28.556,3980.645,1002.21,14013.639,1002.616,0.183,10,0.2349999999987631
29574,2024-11-03 05:00:00,13436.614,28.556,3980.7,1002.241,14013.87,1002.647,0.17,10,0.2250000000003638
29574,2024-11-03 06:00:00,13436.921,28.556,3980.785,1002.247,14014.189,1002.653,0.187,10,0.3070000000006985
29574,2024-11-03 07:00:00,13437.148,28.556,3980.884,1002.261,14014.434,1002.667,0.158,10,0.2269999999989522
29574,2024-11-03 08:00:00,13437.393,28.556,3980.952,1002.267,14014.689,1002.673,0.156,10,0.2450000000008003
29574,2024-11-03 09:00:00,13437.832,28.556,3981.051,1002.283,14015.138,1002.689,0.319,10,0.4390000000003056
29574,2024-11-03 10:00:00,13438.154,28.556,3981.116,1002.296,14015.465,1002.702,0.194,10,0.3220000000001164
29574,2024-11-03 11:00:00,13438.636,28.556,3981.198,1002.308,14015.95,1002.714,0.347,10,0.4819999999999709
29574,2024-11-03 12:00:00,13438.928,28.556,3981.286,1002.312,14016.255,1002.718,0.203,10,0.2919999999994616
29574,2024-11-03 13:00:00,13439.198,28.556,3981.377,1002.315,14016.54,1002.721,0.161,10,0.2700000000004365
29574,2024-11-03 14:00:00,13439.481,28.556,3981.491,1002.336,14016.844,1002.742,0.145,10,0.282999999999447
29574,2024-11-03 15:00:00,13439.733,28.556,3981.591,1002.348,14017.114,1002.754,0.131,10,0.2520000000004074
29574,2024-11-03 16:00:00,13439.942,28.556,3981.666,1002.363,14017.335,1002.769,0.098,10,0.2089999999989231
29574,2024-11-03 17:00:00,13440.167,28.556,3981.794,1002.379,14017.587,1002.785,0.136,10,0.2250000000003638
29574,2024-11-03 18:00:00,13440.397,28.556,3981.902,1002.407,14017.839,1002.813,0.133,10,0.2300000000013824
29574,2024-11-03 19:00:00,13440.867,28.556,3982.044,1002.418,14018.33,1002.824,0.38,10,0.4699999999993451
29574,2024-11-03 20:00:00,13441.619,28.556,3982.175,1002.425,14019.088,1002.831,0.67,10,0.7520000000004075
29574,2024-11-03 21:00:00,13442.181,28.556,3982.241,1002.433,14019.645,1002.839,0.453,10,0.5619999999998981
29574,2024-11-03 22:00:00,13442.755,28.556,3982.365,1002.437,14020.231,1002.843,0.454,10,0.5739999999987049
29574,2024-11-03 23:00:00,13443.231,28.556,3982.466,1002.442,14020.716,1002.848,0.372,10,0.4760000000005675
29574,2024-11-04 00:00:00,13443.589,28.556,3982.552,1002.464,14021.084,1002.87,0.253,10,0.3580000000001746
29574,2024-11-04 01:00:00,13443.92,28.556,3982.653,1002.476,14021.43,1002.882,0.215,10,0.3310000000001309
29574,2024-11-04 02:00:00,13444.188,28.556,3982.739,1002.49,14021.711,1002.896,0.151,10,0.2680000000000291
29574,2024-11-04 03:00:00,13444.46,28.556,3982.812,1002.498,14021.993,1002.904,0.161,10,0.271999999999025
29574,2024-11-04 04:00:00,13444.712,28.556,3982.872,1002.512,14022.251,1002.918,0.133,10,0.2520000000004074
29574,2024-11-04 05:00:00,13444.968,28.556,3982.958,1002.514,14022.521,1002.92,0.153,10,0.2560000000012223
29574,2024-11-04 06:00:00,13445.212,28.556,3983.044,1002.517,14022.78,1002.923,0.137,10,0.2439999999987776
29574,2024-11-04 07:00:00,13445.48,28.556,3983.119,1002.526,14023.058,1002.932,0.15,10,0.2680000000000291
29574,2024-11-04 08:00:00,13445.772,28.556,3983.202,1002.546,14023.362,1002.952,0.131,10,0.2920000000012805
29574,2024-11-04 09:00:00,13446.05,28.556,3983.274,1002.557,14023.649,1002.963,0.144,10,0.2779999999984284
29574,2024-11-04 10:00:00,13446.495,28.556,3983.361,1002.562,14024.1,1002.968,0.27,10,0.4450000000015279
29574,2024-11-04 11:00:00,13447.141,28.556,3983.446,1002.573,14024.743,1002.979,0.458,10,0.6459999999988213
29574,2024-11-04 12:00:00,13447.502,28.556,3983.545,1002.58,14025.118,1002.986,0.19,10,0.3610000000007858
29574,2024-11-04 13:00:00,13447.8,28.556,3983.608,1002.597,14025.421,1003.003,0.148,10,0.2979999999988649
29574,2024-11-04 14:00:00,13448.107,28.556,3983.716,1002.607,14025.746,1003.013,0.135,10,0.3070000000006985
29574,2024-11-04 15:00:00,13448.387,28.556,3983.804,1002.626,14026.04,1003.032,0.18,10,0.2800000000006548
29574,2024-11-04 16:00:00,13448.619,28.556,3983.883,1002.649,14026.285,1003.055,0.111,10,0.2319999999999709
29574,2024-11-04 17:00:00,13448.917,28.556,3983.998,1002.667,14026.603,1003.073,0.145,10,0.2979999999988649
29574,2024-11-04 18:00:00,13449.26,28.556,3984.036,1002.684,14026.943,1003.09,0.287,10,0.3430000000007567
29574,2024-11-04 19:00:00,13449.686,28.556,3984.184,1002.69,14027.393,1003.096,0.295,10,0.4259999999994761
29574,2024-11-04 20:00:00,13449.953,28.556,3984.281,1002.708,14027.677,1003.114,0.149,10,0.2669999999998254
29574,2024-11-04 21:00:00,13450.196,28.556,3984.349,1002.729,14027.929,1003.135,0.13,10,0.2430000000003929
29574,2024-11-04 22:00:00,13450.442,28.556,3984.422,1002.745,14028.186,1003.151,0.111,10,0.2459999999991851
29574,2024-11-04 23:00:00,13450.692,28.556,3984.525,1002.769,14028.455,1003.175,0.133,10,0.25
29574,2024-11-06 02:00:00,13462.018,28.556,3986.498,1003.197,14039.875,1003.603,0.168,10,0.2770000000000436
29574,2024-11-06 03:00:00,13462.288,28.556,3986.557,1003.206,14040.15,1003.612,0.166,10,0.2700000000004365
29574,2024-11-06 04:00:00,13462.559,28.556,3986.611,1003.216,14040.425,1003.622,0.161,10,0.2709999999988213
29574,2024-11-06 05:00:00,13462.814,28.556,3986.655,1003.223,14040.682,1003.629,0.149,10,0.2550000000010186
29574,2024-11-06 06:00:00,13463.08,28.556,3986.709,1003.234,14040.953,1003.64,0.156,10,0.2659999999996216
29574,2024-11-06 07:00:00,13463.732,28.556,3986.794,1003.244,14041.602,1003.65,0.521,10,0.6520000000000437
29574,2024-11-06 08:00:00,13464.085,28.556,3986.84,1003.253,14041.954,1003.659,0.19,10,0.352999999999156
29574,2024-11-06 09:00:00,13464.346,28.556,3986.892,1003.264,14042.219,1003.67,0.122,10,0.261000000000422
29574,2024-11-06 10:00:00,13464.773,28.556,3986.949,1003.27,14042.644,1003.676,0.304,10,0.4269999999996798
29574,2024-11-06 11:00:00,13465.017,28.556,3987.005,1003.281,14042.894,1003.687,0.105,10,0.2440000000005966
29574,2024-11-06 12:00:00,13465.934,28.556,3987.073,1003.283,14043.793,1003.689,0.809,10,0.9169999999994616
29574,2024-11-06 13:00:00,13466.28,28.556,3987.151,1003.286,14044.147,1003.692,0.238,10,0.3460000000013679
29574,2024-11-06 14:00:00,13466.637,28.556,3987.22,1003.295,14044.509,1003.701,0.275,10,0.3569999999999709
29574,2024-11-06 15:00:00,13467.606,28.556,3987.348,1003.297,14045.474,1003.703,0.904,10,0.9689999999991414
29574,2024-11-06 16:00:00,13468.771,28.556,3987.487,1003.298,14046.631,1003.704,1.09,10,1.1650000000008731
29574,2024-11-06 17:00:00,13469.646,28.556,3987.554,1003.3,14047.489,1003.706,0.776,10,0.875
29574,2024-11-06 18:00:00,13470.976,28.556,3987.6,1003.307,14048.777,1003.713,1.289,10,1.3299999999999272
29574,2024-11-06 19:00:00,13472.02,28.556,3987.664,1003.316,14049.796,1003.722,0.956,10,1.043999999999869
29574,2024-11-06 20:00:00,13473.586,28.556,3987.709,1003.333,14051.311,1003.739,1.522,10,1.565999999998894
29574,2024-11-06 21:00:00,13474.125,28.556,3987.787,1003.345,14051.85,1003.751,0.611,10,0.5390000000006694
29574,2024-11-06 22:00:00,13474.739,28.556,3987.862,1003.349,14052.46,1003.755,0.517,10,0.613999999999578
29574,2024-11-07 03:00:00,13476.344,28.556,3988.187,1003.401,14054.091,1003.807,0.124,10,0.2770000000000436
29574,2024-11-07 04:00:00,13476.64,28.556,3988.252,1003.411,14054.393,1003.817,0.14,10,0.2960000000002765
29574,2024-11-07 05:00:00,13476.922,28.556,3988.297,1003.423,14054.676,1003.829,0.13,10,0.2820000000010623
29574,2024-11-07 08:00:00,13478.686,28.556,3988.457,1003.447,14056.413,1003.853,0.079,10,0.8099999999994907
29574,2024-11-07 09:00:00,13479.017,28.556,3988.576,1003.491,14056.764,1003.897,0.191,10,0.3310000000001309
29574,2024-11-07 10:00:00,13479.216,28.556,3988.645,1003.52,14056.975,1003.926,0.107,10,0.1990000000005238
29574,2024-11-07 11:00:00,13479.742,28.556,3988.702,1003.527,14057.495,1003.933,0.449,10,0.5259999999998399
29574,2024-11-07 12:00:00,13480.297,28.556,3988.741,1003.532,14058.039,1003.938,0.473,10,0.555000000000291
29574,2024-11-07 13:00:00,13480.674,28.556,3988.829,1003.538,14058.425,1003.944,0.281,10,0.3770000000004074
29574,2024-11-07 14:00:00,13480.9,28.556,3988.896,1003.542,14058.661,1003.948,0.123,10,0.2259999999987485
29574,2024-11-07 15:00:00,13481.237,28.556,3988.955,1003.551,14059.001,1003.957,0.229,10,0.3369999999995343
29574,2024-11-07 16:00:00,13481.517,28.556,3989.014,1003.56,14059.286,1003.966,0.121,10,0.2800000000006548
29574,2024-11-07 17:00:00,13481.925,28.556,3989.091,1003.564,14059.699,1003.97,0.302,10,0.407999999999447
29574,2024-11-07 18:00:00,13482.348,28.556,3989.153,1003.573,14060.122,1003.979,0.319,10,0.4230000000006839
29574,2024-11-07 19:00:00,13483.211,28.556,3989.232,1003.581,14060.972,1003.987,0.757,10,0.8629999999993743
29574,2024-11-07 20:00:00,13484.505,28.556,3989.403,1003.581,14062.261,1003.987,1.242,10,1.293999999999869
29574,2024-11-07 21:00:00,13485.59,28.556,3989.512,1003.581,14063.333,1003.987,1.011,10,1.085000000000946
29574,2024-11-07 22:00:00,13485.933,28.556,3989.581,1003.583,14063.681,1003.989,0.252,10,0.3430000000007567
29574,2024-11-07 23:00:00,13486.273,28.556,3989.628,1003.606,14064.021,1004.012,0.209,10,0.3399999999983265
29574,2024-11-08 00:00:00,13486.571,28.556,3989.672,1003.617,14064.319,1004.023,0.186,10,0.2980000000006839
29574,2024-11-08 01:00:00,13486.964,28.556,3989.721,1003.634,14064.71,1004.04,0.277,10,0.3930000000000291
29574,2024-11-08 02:00:00,13487.296,28.556,3989.772,1003.674,14065.042,1004.08,0.211,10,0.3320000000003347
29574,2024-11-08 03:00:00,13487.614,28.556,3989.818,1003.709,14065.36,1004.115,0.2,10,0.3179999999993015
29574,2024-11-08 04:00:00,13487.924,28.556,3989.867,1003.74,14065.672,1004.146,0.192,10,0.3100000000013097
29574,2024-11-08 05:00:00,13488.219,28.556,3989.914,1003.768,14065.968,1004.174,0.177,10,0.2949999999982537
29574,2024-11-08 06:00:00,13488.509,28.556,3989.956,1003.8,14066.258,1004.206,0.156,10,0.2900000000008731
29574,2024-11-08 07:00:00,13488.837,28.556,3990.024,1003.81,14066.592,1004.216,0.256,10,0.3279999999995198
29574,2024-11-08 08:00:00,13489.926,28.556,3990.098,1003.815,14067.657,1004.221,1.66,10,1.0889999999999418
29574,2024-11-08 09:00:00,13490.674,28.556,3990.176,1003.827,14068.396,1004.233,0.59,10,0.7480000000014115
29574,2024-11-08 10:00:00,13491.029,28.556,3990.259,1003.836,14068.76,1004.242,0.234,10,0.3549999999995634
29574,2024-11-08 11:00:00,13492.378,28.556,3990.311,1003.845,14070.069,1004.251,1.298,10,1.34900000000016
29574,2024-11-08 12:00:00,13492.772,28.556,3990.379,1003.866,14070.466,1004.272,0.266,10,0.3940000000002328
29574,2024-11-08 13:00:00,13493.027,28.556,3990.509,1003.869,14070.747,1004.275,0.16,10,0.2549999999991996
29574,2024-11-08 14:00:00,13493.264,28.556,3990.579,1003.882,14070.994,1004.288,0.127,10,0.2369999999991705
29574,2024-11-08 15:00:00,13493.477,28.556,3990.634,1003.909,14071.214,1004.315,0.13,10,0.213000000001557
29574,2024-11-08 16:00:00,13493.847,28.556,3990.696,1003.921,14071.587,1004.327,0.245,10,0.3699999999989813
29574,2024-11-08 17:00:00,13494.152,28.556,3990.763,1003.923,14071.898,1004.329,0.169,10,0.305000000000291
29574,2024-11-08 18:00:00,13494.472,28.556,3990.822,1003.937,14072.222,1004.343,0.197,10,0.3199999999997089
29574,2024-11-08 19:00:00,13495.846,28.556,3990.88,1003.943,14073.556,1004.349,1.319,10,1.3739999999997965
29574,2024-11-08 20:00:00,13496.217,28.556,3990.93,1003.961,14073.926,1004.367,0.276,10,0.3710000000010041
29574,2024-11-08 21:00:00,13497.374,28.556,3991.014,1003.974,14075.059,1004.38,1.096,10,1.1569999999992433
29574,2024-11-08 22:00:00,13497.771,28.556,3991.101,1003.979,14075.464,1004.385,0.296,10,0.397000000000844
29574,2024-11-08 23:00:00,13498.202,28.556,3991.164,1003.983,14075.895,1004.389,0.349,10,0.4309999999986758
29574,2024-11-09 00:00:00,13498.374,28.563,3991.216,1004.013,14076.075,1004.419,0.114,10,0.1720000000004802
29574,2024-11-09 01:00:00,13498.573,28.563,3991.285,1004.016,14076.286,1004.422,0.13,10,0.1990000000005238
29574,2024-11-09 04:00:00,13499.184,28.563,3991.428,1004.055,14076.912,1004.461,0.118,10,0.1999999999989086
29574,2024-11-09 05:00:00,13499.376,28.563,3991.48,1004.076,14077.111,1004.482,0.108,10,0.1920000000009167
29574,2024-11-09 06:00:00,13499.612,28.563,3991.538,1004.086,14077.354,1004.492,0.129,10,0.2359999999989668
29574,2024-11-09 07:00:00,13499.952,28.563,3991.597,1004.093,14077.696,1004.499,0.24,10,0.3400000000001455
29574,2024-11-09 08:00:00,13500.185,28.563,3991.659,1004.101,14077.937,1004.507,0.093,10,0.2330000000001746
29574,2024-11-09 09:00:00,13500.357,28.563,3991.723,1004.128,14078.121,1004.534,0.08,10,0.1720000000004802
29574,2024-11-09 10:00:00,13500.826,28.563,3991.795,1004.141,14078.591,1004.547,0.356,10,0.4689999999991414
29574,2024-11-09 11:00:00,13502.073,28.563,3991.858,1004.143,14079.804,1004.549,1.193,10,1.2470000000012078
29574,2024-11-09 12:00:00,13503.167,28.563,3992.026,1004.143,14080.901,1004.549,1.019,10,1.0939999999991414
29574,2024-11-09 13:00:00,13503.855,28.563,3992.168,1004.143,14081.601,1004.549,0.611,10,0.6880000000001019
29574,2024-11-09 14:00:00,13505.554,28.563,3992.268,1004.143,14083.259,1004.549,1.669,10,1.699000000000524
29574,2024-11-09 15:00:00,13506.097,28.563,3992.334,1004.145,14083.798,1004.551,0.455,10,0.5429999999996653
29574,2024-11-09 16:00:00,13507.316,28.563,3992.425,1004.145,14084.993,1004.551,1.156,10,1.2190000000009604
29574,2024-11-09 17:00:00,13507.734,28.563,3992.493,1004.157,14085.413,1004.563,0.268,10,0.4179999999996653
29574,2024-11-09 18:00:00,13508.169,28.563,3992.545,1004.172,14085.845,1004.578,0.306,10,0.4349999999994907
29574,2024-11-09 19:00:00,13508.716,28.563,3992.598,1004.189,14086.385,1004.595,0.44,10,0.5470000000004802
29574,2024-11-09 20:00:00,13509.645,28.563,3992.664,1004.197,14087.294,1004.603,0.886,10,0.9290000000000872
29574,2024-11-09 21:00:00,13510.14,28.563,3992.704,1004.222,14087.78,1004.628,0.428,10,0.4949999999989813
29574,2024-11-09 22:00:00,13510.79,28.563,3992.74,1004.27,14088.414,1004.676,0.621,10,0.6500000000014552
29574,2024-11-09 23:00:00,13511.05,28.563,3992.775,1004.314,14088.673,1004.72,0.2,10,0.2599999999983993
29574,2024-11-10 03:00:00,13512.054,28.563,3992.977,1004.395,14089.693,1004.801,0.119,10,0.2309999999997671
29574,2024-11-10 04:00:00,13512.275,28.563,3993.043,1004.401,14089.924,1004.807,0.109,10,0.2209999999995489
29574,2024-11-10 05:00:00,13512.501,28.563,3993.099,1004.403,14090.156,1004.809,0.11,10,0.2260000000005675
29574,2024-11-10 06:00:00,13512.736,28.563,3993.15,1004.413,14090.396,1004.819,0.111,10,0.235000000000582
29574,2024-11-10 07:00:00,13513.198,28.563,3993.194,1004.42,14090.852,1004.826,0.369,10,0.4619999999995343
29574,2024-11-10 08:00:00,13513.569,28.563,3993.25,1004.428,14091.223,1004.834,0.195,10,0.3709999999991851
29574,2024-11-10 09:00:00,13513.901,28.563,3993.315,1004.434,14091.56,1004.84,0.146,10,0.3320000000003347
29574,2024-11-10 10:00:00,13514.535,28.563,3993.37,1004.446,14092.184,1004.852,0.577,10,0.6340000000000146
29574,2024-11-10 11:00:00,13514.948,28.563,3993.438,1004.454,14092.599,1004.86,0.326,10,0.4130000000004656
29574,2024-11-10 12:00:00,13515.917,28.563,3993.493,1004.466,14093.544,1004.872,1.27,10,0.9689999999991414
29574,2024-11-10 19:00:00,13519.408,28.563,3993.964,1004.499,14097.025,1004.905,0.311,10,0.4560000000001309
29574,2024-11-10 20:00:00,13520.876,28.563,3994.021,1004.512,14098.449,1004.918,1.358,10,1.4680000000007567
29574,2024-11-10 21:00:00,13522.113,28.563,3994.072,1004.528,14099.65,1004.934,1.126,10,1.2369999999991703
29574,2024-11-10 22:00:00,13522.493,28.563,3994.12,1004.54,14100.028,1004.945,0.216,10,0.3800000000010186
29574,2024-11-10 23:00:00,13522.941,28.563,3994.191,1004.543,14100.478,1004.948,0.32,10,0.4480000000003201
29574,2024-11-11 02:00:00,13523.757,28.563,3994.355,1004.582,14101.307,1004.987,0.113,10,0.2579999999998108
29574,2024-11-11 03:00:00,13523.994,28.563,3994.393,1004.611,14101.545,1005.016,0.093,10,0.2370000000009895
29574,2024-11-11 04:00:00,13524.264,28.563,3994.451,1004.628,14101.821,1005.033,0.127,10,0.2699999999986175
29574,2024-11-11 05:00:00,13524.529,28.563,3994.497,1004.649,14102.088,1005.054,0.11,10,0.2650000000012369
29574,2024-11-11 06:00:00,13524.762,28.563,3994.545,1004.667,14102.325,1005.072,0.115,10,0.2330000000001746
29574,2024-11-11 07:00:00,13525.365,28.563,3994.602,1004.677,14102.919,1005.082,0.491,10,0.602999999999156
29574,2024-11-11 08:00:00,13525.968,28.563,3994.714,1004.678,14103.529,1005.083,0.419,10,0.603000000000975
29574,2024-11-11 09:00:00,13526.655,28.563,3994.801,1004.681,14104.213,1005.086,0.511,10,0.6869999999998981
29574,2024-11-11 10:00:00,13527.695,28.563,3994.852,1004.686,14105.225,1005.091,0.935,10,1.039999999999054
29574,2024-11-11 11:00:00,13528.538,28.563,3994.903,1004.691,14106.048,1005.096,0.757,10,0.8430000000007567
29574,2024-11-11 12:00:00,13528.842,28.563,3994.971,1004.697,14106.358,1005.102,0.196,10,0.3040000000000873
29574,2024-11-11 13:00:00,13529.09,28.563,3995.053,1004.705,14106.619,1005.11,0.162,10,0.2479999999995925
29574,2024-11-11 14:00:00,13529.743,28.563,3995.107,1004.714,14107.261,1005.119,0.568,10,0.6530000000002474
29574,2024-11-11 15:00:00,13529.967,28.563,3995.182,1004.719,14107.497,1005.124,0.125,10,0.22400000000016
29574,2024-11-11 16:00:00,13530.166,28.563,3995.24,1004.732,14107.704,1005.137,0.101,10,0.1989999999987048
29574,2024-11-11 17:00:00,13530.386,28.563,3995.292,1004.739,14107.93,1005.144,0.12,10,0.2200000000011641
29574,2024-11-11 18:00:00,13530.753,28.563,3995.383,1004.749,14108.308,1005.154,0.273,10,0.3670000000001892
29574,2024-11-11 19:00:00,13532.606,28.563,3995.498,1004.759,14110.117,1005.164,1.84,10,1.852999999999156
29574,2024-11-11 20:00:00,13534.726,28.563,3995.688,1004.759,14112.205,1005.164,2.112,10,2.1200000000008004
29574,2024-11-11 21:00:00,13535.617,28.563,3995.789,1004.763,14113.088,1005.168,0.822,10,0.8909999999996217
29574,2024-11-11 22:00:00,13536.104,28.563,3995.901,1004.785,14113.586,1005.19,0.578,10,0.4869999999991705
29574,2024-11-11 23:00:00,13536.445,28.563,3996.007,1004.794,14113.943,1005.199,0.267,10,0.3410000000003492
29574,2024-11-12 07:00:00,13538.08,28.563,3996.567,1004.833,14115.67,1005.238,0.138,10,0.1900000000005093
29574,2024-11-12 16:00:00,13545.002,28.563,3997.324,1004.89,14122.523,1005.295,0.174,10,0.2849999999998545
29574,2024-11-12 17:00:00,13545.678,28.563,3997.401,1004.895,14123.193,1005.3,0.603,10,0.6759999999994761
29574,2024-11-12 18:00:00,13546.489,28.563,3997.457,1004.91,14123.987,1005.315,0.728,10,0.8109999999996944
29574,2024-11-12 19:00:00,13547.066,28.563,3997.511,1004.929,14124.556,1005.334,0.458,10,0.577000000001135
29574,2024-11-12 20:00:00,13547.492,28.563,3997.547,1004.961,14124.975,1005.366,0.333,10,0.4259999999994761
29574,2024-11-12 21:00:00,13548.92,28.563,3997.632,1004.968,14126.368,1005.373,1.369,10,1.4279999999998836
29574,2024-11-12 22:00:00,13549.23,28.563,3997.699,1004.971,14126.685,1005.376,0.2,10,0.3099999999994907
29574,2024-11-12 23:00:00,13549.588,28.563,3997.775,1004.973,14127.049,1005.378,0.258,10,0.3580000000001746
29574,2024-11-13 02:00:00,13550.507,28.563,3997.958,1004.997,14127.983,1005.402,0.197,10,0.2899999999990541
29574,2024-11-13 03:00:00,13550.769,28.563,3997.997,1005.019,14128.245,1005.424,0.167,10,0.2620000000006257
29574,2024-11-13 04:00:00,13551.049,28.563,3998.037,1005.037,14128.525,1005.442,0.184,10,0.2800000000006548
29574,2024-11-13 05:00:00,13551.319,28.563,3998.092,1005.055,14128.799,1005.46,0.193,10,0.2699999999986175
29574,2024-11-13 06:00:00,13551.603,28.563,3998.152,1005.073,14129.089,1005.478,0.188,10,0.2839999999996507
29574,2024-11-13 07:00:00,13551.909,28.563,3998.196,1005.09,14129.395,1005.495,0.176,10,0.3060000000004947
29574,2024-11-13 14:00:00,13555.802,28.563,3998.576,1005.139,14133.236,1005.544,0.495,10,0.555000000000291
29574,2024-11-13 15:00:00,13557.508,28.563,3998.653,1005.139,14134.894,1005.544,1.687,10,1.706000000000131
29574,2024-11-13 16:00:00,13558.104,28.563,3998.701,1005.152,14135.479,1005.557,0.508,10,0.5959999999995489
29574,2024-11-13 17:00:00,13559.155,28.563,3998.743,1005.162,14136.499,1005.567,0.968,10,1.0510000000012951
29574,2024-11-13 18:00:00,13559.63,28.563,3998.798,1005.171,14136.971,1005.576,0.342,10,0.4749999999985448
29574,2024-11-13 19:00:00,13560.264,28.563,3998.857,1005.185,14137.595,1005.59,0.524,10,0.6340000000000146
29574,2024-11-13 20:00:00,13561.396,28.563,3998.903,1005.209,14138.694,1005.614,1.056,10,1.132000000001426
29574,2024-11-13 21:00:00,13561.755,28.563,3998.942,1005.232,14139.05,1005.637,0.247,10,0.3589999999985593
29574,2024-11-13 22:00:00,13562.218,28.563,3998.996,1005.262,14139.509,1005.667,0.376,10,0.463000000001557
29574,2024-11-13 23:00:00,13562.671,28.563,3999.047,1005.271,14139.958,1005.676,0.361,10,0.4529999999995198
29574,2024-11-14 02:00:00,13563.59,28.563,3999.23,1005.332,14140.891,1005.737,0.22,10,0.3209999999999127
29574,2024-11-14 03:00:00,13563.859,28.563,3999.273,1005.364,14141.161,1005.769,0.173,10,0.2690000000002328
29574,2024-11-14 04:00:00,13564.136,28.563,3999.322,1005.383,14141.441,1005.788,0.18,10,0.2770000000000436
29574,2024-11-14 05:00:00,13564.391,28.563,3999.366,1005.403,14141.698,1005.808,0.163,10,0.2549999999991996
29574,2024-11-14 06:00:00,13564.672,28.563,3999.418,1005.429,14141.982,1005.834,0.165,10,0.2810000000008585
29574,2024-11-14 07:00:00,13565.273,28.563,3999.474,1005.442,14142.574,1005.847,0.476,10,0.6009999999987485
29574,2024-11-14 08:00:00,13566.058,28.563,3999.534,1005.447,14143.344,1005.852,0.674,10,0.7850000000016735
29574,2024-11-14 09:00:00,13566.713,28.563,3999.588,1005.462,14143.988,1005.867,0.545,10,0.6549999999988358
29574,2024-11-14 10:00:00,13567.325,28.563,3999.636,1005.475,14144.588,1005.88,0.473,10,0.6120000000009895
29574,2024-11-14 11:00:00,13568.889,28.563,3999.745,1005.485,14146.119,1005.89,1.521,10,1.5639999999984866
29574,2024-11-14 12:00:00,13570.296,28.563,3999.877,1005.485,14147.506,1005.89,1.384,10,1.4070000000010623
29574,2024-11-14 13:00:00,13570.528,28.563,3999.923,1005.503,14147.742,1005.908,0.135,10,0.2319999999999709
29574,2024-11-14 14:00:00,13570.733,28.563,3999.978,1005.526,14147.954,1005.931,0.125,10,0.2049999999999272
29574,2024-11-14 15:00:00,13571.159,28.563,4000.047,1005.53,14148.382,1005.935,0.354,10,0.4259999999994761
29574,2024-11-14 16:00:00,13571.421,28.563,4000.113,1005.536,14148.652,1005.941,0.135,10,0.2620000000006257
29574,2024-11-14 17:00:00,13571.74,28.563,4000.17,1005.539,14148.974,1005.944,0.2,10,0.3189999999995052
29574,2024-11-14 18:00:00,13572.4,28.563,4000.209,1005.557,14149.618,1005.962,0.522,10,0.6599999999998545
29574,2024-11-14 19:00:00,13573.342,28.563,4000.258,1005.577,14150.536,1005.982,0.849,10,0.9420000000009168
29574,2024-11-14 20:00:00,13573.926,28.563,4000.295,1005.606,14151.106,1006.011,0.5,10,0.5839999999989232
29574,2024-11-14 21:00:00,13574.812,28.563,4000.337,1005.651,14151.968,1006.056,0.851,10,0.886000000000422
29574,2024-11-14 22:00:00,13575.098,28.563,4000.37,1005.706,14152.252,1006.111,0.218,10,0.2860000000000582
29574,2024-11-14 23:00:00,13576.262,28.563,4000.41,1005.739,14153.38,1006.144,1.161,10,1.1640000000006694
29574,2024-11-15 00:00:00,13576.535,28.563,4000.471,1005.753,14153.659,1006.158,0.244,10,0.2729999999992287
29574,2024-11-16 00:00:00,13588.961,28.563,4001.821,1006.117,14165.96,1006.522,0.431,10,1799.816999999999
29574,2024-11-16 01:00:00,13589.203,28.563,4001.862,1006.129,14166.204,1006.534,0.15,10,0.2420000000001891
29574,2024-11-16 02:00:00,13589.456,28.563,4001.912,1006.154,14166.46,1006.559,0.159,10,0.2530000000006112
29574,2024-11-16 03:00:00,13589.698,28.563,4001.96,1006.181,14166.706,1006.586,0.148,10,0.2420000000001891
29574,2024-11-16 04:00:00,13589.933,28.563,4002.002,1006.201,14166.943,1006.606,0.144,10,0.235000000000582
29574,2024-11-16 05:00:00,13590.158,28.563,4002.047,1006.22,14167.172,1006.625,0.134,10,0.2249999999985448
29574,2024-11-16 06:00:00,13590.399,28.563,4002.094,1006.241,14167.416,1006.646,0.136,10,0.2409999999999854
29574,2024-11-16 07:00:00,13590.621,28.563,4002.134,1006.252,14167.641,1006.657,0.115,10,0.2219999999997526
29574,2024-11-16 08:00:00,13590.886,28.563,4002.193,1006.261,14167.912,1006.666,0.13,10,0.2650000000012369
29574,2024-11-16 09:00:00,13591.095,28.563,4002.231,1006.281,14168.123,1006.686,0.133,10,0.2089999999989231
29574,2024-11-16 10:00:00,13591.911,28.563,4002.314,1006.296,14168.929,1006.701,0.708,10,0.816000000000713
29574,2024-11-16 11:00:00,13592.571,28.563,4002.382,1006.301,14169.581,1006.706,0.629,10,0.6599999999998545
29574,2024-11-16 12:00:00,13593.09,28.563,4002.429,1006.311,14170.092,1006.716,0.472,10,0.5190000000002328
29574,2024-11-16 13:00:00,13593.316,28.563,4002.491,1006.318,14170.327,1006.723,0.145,10,0.2260000000005675
29574,2024-11-16 14:00:00,13593.511,28.563,4002.537,1006.331,14170.527,1006.736,0.112,10,0.1949999999997089
29574,2024-11-16 15:00:00,13593.802,28.563,4002.582,1006.341,14170.819,1006.746,0.127,10,0.2909999999992578
29574,2024-11-16 16:00:00,13594.102,28.563,4002.641,1006.352,14171.123,1006.757,0.144,10,0.3000000000010914
29574,2024-11-16 17:00:00,13594.379,28.563,4002.71,1006.358,14171.408,1006.763,0.147,10,0.2770000000000436
29574,2024-11-16 18:00:00,13595.527,28.563,4002.772,1006.363,14172.527,1006.768,1.058,10,1.1479999999992287
29574,2024-11-16 19:00:00,13596.15,28.563,4002.809,1006.379,14173.135,1006.784,0.487,10,0.6229999999995925
29574,2024-11-16 20:00:00,13596.727,28.563,4002.861,1006.39,14173.703,1006.795,0.46,10,0.577000000001135
29574,2024-11-16 21:00:00,13597.19,28.563,4002.909,1006.422,14174.161,1006.827,0.353,10,0.462999999999738
29574,2024-11-16 22:00:00,13597.616,28.563,4002.945,1006.441,14174.58,1006.846,0.344,10,0.4259999999994761
29574,2024-11-16 23:00:00,13597.838,28.563,4002.984,1006.465,14174.804,1006.87,0.144,10,0.2219999999997526
29574,2024-11-17 00:00:00,13598.069,28.563,4003.053,1006.469,14175.045,1006.874,0.151,10,0.2309999999997671
29574,2024-11-17 01:00:00,13598.27,28.563,4003.107,1006.47,14175.253,1006.875,0.125,10,0.2010000000009313
29574,2024-11-17 04:00:00,13598.877,28.563,4003.246,1006.528,14175.875,1006.933,0.128,10,0.2119999999995343
29574,2024-11-17 05:00:00,13599.073,28.563,4003.29,1006.544,14176.075,1006.949,0.116,10,0.1959999999999127
29574,2024-11-17 06:00:00,13599.27,28.563,4003.329,1006.573,14176.275,1006.978,0.098,10,0.1970000000001164
29574,2024-11-17 07:00:00,13599.822,28.563,4003.374,1006.575,14176.817,1006.98,0.424,10,0.5519999999996799
29574,2024-11-17 08:00:00,13600.86,28.563,4003.501,1006.577,14177.849,1006.982,0.895,10,1.0380000000004657
29574,2024-11-17 09:00:00,13601.735,28.563,4003.57,1006.589,14178.708,1006.994,0.687,10,0.875
29574,2024-11-17 10:00:00,13602.028,28.563,4003.614,1006.608,14179.001,1007.013,0.151,10,0.2929999999996653
29574,2024-11-17 11:00:00,13602.372,28.563,4003.665,1006.619,14179.346,1007.024,0.273,10,0.3439999999991414
29574,2024-11-17 12:00:00,13602.589,28.563,4003.713,1006.63,14179.567,1007.035,0.115,10,0.2170000000005529
29574,2024-11-17 13:00:00,13602.891,28.563,4003.769,1006.646,14179.873,1007.051,0.173,10,0.3019999999996798
29574,2024-11-17 14:00:00,13603.979,28.563,4003.846,1006.656,14180.938,1007.061,1.067,10,1.087999999999738
29574,2024-11-17 15:00:00,13604.266,28.563,4003.918,1006.666,14181.234,1007.071,0.191,10,0.2870000000002619
29574,2024-11-17 16:00:00,13604.621,28.563,4003.996,1006.673,14181.597,1007.078,0.274,10,0.3549999999995634
29574,2024-11-17 17:00:00,13604.866,28.563,4004.07,1006.681,14181.853,1007.086,0.152,10,0.2450000000008003
29574,2024-11-17 18:00:00,13606.139,28.563,4004.141,1006.694,14183.094,1007.099,1.194,10,1.2729999999992287
29574,2024-11-17 19:00:00,13607.228,28.563,4004.205,1006.705,14184.157,1007.11,1.021,10,1.0889999999999418
29574,2024-11-17 20:00:00,13608.012,28.563,4004.267,1006.717,14184.926,1007.122,0.694,10,0.7840000000014697
29574,2024-11-17 21:00:00,13608.359,28.563,4004.324,1006.738,14185.275,1007.143,0.251,10,0.3469999999997526
29574,2024-11-17 22:00:00,13608.635,28.563,4004.383,1006.747,14185.557,1007.152,0.19,10,0.2759999999998399
29574,2024-11-17 23:00:00,13608.883,28.563,4004.454,1006.756,14185.815,1007.161,0.176,10,0.2479999999995925
29574,2024-11-18 03:00:00,13610.014,28.563,4004.642,1006.821,14186.953,1007.226,0.142,10,0.2179999999989377
29574,2024-11-18 04:00:00,13610.229,28.563,4004.688,1006.835,14187.172,1007.24,0.133,10,0.2150000000001455
29574,2024-11-18 05:00:00,13610.497,28.563,4004.746,1006.84,14187.445,1007.245,0.196,10,0.2680000000000291
29574,2024-11-18 06:00:00,13610.688,28.563,4004.791,1006.859,14187.641,1007.264,0.124,10,0.191000000000713
29574,2024-11-18 07:00:00,13611.242,28.563,4004.841,1006.875,14188.187,1007.28,0.449,10,0.5540000000000873
29574,2024-11-18 08:00:00,13611.854,28.563,4004.898,1006.881,14188.79,1007.286,0.473,10,0.6119999999991705
29574,2024-11-18 09:00:00,13612.444,28.563,4004.949,1006.887,14189.37,1007.292,0.467,10,0.5900000000001455
29574,2024-11-18 10:00:00,13612.782,28.563,4004.996,1006.909,14189.708,1007.314,0.271,10,0.337999999999738
29574,2024-11-18 11:00:00,13614.222,28.563,4005.122,1006.913,14191.125,1007.318,1.419,10,1.440000000000509
29574,2024-11-18 12:00:00,13614.874,28.563,4005.328,1006.913,14191.809,1007.318,0.563,10,0.6520000000000437
29574,2024-11-18 13:00:00,13615.746,28.563,4005.438,1006.922,14192.676,1007.327,0.826,10,0.8719999999993888
29574,2024-11-18 14:00:00,13615.94,28.563,4005.496,1006.929,14192.879,1007.334,0.102,10,0.1940000000013242
29574,2024-11-18 15:00:00,13616.55,28.563,4005.57,1006.932,14193.485,1007.337,0.513,10,0.6099999999987631
29574,2024-11-18 20:00:00,13619.81,28.563,4005.889,1006.986,14196.702,1007.391,0.725,10,0.8149999999986903
29574,2024-11-18 21:00:00,13621.096,28.563,4005.951,1007.004,14197.954,1007.409,1.263,10,1.2860000000000582
29574,2024-11-18 22:00:00,13621.8,28.563,4006.007,1007.008,14198.645,1007.413,0.626,10,0.7039999999997235
29574,2024-11-18 23:00:00,13622.102,28.563,4006.059,1007.016,14198.949,1007.42,0.181,10,0.3020000000014988
29574,2024-11-19 00:00:00,13622.53,28.563,4006.13,1007.023,14199.38,1007.427,0.302,10,0.4279999999998836
29574,2024-11-19 01:00:00,13622.816,28.563,4006.179,1007.043,14199.668,1007.447,0.149,10,0.2860000000000582
29574,2024-11-19 02:00:00,13623.119,28.563,4006.237,1007.067,14199.975,1007.471,0.157,10,0.3029999999998836
29574,2024-11-19 03:00:00,13623.392,28.563,4006.273,1007.102,14200.247,1007.506,0.126,10,0.2729999999992287
29574,2024-11-19 04:00:00,13623.695,28.563,4006.329,1007.122,14200.554,1007.526,0.158,10,0.3029999999998836
29574,2024-11-19 05:00:00,13623.995,28.563,4006.364,1007.148,14200.851,1007.552,0.14,10,0.3000000000010914
29574,2024-11-19 06:00:00,13624.272,28.563,4006.405,1007.172,14201.129,1007.576,0.121,10,0.2770000000000436
29574,2024-11-19 07:00:00,13624.918,28.563,4006.45,1007.179,14201.761,1007.583,0.529,10,0.6459999999988213
29574,2024-11-19 08:00:00,13626.254,28.563,4006.501,1007.182,14203.057,1007.586,1.266,10,1.3360000000011496
29574,2024-11-19 09:00:00,13626.857,28.563,4006.541,1007.192,14203.647,1007.596,0.526,10,0.602999999999156
29574,2024-11-19 10:00:00,13627.665,28.563,4006.587,1007.228,14204.435,1007.632,0.726,10,0.8080000000009022
29574,2024-11-19 11:00:00,13628.394,28.563,4006.632,1007.251,14205.147,1007.655,0.603,10,0.7289999999993597
29574,2024-11-19 12:00:00,13629.418,28.563,4006.681,1007.258,14206.144,1007.662,0.909,10,1.0239999999994325
29574,2024-11-19 13:00:00,13629.664,28.563,4006.726,1007.284,14206.392,1007.688,0.132,10,0.246000000001004
29574,2024-11-19 14:00:00,13630.394,28.563,4006.8,1007.303,14207.113,1007.707,0.675,10,0.7299999999995634
29574,2024-11-19 15:00:00,13631.269,28.563,4006.877,1007.311,14207.975,1007.715,0.758,10,0.875
29574,2024-11-19 16:00:00,13631.53,28.563,4006.932,1007.317,14208.241,1007.721,0.111,10,0.261000000000422
29574,2024-11-19 17:00:00,13632.372,28.563,4006.989,1007.331,14209.064,1007.735,0.767,10,0.841999999998734
29574,2024-11-19 18:00:00,13632.76,28.563,4007.03,1007.348,14209.448,1007.752,0.226,10,0.3880000000008294
29574,2024-11-19 19:00:00,13634.628,28.563,4007.095,1007.36,14211.259,1007.764,1.8,10,1.868000000000393
29574,2024-11-19 20:00:00,13635.603,28.563,4007.211,1007.372,14212.227,1007.776,0.926,10,0.9749999999985448
29574,2024-11-19 21:00:00,13637.352,28.563,4007.325,1007.376,14213.937,1007.78,1.749,10,1.7490000000016153
29574,2024-11-19 22:00:00,13637.977,28.563,4007.417,1007.381,14214.563,1007.785,0.537,10,0.625
29574,2024-11-19 23:00:00,13638.394,28.563,4007.476,1007.391,14214.979,1007.795,0.334,10,0.4169999999994616
29574,2024-11-20 00:00:00,13638.712,28.563,4007.627,1007.399,14215.327,1007.803,0.223,10,0.3179999999993015
29574,2024-11-20 01:00:00,13638.975,28.563,4007.71,1007.401,14215.603,1007.805,0.162,10,0.2630000000008294
29574,2024-11-20 02:00:00,13639.213,28.563,4007.76,1007.405,14215.845,1007.809,0.139,10,0.2379999999993742
29574,2024-11-20 03:00:00,13639.467,28.563,4007.824,1007.406,14216.107,1007.81,0.157,10,0.2540000000008149
29574,2024-11-20 04:00:00,13639.697,28.563,4007.871,1007.409,14216.341,1007.813,0.139,10,0.2299999999995634
29574,2024-11-20 05:00:00,13639.915,28.563,4007.915,1007.416,14216.563,1007.82,0.129,10,0.2180000000007567
29574,2024-11-20 06:00:00,13640.136,28.563,4007.959,1007.428,14216.787,1007.832,0.137,10,0.2209999999995489
29574,2024-11-20 07:00:00,13640.644,28.563,4008.012,1007.44,14217.289,1007.844,0.411,10,0.5079999999998108
29574,2024-11-20 08:00:00,13641.9,28.563,4008.091,1007.447,14218.517,1007.851,1.176,10,1.2559999999994034
29574,2024-11-20 09:00:00,13642.85,28.563,4008.155,1007.452,14219.446,1007.856,0.837,10,0.9500000000007276
29574,2024-11-20 10:00:00,13643.115,28.563,4008.218,1007.464,14219.718,1007.868,0.164,10,0.2649999999994179
29574,2024-11-20 11:00:00,13644.006,28.563,4008.261,1007.478,14220.585,1007.882,0.855,10,0.8909999999996217
29574,2024-11-20 12:00:00,13644.566,28.563,4008.305,1007.487,14221.135,1007.891,0.542,10,0.5600000000013097
29574,2024-11-20 13:00:00,13645.332,28.563,4008.353,1007.495,14221.883,1007.899,0.693,10,0.7659999999996217
29574,2024-11-20 14:00:00,13645.782,28.563,4008.422,1007.503,14222.335,1007.907,0.38,10,0.4499999999989086
29574,2024-11-20 15:00:00,13645.991,28.563,4008.469,1007.51,14222.548,1007.914,0.11,10,0.2090000000007421
29574,2024-11-20 16:00:00,13646.499,28.563,4008.515,1007.513,14223.049,1007.917,0.401,10,0.5079999999998108
29574,2024-11-20 17:00:00,13647.766,28.563,4008.572,1007.52,14224.28,1007.924,1.194,10,1.2669999999998254
29574,2024-11-20 18:00:00,13649.117,28.563,4008.621,1007.538,14225.59,1007.942,1.271,10,1.3510000000005675
29574,2024-11-20 19:00:00,13650.785,28.563,4008.671,1007.544,14227.205,1007.948,1.612,10,1.6679999999996653
29574,2024-11-20 20:00:00,13652.111,28.563,4008.778,1007.548,14228.507,1007.952,1.271,10,1.326000000000931
29574,2024-11-20 21:00:00,13653.392,28.563,4008.845,1007.578,14229.755,1007.982,1.287,10,1.2809999999990396
29574,2024-11-20 22:00:00,13654.1,28.563,4008.897,1007.586,14230.449,1007.99,0.627,10,0.7080000000005384
29574,2024-11-20 23:00:00,13654.383,28.563,4008.958,1007.594,14230.738,1007.998,0.179,10,0.282999999999447
29574,2024-11-21 00:00:00,13654.642,28.563,4009.007,1007.612,14231.0,1008.016,0.178,10,0.2590000000000145
29574,2024-11-21 01:00:00,13654.843,28.563,4009.042,1007.662,14231.203,1008.066,0.169,10,0.2010000000009313
29574,2024-11-21 02:00:00,13655.04,28.563,4009.085,1007.713,14231.404,1008.117,0.167,10,0.1970000000001164
29574,2024-11-21 03:00:00,13655.223,28.563,4009.116,1007.778,14231.589,1008.182,0.146,10,0.1829999999990832
29574,2024-11-21 04:00:00,13655.425,28.563,4009.165,1007.815,14231.796,1008.219,0.167,10,0.201999999999316
29574,2024-11-21 05:00:00,13655.668,28.563,4009.203,1007.835,14232.04,1008.239,0.159,10,0.2430000000003929
29574,2024-11-21 06:00:00,13655.919,28.563,4009.244,1007.856,14232.292,1008.26,0.137,10,0.2510000000002037
29574,2024-11-21 07:00:00,13656.286,28.563,4009.276,1007.863,14232.654,1008.267,0.202,10,0.3670000000001892
29574,2024-11-21 08:00:00,13657.335,28.563,4009.371,1007.866,14233.687,1008.27,0.961,10,1.048999999999069
29574,2024-11-21 09:00:00,13658.352,28.563,4009.421,1007.876,14234.677,1008.28,0.913,10,1.0170000000016444
29574,2024-11-21 10:00:00,13658.577,28.563,4009.472,1007.892,14234.907,1008.296,0.096,10,0.2249999999985448
29574,2024-11-21 11:00:00,13659.437,28.563,4009.522,1007.909,14235.746,1008.313,0.751,10,0.8600000000005821
29574,2024-11-21 12:00:00,13660.629,28.563,4009.634,1007.92,14236.922,1008.324,1.161,10,1.1920000000009168
29574,2024-11-21 21:00:00,13666.272,28.563,4010.058,1007.953,14242.456,1008.357,0.643,10,0.6990000000005239
29574,2024-11-21 22:00:00,13666.541,28.563,4010.12,1007.963,14242.731,1008.367,0.177,10,0.2689999999984138
29574,2024-11-21 23:00:00,13666.891,28.563,4010.189,1007.965,14243.086,1008.369,0.285,10,0.3500000000003638
29574,2024-11-22 00:00:00,13667.356,28.563,4010.233,1007.98,14243.545,1008.384,0.417,10,0.4650000000001455
29574,2024-11-22 01:00:00,13667.579,28.563,4010.271,1007.989,14243.77,1008.393,0.156,10,0.2229999999999563
29574,2024-11-22 02:00:00,13667.784,28.563,4010.312,1008.007,14243.978,1008.411,0.13,10,0.2049999999999272
29574,2024-11-22 03:00:00,13667.99,28.563,4010.354,1008.029,14244.187,1008.433,0.139,10,0.2060000000001309
29574,2024-11-22 04:00:00,13668.191,28.563,4010.392,1008.045,14244.391,1008.449,0.133,10,0.2010000000009313
29574,2024-11-22 05:00:00,13668.399,28.563,4010.429,1008.061,14244.601,1008.465,0.14,10,0.2079999999987194
29574,2024-11-22 06:00:00,13668.565,28.563,4010.472,1008.079,14244.772,1008.483,0.111,10,0.1660000000010768
29574,2024-11-22 07:00:00,13669.08,28.563,4010.519,1008.083,14245.28,1008.487,0.484,10,0.5149999999994179
29574,2024-11-22 08:00:00,13670.644,28.563,4010.569,1008.086,14246.795,1008.49,1.572,10,1.5640000000003056
29574,2024-11-22 09:00:00,13671.296,28.563,4010.617,1008.093,14247.434,1008.497,0.512,10,0.6520000000000437
29574,2024-11-22 10:00:00,13671.628,28.563,4010.647,1008.132,14247.761,1008.536,0.228,10,0.3320000000003347
29574,2024-11-22 11:00:00,13673.104,28.563,4010.691,1008.148,14249.189,1008.552,1.466,10,1.4759999999987483
29574,2024-11-22 12:00:00,13673.736,28.563,4010.73,1008.158,14249.807,1008.562,0.591,10,0.6320000000014261
29574,2024-11-22 13:00:00,13674.0,28.563,4010.781,1008.161,14250.075,1008.565,0.184,10,0.2639999999992142
29574,2024-11-22 14:00:00,13674.264,28.563,4010.83,1008.171,14250.342,1008.575,0.199,10,0.2639999999992142
29574,2024-11-22 15:00:00,13674.525,28.563,4010.869,1008.195,14250.603,1008.599,0.193,10,0.261000000000422
29574,2024-11-22 16:00:00,13675.687,28.563,4010.934,1008.198,14251.736,1008.602,1.147,10,1.162000000000262
29574,2024-11-22 17:00:00,13676.755,28.563,4011.059,1008.202,14252.796,1008.606,0.995,10,1.0679999999993015
29574,2024-11-22 18:00:00,13677.634,28.563,4011.2,1008.218,14253.68,1008.622,0.804,10,0.8790000000008149
29574,2024-11-22 19:00:00,13678.471,28.563,4011.236,1008.234,14254.493,1008.638,0.781,10,0.8369999999995343
29574,2024-11-22 20:00:00,13678.835,28.563,4011.303,1008.244,14254.861,1008.648,0.29,10,0.363999999999578
29574,2024-11-22 21:00:00,13679.505,28.563,4011.338,1008.272,14255.514,1008.676,0.609,10,0.6700000000000728
29574,2024-11-22 22:00:00,13679.781,28.563,4011.378,1008.277,14255.79,1008.681,0.186,10,0.2760000000016589
29574,2024-11-22 23:00:00,13680.03,28.563,4011.43,1008.284,14256.044,1008.688,0.171,10,0.2489999999997962
29574,2024-11-23 00:00:00,13680.268,28.563,4011.476,1008.298,14256.285,1008.702,0.168,10,0.2379999999993742
29574,2024-11-23 01:00:00,13680.498,28.563,4011.527,1008.3,14256.52,1008.704,0.168,10,0.2299999999995634
29574,2024-11-23 02:00:00,13680.719,28.563,4011.575,1008.311,14256.745,1008.715,0.157,10,0.2209999999995489
29574,2024-11-23 03:00:00,13680.948,28.563,4011.617,1008.329,14256.977,1008.733,0.161,10,0.2290000000011787
29574,2024-11-23 04:00:00,13681.178,28.563,4011.652,1008.34,14257.208,1008.744,0.16,10,0.2299999999995634
29574,2024-11-23 05:00:00,13681.382,28.563,4011.692,1008.361,14257.415,1008.765,0.144,10,0.2039999999997235
29574,2024-11-23 06:00:00,13681.633,28.563,4011.728,1008.372,14257.666,1008.776,0.154,10,0.2510000000002037
29574,2024-11-23 07:00:00,13682.271,28.563,4011.768,1008.387,14258.289,1008.791,0.524,10,0.6380000000008295
29574,2024-11-23 08:00:00,13683.974,28.563,4011.824,1008.387,14259.939,1008.791,1.654,10,1.7029999999995198
29574,2024-11-23 09:00:00,13685.586,28.563,4011.879,1008.388,14261.501,1008.792,1.575,10,1.6119999999991703
29574,2024-11-23 10:00:00,13686.144,28.563,4011.929,1008.395,14262.051,1008.799,0.474,10,0.5580000000009022
29574,2024-11-23 11:00:00,13686.88,28.563,4011.981,1008.404,14262.772,1008.808,0.666,10,0.7359999999989668
29574,2024-11-23 12:00:00,13687.35,28.563,4012.048,1008.418,14263.242,1008.822,0.371,10,0.4700000000011641
29574,2024-11-23 13:00:00,13688.516,28.563,4012.095,1008.451,14264.374,1008.855,1.112,10,1.165999999999258
29574,2024-11-23 14:00:00,13689.207,28.563,4012.136,1008.465,14265.049,1008.869,0.617,10,0.691000000000713
29574,2024-11-23 15:00:00,13689.711,28.563,4012.176,1008.476,14265.543,1008.88,0.449,10,0.5039999999989959
29574,2024-11-23 16:00:00,13690.592,28.563,4012.233,1008.482,14266.405,1008.886,0.827,10,0.8810000000012224
29574,2024-11-23 17:00:00,13690.892,28.563,4012.278,1008.489,14266.705,1008.893,0.151,10,0.2999999999992724
29574,2024-11-23 18:00:00,13691.431,28.563,4012.34,1008.502,14267.24,1008.906,0.385,10,0.5390000000006694
29574,2024-11-23 19:00:00,13692.48,28.563,4012.391,1008.506,14268.261,1008.91,0.963,10,1.048999999999069
29574,2024-11-23 20:00:00,13693.126,28.563,4012.408,1008.563,14268.886,1008.967,0.592,10,0.6460000000006403
29574,2024-11-23 21:00:00,13694.291,28.563,4012.433,1008.621,14270.011,1009.025,1.155,10,1.164999999999054
29574,2024-11-23 22:00:00,13694.657,28.563,4012.502,1008.64,14270.382,1009.044,0.336,10,0.3659999999999854
29574,2024-11-23 23:00:00,13694.898,28.563,4012.551,1008.646,14270.627,1009.05,0.167,10,0.2409999999999854
29574,2024-11-24 03:00:00,13695.93,28.563,4012.781,1008.683,14271.682,1009.087,0.229,10,0.3060000000004947
29574,2024-11-24 04:00:00,13696.156,28.563,4012.82,1008.7,14271.909,1009.104,0.153,10,0.2260000000005675
29574,2024-11-24 05:00:00,13696.414,28.563,4012.86,1008.719,14272.168,1009.123,0.161,10,0.2579999999998108
29574,2024-11-24 06:00:00,13696.706,28.563,4012.896,1008.75,14272.459,1009.154,0.151,10,0.2919999999994616
29574,2024-11-24 07:00:00,13696.989,28.563,4012.941,1008.771,14272.743,1009.175,0.151,10,0.282999999999447
29574,2024-11-24 08:00:00,13697.406,28.563,4012.985,1008.786,14273.155,1009.19,0.316,10,0.4170000000012805
29574,2024-11-24 09:00:00,13697.628,28.563,4013.015,1008.805,14273.377,1009.209,0.098,10,0.2219999999997526
29574,2024-11-24 10:00:00,13698.834,28.563,4013.053,1008.821,14274.545,1009.225,1.148,10,1.206000000000131
29574,2024-11-24 11:00:00,13699.43,28.563,4013.089,1008.838,14275.127,1009.242,0.53,10,0.5959999999995489
29574,2024-11-24 12:00:00,13700.818,28.563,4013.123,1008.848,14276.469,1009.252,1.367,10,1.3879999999990105
29574,2024-11-24 13:00:00,13702.646,28.563,4013.217,1008.849,14278.249,1009.253,1.848,10,1.8280000000013388
29574,2024-11-24 14:00:00,13703.411,28.563,4013.307,1008.856,14279.009,1009.26,0.717,10,0.7649999999994179
29574,2024-11-24 15:00:00,13704.418,28.563,4013.35,1008.86,14279.987,1009.264,0.979,10,1.006999999999607
29574,2024-11-24 16:00:00,13704.58,28.563,4013.395,1008.881,14280.155,1009.285,0.106,10,0.1620000000002619
29574,2024-11-24 17:00:00,13705.862,28.563,4013.458,1008.888,14281.403,1009.292,1.293,10,1.2819999999992433
29574,2024-11-24 18:00:00,13707.985,28.563,4013.621,1008.888,14283.487,1009.292,2.13,10,2.1230000000014115
29574,2024-11-24 19:00:00,13710.112,28.563,4013.666,1008.903,14285.541,1009.307,2.146,10,2.1269999999985885
29574,2024-11-24 20:00:00,13712.014,28.563,4013.71,1008.923,14287.378,1009.327,1.907,10,1.902000000000044
29574,2024-11-24 21:00:00,13713.378,28.563,4013.777,1008.93,14288.706,1009.334,1.354,10,1.364000000001397
29574,2024-11-24 22:00:00,13713.753,28.563,4013.815,1008.945,14289.077,1009.349,0.289,10,0.375
29574,2024-11-24 23:00:00,13714.109,28.563,4013.871,1008.949,14289.434,1009.353,0.317,10,0.3559999999997671
29574,2024-11-25 00:00:00,13714.418,28.563,4013.936,1008.953,14289.749,1009.357,0.271,10,0.3089999999992869
29574,2024-11-26 00:00:00,13727.548,28.563,4015.086,1009.26,14302.674,1009.664,0.156,10,13.13000000000102
29574,2024-11-26 01:00:00,13727.809,28.563,4015.129,1009.268,14302.936,1009.672,0.126,10,0.260999999998603
29574,2024-11-26 02:00:00,13728.093,28.563,4015.176,1009.278,14303.222,1009.682,0.15,10,0.2840000000014697
29574,2024-11-26 03:00:00,13728.362,28.563,4015.223,1009.285,14303.493,1009.689,0.136,10,0.2689999999984138
29574,2024-11-26 04:00:00,13728.609,28.563,4015.264,1009.298,14303.742,1009.702,0.12,10,0.2470000000012078
29574,2024-11-26 05:00:00,13728.851,28.563,4015.306,1009.316,14303.986,1009.72,0.121,10,0.2420000000001891
29574,2024-11-26 06:00:00,13729.067,28.563,4015.344,1009.323,14304.204,1009.727,0.131,10,0.2159999999985302
29574,2024-11-26 07:00:00,13729.66,28.563,4015.384,1009.336,14304.784,1009.74,0.545,10,0.5930000000007567
29574,2024-11-26 08:00:00,13731.075,28.563,4015.451,1009.337,14306.161,1009.741,1.386,10,1.4150000000008731
29574,2024-11-26 09:00:00,13731.813,28.563,4015.494,1009.347,14306.882,1009.751,0.679,10,0.7379999999993743
29574,2024-11-26 10:00:00,13732.356,28.563,4015.53,1009.36,14307.413,1009.764,0.485,10,0.5429999999996653
29574,2024-11-26 11:00:00,13732.99,28.563,4015.555,1009.403,14308.029,1009.807,0.576,10,0.6340000000000146
29574,2024-11-26 12:00:00,13734.019,28.563,4015.611,1009.409,14309.032,1009.813,0.989,10,1.029000000000451
29574,2024-11-26 13:00:00,13734.552,28.563,4015.746,1009.414,14309.581,1009.818,0.457,10,0.532999999999447
29574,2024-11-26 14:00:00,13735.121,28.563,4015.896,1009.414,14310.17,1009.818,0.478,10,0.5689999999995052
29574,2024-11-26 15:00:00,13735.77,28.563,4015.939,1009.423,14310.805,1009.827,0.578,10,0.6490000000012515
29574,2024-11-26 16:00:00,13736.286,28.563,4015.984,1009.431,14311.313,1009.835,0.415,10,0.5159999999996217
29574,2024-11-26 17:00:00,13736.715,28.563,4016.033,1009.444,14311.738,1009.848,0.323,10,0.4290000000000873
29574,2024-11-26 18:00:00,13738.252,28.563,4016.07,1009.449,14313.224,1009.853,1.464,10,1.537000000000262
29574,2024-11-26 19:00:00,13740.025,28.563,4016.103,1009.465,14314.935,1009.869,1.747,10,1.7729999999992287
29574,2024-11-26 20:00:00,13740.586,28.563,4016.143,1009.489,14315.484,1009.893,0.498,10,0.5609999999996944
29574,2024-11-26 21:00:00,13741.949,28.563,4016.198,1009.499,14316.808,1009.903,1.365,10,1.3630000000011933
29574,2024-11-26 22:00:00,13742.232,28.563,4016.239,1009.506,14317.091,1009.91,0.171,10,0.282999999999447
29574,2024-11-26 23:00:00,13742.67,28.563,4016.276,1009.516,14317.522,1009.919,0.329,10,0.4380000000001018
29574,2024-11-27 02:00:00,13743.523,28.563,4016.436,1009.629,14318.386,1010.032,0.151,10,0.2139999999999418
29574,2024-11-27 03:00:00,13743.767,28.563,4016.475,1009.667,14318.631,1010.07,0.153,10,0.2440000000005966
29574,2024-11-27 04:00:00,13743.994,28.563,4016.519,1009.686,14318.861,1010.089,0.142,10,0.2270000000007712
29574,2024-11-27 05:00:00,13744.199,28.563,4016.554,1009.712,14319.068,1010.115,0.135,10,0.2049999999999272
29574,2024-11-27 06:00:00,13744.404,28.563,4016.592,1009.734,14319.275,1010.137,0.136,10,0.2049999999999272
29574,2024-11-27 07:00:00,13744.898,28.563,4016.614,1009.738,14319.755,1010.141,0.419,10,0.4939999999987776
29574,2024-11-27 08:00:00,13746.494,28.563,4016.666,1009.743,14321.302,1010.146,1.54,10,1.596000000001368
29574,2024-11-27 09:00:00,13747.494,28.563,4016.72,1009.761,14322.277,1010.164,0.954,10,1.0
29574,2024-11-27 10:00:00,13748.21,28.563,4016.761,1009.778,14322.976,1010.181,0.632,10,0.7159999999985303
29574,2024-11-27 11:00:00,13749.68,28.563,4016.808,1009.782,14324.4,1010.185,1.403,10,1.4700000000011642
29574,2024-11-27 12:00:00,13750.348,28.563,4016.855,1009.787,14325.054,1010.19,0.595,10,0.6679999999996653
29574,2024-11-27 13:00:00,13750.967,28.563,4016.908,1009.791,14325.663,1010.194,0.557,10,0.6190000000005966
29574,2024-11-27 14:00:00,13751.214,28.563,4016.958,1009.807,14325.914,1010.21,0.141,10,0.2469999999993888
29574,2024-11-27 15:00:00,13751.44,28.563,4017.025,1009.814,14326.15,1010.217,0.16,10,0.2260000000005675
29574,2024-11-27 16:00:00,13752.14,28.563,4017.078,1009.815,14326.837,1010.218,0.575,10,0.6999999999989086
29574,2024-11-27 17:00:00,13752.94,28.563,4017.118,1009.833,14327.616,1010.236,0.659,10,0.8000000000010914
29574,2024-11-27 18:00:00,13754.647,28.563,4017.172,1009.856,14329.27,1010.259,1.583,10,1.7070000000003347
29574,2024-11-27 19:00:00,13756.555,28.563,4017.212,1009.864,14331.112,1010.267,1.84,10,1.907999999999447
29574,2024-11-27 20:00:00,13757.693,28.563,4017.275,1009.87,14332.222,1010.273,1.076,10,1.1379999999990105
29574,2024-11-27 21:00:00,13759.369,28.563,4017.332,1009.878,14333.847,1010.281,1.661,10,1.6760000000012951
29574,2024-11-27 22:00:00,13760.011,28.563,4017.37,1009.883,14334.474,1010.286,0.575,10,0.6419999999998254
29574,2024-11-27 23:00:00,13760.4,28.563,4017.425,1009.887,14334.863,1010.29,0.331,10,0.3889999999992142
29574,2024-11-28 00:00:00,13760.633,28.563,4017.481,1009.899,14335.102,1010.302,0.15,10,0.2330000000001746
29574,2024-11-28 01:00:00,13760.85,28.563,4017.527,1009.907,14335.324,1010.31,0.137,10,0.2170000000005529
29574,2024-11-28 02:00:00,13761.075,28.563,4017.571,1009.922,14335.552,1010.325,0.142,10,0.2250000000003638
29574,2024-11-28 03:00:00,13761.305,28.563,4017.616,1009.933,14335.785,1010.336,0.141,10,0.2299999999995634
29574,2024-11-28 04:00:00,13761.532,28.563,4017.658,1009.948,14336.015,1010.351,0.14,10,0.2269999999989522
29574,2024-11-28 05:00:00,13761.757,28.563,4017.705,1009.96,14336.244,1010.363,0.142,10,0.2250000000003638
29574,2024-11-28 06:00:00,13761.986,28.563,4017.736,1009.984,14336.473,1010.387,0.123,10,0.2290000000011787
29574,2024-11-28 07:00:00,13762.516,28.563,4017.765,1010.013,14336.989,1010.416,0.776,10,0.5299999999988358
29574,2024-11-28 08:00:00,13763.778,28.563,4017.806,1010.038,14338.212,1010.441,1.244,10,1.2620000000006255
29574,2024-11-28 13:00:00,13768.074,28.563,4018.096,1010.087,14342.418,1010.49,0.328,10,0.4009999999998399
29574,2024-11-28 14:00:00,13768.504,28.563,4018.149,1010.102,14342.845,1010.505,0.356,10,0.430000000000291
29574,2024-11-28 15:00:00,13768.727,28.563,4018.19,1010.111,14343.071,1010.514,0.14,10,0.2229999999999563
29574,2024-11-28 16:00:00,13769.566,28.563,4018.343,1010.116,14343.919,1010.519,0.789,10,0.8389999999999418
29574,2024-11-28 17:00:00,13770.001,28.563,4018.384,1010.135,14344.348,1010.538,0.359,10,0.4349999999994907
29574,2024-11-28 18:00:00,13771.465,28.563,4018.425,1010.15,14345.765,1010.553,1.429,10,1.4639999999999418
29574,2024-11-28 19:00:00,13773.37,28.563,4018.463,1010.169,14347.604,1010.572,1.894,10,1.9050000000006548
29574,2024-11-28 20:00:00,13774.928,28.563,4018.535,1010.181,14349.12,1010.584,1.525,10,1.5579999999990832
29574,2024-11-28 21:00:00,13775.834,28.563,4018.575,1010.193,14350.001,1010.596,0.858,10,0.9060000000008586
29574,2024-11-28 22:00:00,13776.167,28.563,4018.607,1010.205,14350.33,1010.608,0.248,10,0.3329999999987194
29574,2024-11-28 23:00:00,13776.575,28.563,4018.668,1010.214,14350.739,1010.617,0.296,10,0.408000000001266
29574,2024-11-29 00:00:00,13776.843,28.563,4018.719,1010.228,14351.01,1010.631,0.153,10,0.2680000000000291
29574,2024-11-29 01:00:00,13777.088,28.563,4018.767,1010.263,14351.259,1010.666,0.173,10,0.2449999999989813
29574,2024-11-29 02:00:00,13777.371,28.563,4018.818,1010.274,14351.545,1010.677,0.162,10,0.282999999999447
29574,2024-11-29 03:00:00,13777.645,28.563,4018.86,1010.283,14351.82,1010.686,0.145,10,0.2740000000012514
29574,2024-11-29 04:00:00,13777.932,28.563,4018.909,1010.301,14352.109,1010.704,0.162,10,0.2870000000002619
29574,2024-11-29 05:00:00,13778.211,28.563,4018.953,1010.326,14352.389,1010.729,0.16,10,0.2789999999986321
29574,2024-11-29 06:00:00,13778.464,28.563,4018.986,1010.356,14352.641,1010.759,0.136,10,0.2530000000006112
29574,2024-11-29 07:00:00,13780.068,28.563,4019.04,1010.363,14354.196,1010.766,1.589,10,1.6039999999993595
29574,2024-11-29 08:00:00,13781.49,28.563,4019.111,1010.367,14355.581,1010.77,1.374,10,1.4220000000004802
29574,2024-11-29 09:00:00,13782.253,28.563,4019.167,1010.372,14356.329,1010.775,0.725,10,0.7630000000008295
29574,2024-11-29 10:00:00,13783.165,28.563,4019.221,1010.384,14357.22,1010.787,0.841,10,0.912000000000262
29574,2024-11-29 11:00:00,13783.827,28.563,4019.265,1010.389,14357.868,1010.792,0.61,10,0.661999999998443
29574,2024-11-29 12:00:00,13784.927,28.563,4019.319,1010.392,14358.939,1010.795,1.045,10,1.1000000000003638
29574,2024-11-29 13:00:00,13785.662,28.563,4019.414,1010.413,14359.671,1010.816,0.691,10,0.7350000000005821
29574,2024-11-29 14:00:00,13786.035,28.563,4019.557,1010.428,14360.069,1010.831,0.314,10,0.3729999999995925
29574,2024-11-29 21:00:00,13793.543,28.563,4019.939,1010.521,14367.384,1010.924,0.754,10,0.8040000000000873
29574,2024-11-29 22:00:00,13793.815,28.563,4019.996,1010.529,14367.661,1010.932,0.188,10,0.272000000000844
29574,2024-11-29 23:00:00,13794.016,28.606,4020.096,1010.662,14367.882,1011.066,0.181,10,0.2009999999991123
29574,2024-11-30 00:00:00,13794.235,28.606,4020.164,1010.672,14368.111,1011.076,0.175,10,0.2190000000009604
29574,2024-11-30 01:00:00,13794.543,28.606,4020.227,1010.68,14368.425,1011.084,0.246,10,0.3079999999990832
29574,2024-11-30 02:00:00,13794.861,28.606,4020.285,1010.683,14368.746,1011.087,0.259,10,0.3180000000011205
29574,2024-11-30 03:00:00,13795.092,28.606,4020.342,1010.687,14368.984,1011.091,0.174,10,0.2309999999997671
29574,2024-11-30 04:00:00,13795.311,28.606,4020.389,1010.691,14369.207,1011.095,0.17,10,0.2189999999991414
29574,2024-11-30 05:00:00,13795.516,28.606,4020.431,1010.702,14369.416,1011.106,0.152,10,0.2049999999999272
29574,2024-11-30 06:00:00,13795.762,28.606,4020.479,1010.713,14369.665,1011.117,0.168,10,0.246000000001004
29574,2024-11-30 07:00:00,13796.046,28.606,4020.534,1010.719,14369.954,1011.123,0.175,10,0.2839999999996507
29574,2024-11-30 08:00:00,13796.302,28.606,4020.573,1010.73,14370.21,1011.134,0.16,10,0.2559999999994033
29574,2024-11-30 09:00:00,13796.763,28.606,4020.677,1010.736,14370.682,1011.14,0.379,10,0.4610000000011496
29574,2024-11-30 10:00:00,13798.702,28.606,4020.8,1010.736,14372.578,1011.14,1.955,10,1.9389999999984864
29574,2024-11-30 11:00:00,13800.546,28.606,4020.864,1010.736,14374.366,1011.14,1.859,10,1.8440000000009604
29574,2024-11-30 12:00:00,13801.562,28.606,4020.918,1010.738,14375.357,1011.142,1.017,10,1.0159999999996217
29574,2024-11-30 13:00:00,13802.217,28.606,4020.974,1010.761,14376.001,1011.165,0.611,10,0.6550000000006548
29574,2024-11-30 14:00:00,13802.625,28.606,4021.015,1010.795,14376.404,1011.199,0.38,10,0.407999999999447
29574,2024-11-30 15:00:00,13802.836,28.606,4021.057,1010.816,14376.619,1011.22,0.124,10,0.2109999999993306
29574,2024-11-30 16:00:00,13803.045,28.606,4021.11,1010.843,14376.834,1011.247,0.125,10,0.2090000000007421
29574,2024-11-30 17:00:00,13803.435,28.606,4021.151,1010.868,14377.22,1011.272,0.234,10,0.3899999999994179
29574,2024-11-30 18:00:00,13804.36,28.606,4021.185,1010.881,14378.118,1011.285,0.859,10,0.9250000000010914
29574,2024-11-30 19:00:00,13806.097,28.606,4021.23,1010.894,14379.798,1011.298,1.735,10,1.7369999999991703
29574,2024-11-30 20:00:00,13807.364,28.606,4021.281,1010.91,14381.029,1011.314,1.23,10,1.2669999999998254
29574,2024-11-30 21:00:00,13808.387,28.606,4021.318,1010.927,14382.021,1011.331,0.921,10,1.0230000000010475
29574,2024-11-30 22:00:00,13808.705,28.606,4021.376,1010.935,14382.343,1011.339,0.185,10,0.3179999999993015
29574,2024-11-30 23:00:00,13809.032,28.606,4021.439,1010.959,14382.674,1011.363,0.171,10,0.326999999999316
29574,2024-12-01 02:00:00,13809.996,28.606,4021.615,1011.01,14383.649,1011.414,0.155,10,0.2909999999992578
29574,2024-12-01 03:00:00,13810.298,28.606,4021.657,1011.033,14383.951,1011.437,0.172,10,0.3020000000014988
29574,2024-12-01 04:00:00,13810.628,28.606,4021.69,1011.056,14384.277,1011.46,0.199,10,0.3299999999999272
29574,2024-12-01 05:00:00,13810.97,28.606,4021.741,1011.094,14384.62,1011.498,0.222,10,0.341999999998734
29574,2024-12-01 06:00:00,13811.272,28.606,4021.79,1011.129,14384.923,1011.533,0.181,10,0.3020000000014988
29574,2024-12-01 07:00:00,13812.45,28.606,4021.832,1011.161,14386.066,1011.565,1.125,10,1.1779999999998836
29574,2024-12-01 08:00:00,13814.284,28.606,4021.895,1011.166,14387.844,1011.57,1.781,10,1.8339999999989232
29574,2024-12-01 09:00:00,13815.027,28.606,4021.927,1011.182,14388.567,1011.586,0.659,10,0.7430000000003929
29574,2024-12-01 10:00:00,13815.909,28.606,4021.961,1011.196,14389.423,1011.6,0.831,10,0.8819999999996071
29574,2024-12-01 11:00:00,13816.608,28.606,4021.996,1011.218,14390.104,1011.622,0.65,10,0.6990000000005239
29574,2024-12-01 12:00:00,13817.52,28.606,4022.055,1011.222,14390.996,1011.626,0.857,10,0.912000000000262
29574,2024-12-01 13:00:00,13818.709,28.606,4022.091,1011.243,14392.148,1011.647,1.15,10,1.1890000000003056
29574,2024-12-01 14:00:00,13819.648,28.606,4022.17,1011.252,14393.072,1011.656,0.907,10,0.9389999999984866
29574,2024-12-01 15:00:00,13820.069,28.606,4022.311,1011.255,14393.515,1011.659,0.341,10,0.4210000000002765
29574,2024-12-01 16:00:00,13820.595,28.606,4022.358,1011.259,14394.033,1011.663,0.445,10,0.5259999999998399
29574,2024-12-01 17:00:00,13821.733,28.606,4022.4,1011.27,14395.138,1011.674,1.066,10,1.1380000000008297
29574,2024-12-01 18:00:00,13822.103,28.606,4022.428,1011.293,14395.501,1011.697,0.273,10,0.3699999999989813
29574,2024-12-01 19:00:00,13823.563,28.606,4022.471,1011.303,14396.915,1011.707,1.446,10,1.460000000000946
29574,2024-12-01 20:00:00,13824.822,28.606,4022.566,1011.303,14398.15,1011.707,1.2,10,1.2590000000000146
29574,2024-12-01 21:00:00,13825.722,28.606,4022.626,1011.321,14399.031,1011.725,0.852,10,0.8999999999996362
29574,2024-12-01 22:00:00,13825.992,28.606,4022.679,1011.329,14399.305,1011.733,0.208,10,0.2700000000004365
29574,2024-12-01 23:00:00,13826.723,28.606,4022.734,1011.338,14400.022,1011.742,0.693,10,0.7309999999997672
29574,2024-12-02 02:00:00,13827.319,28.606,4022.906,1011.367,14400.643,1011.771,0.119,10,0.1899999999986903
29574,2024-12-02 03:00:00,13827.514,28.606,4022.947,1011.382,14400.841,1011.786,0.133,10,0.1949999999997089
29574,2024-12-02 04:00:00,13827.702,28.606,4022.985,1011.403,14401.032,1011.807,0.121,10,0.1880000000001018
29574,2024-12-02 05:00:00,13827.872,28.606,4023.025,1011.421,14401.207,1011.825,0.125,10,0.1700000000000727
29574,2024-12-02 06:00:00,13828.07,28.606,4023.056,1011.435,14401.406,1011.839,0.124,10,0.1980000000003201
29574,2024-12-02 07:00:00,13829.747,28.606,4023.088,1011.452,14403.025,1011.856,1.656,10,1.67699999999968
29574,2024-12-02 08:00:00,13830.923,28.606,4023.137,1011.46,14404.168,1011.864,1.09,10,1.1760000000012951
29574,2024-12-02 09:00:00,13831.214,28.606,4023.182,1011.471,14404.46,1011.875,0.153,10,0.2909999999992578
29574,2024-12-02 10:00:00,13831.447,28.606,4023.214,1011.497,14404.692,1011.901,0.151,10,0.2330000000001746
29574,2024-12-02 15:00:00,13835.031,28.606,4023.455,1011.54,14408.201,1011.944,0.087,10,0.2170000000005529
29574,2024-12-02 16:00:00,13835.247,28.606,4023.501,1011.545,14408.421,1011.949,0.096,10,0.2159999999985302
29574,2024-12-02 17:00:00,13836.09,28.606,4023.546,1011.55,14409.243,1011.954,0.76,10,0.8430000000007567
29574,2024-12-02 18:00:00,13837.221,28.606,4023.604,1011.561,14410.346,1011.965,1.047,10,1.1309999999994034
29574,2024-12-02 19:00:00,13839.482,28.606,4023.654,1011.568,14412.531,1011.972,2.177,10,2.261000000000422
29574,2024-12-02 20:00:00,13840.651,28.606,4023.71,1011.586,14413.669,1011.99,1.054,10,1.168999999999869
29574,2024-12-02 21:00:00,13841.742,28.606,4023.753,1011.593,14414.728,1011.997,0.983,10,1.0910000000003492
29574,2024-12-02 22:00:00,13841.996,28.606,4023.8,1011.603,14414.985,1012.007,0.14,10,0.2539999999989959
29574,2024-12-02 23:00:00,13842.721,28.606,4023.855,1011.61,14415.697,1012.014,0.641,10,0.7250000000003638
29574,2024-12-03 00:00:00,13843.008,28.606,4023.918,1011.615,14415.99,1012.019,0.143,10,0.2870000000002619
29574,2024-12-03 01:00:00,13843.264,28.606,4023.968,1011.622,14416.25,1012.026,0.123,10,0.2559999999994033
29574,2024-12-03 02:00:00,13843.536,28.606,4024.022,1011.629,14416.526,1012.033,0.138,10,0.272000000000844
29574,2024-12-03 03:00:00,13843.79,28.606,4024.057,1011.637,14416.78,1012.041,0.13,10,0.2540000000008149
29574,2024-12-03 04:00:00,13844.035,28.606,4024.096,1011.652,14417.026,1012.056,0.121,10,0.2449999999989813
29574,2024-12-03 05:00:00,13844.282,28.606,4024.136,1011.671,14417.274,1012.075,0.135,10,0.2469999999993888
29574,2024-12-03 06:00:00,13844.507,28.606,4024.17,1011.686,14417.5,1012.09,0.123,10,0.2250000000003638
29574,2024-12-03 07:00:00,13846.169,28.606,4024.219,1011.693,14419.11,1012.097,1.669,10,1.662000000000262
29574,2024-12-03 08:00:00,13848.215,28.607,4024.309,1011.706,14421.099,1012.11,2.038,10,2.0460000000002765
29574,2024-12-03 09:00:00,13849.356,28.607,4024.456,1011.718,14422.236,1012.122,1.082,10,1.1409999999996217
29574,2024-12-03 10:00:00,13851.169,28.607,4024.519,1011.721,14423.995,1012.125,1.813,10,1.8130000000001016
29574,2024-12-03 11:00:00,13851.752,28.607,4024.561,1011.74,14424.566,1012.144,0.491,10,0.5830000000005384
29574,2024-12-03 12:00:00,13853.023,28.607,4024.619,1011.743,14425.803,1012.147,1.221,10,1.2709999999988213
29574,2024-12-03 13:00:00,13853.638,28.607,4024.681,1011.748,14426.411,1012.152,0.541,10,0.6150000000016007
29574,2024-12-03 14:00:00,13854.35,28.607,4024.732,1011.756,14427.109,1012.16,0.641,10,0.7119999999995343
29574,2024-12-03 15:00:00,13855.119,28.607,4024.797,1011.77,14427.865,1012.174,0.645,10,0.7690000000002328
29574,2024-12-03 16:00:00,13856.317,28.607,4024.867,1011.772,14429.035,1012.176,1.127,10,1.1979999999985012
29574,2024-12-03 17:00:00,13857.0,28.607,4024.927,1011.78,14429.708,1012.184,0.604,10,0.6830000000009022
29574,2024-12-03 18:00:00,13857.284,28.607,4024.967,1011.802,14429.992,1012.206,0.234,10,0.2839999999996507
29574,2024-12-03 19:00:00,13858.517,28.607,4025.043,1011.806,14431.197,1012.21,1.27,10,1.2330000000001746
29574,2024-12-03 20:00:00,13860.161,28.607,4025.098,1011.815,14432.791,1012.219,1.708,10,1.6440000000002328
29574,2024-12-03 21:00:00,13860.369,28.607,4025.143,1011.822,14433.004,1012.226,0.202,10,0.2080000000005384
29574,2024-12-03 22:00:00,13860.665,28.607,4025.207,1011.851,14433.306,1012.255,0.229,10,0.2960000000002765
29574,2024-12-03 23:00:00,13861.517,28.607,4025.285,1011.875,14434.146,1012.279,0.767,10,0.8519999999989523
29574,2024-12-04 00:00:00,13861.783,28.607,4025.347,1011.894,14434.418,1012.298,0.15,10,0.2659999999996216
29574,2024-12-04 01:00:00,13862.025,28.607,4025.403,1011.91,14434.666,1012.314,0.12,10,0.2420000000001891
29574,2024-12-04 02:00:00,13862.283,28.607,4025.462,1011.929,14434.931,1012.333,0.137,10,0.2579999999998108
29574,2024-12-04 03:00:00,13862.514,28.607,4025.496,1011.95,14435.162,1012.354,0.111,10,0.2309999999997671
29574,2024-12-04 04:00:00,13862.755,28.607,4025.546,1011.95,14435.407,1012.354,0.137,10,0.2409999999999854
29574,2024-12-04 05:00:00,13862.995,28.607,4025.591,1011.954,14435.65,1012.358,0.142,10,0.2400000000016007
29574,2024-12-04 06:00:00,13863.209,28.607,4025.622,1011.963,14435.864,1012.367,0.143,10,0.2139999999999418
29574,2024-12-04 07:00:00,13864.894,28.607,4025.717,1011.984,14437.509,1012.388,1.697,10,1.684999999999491
29574,2024-12-04 08:00:00,13866.956,28.607,4025.782,1011.996,14439.507,1012.4,2.065,10,2.061999999999898
29574,2024-12-04 09:00:00,13867.242,28.607,4025.836,1012.017,14439.797,1012.421,0.214,10,0.2860000000000582
29574,2024-12-04 10:00:00,13867.856,28.607,4025.87,1012.036,14440.396,1012.44,0.54,10,0.613999999999578
29574,2024-12-04 11:00:00,13868.783,28.607,4025.909,1012.052,14441.297,1012.456,1.13,10,0.92699999999968
29574,2024-12-04 12:00:00,13869.421,28.607,4025.942,1012.068,14441.919,1012.472,0.596,10,0.6380000000008295
29574,2024-12-04 13:00:00,13870.384,28.607,4025.988,1012.072,14442.857,1012.476,0.949,10,0.962999999999738
29574,2024-12-04 14:00:00,13871.415,28.607,4026.064,1012.076,14443.868,1012.48,1.046,10,1.0310000000008586
29574,2024-12-04 15:00:00,13871.577,28.607,4026.114,1012.083,14444.038,1012.487,0.121,10,0.1619999999984429
29574,2024-12-04 16:00:00,13872.335,28.607,4026.168,1012.086,14444.781,1012.49,0.735,10,0.7579999999998108
29574,2024-12-04 17:00:00,13872.793,28.607,4026.204,1012.1,14445.231,1012.504,0.417,10,0.4580000000005384
29574,2024-12-04 18:00:00,13873.926,28.607,4026.353,1012.105,14446.36,1012.509,1.168,10,1.1329999999998108
29574,2024-12-04 19:00:00,13876.113,28.607,4026.477,1012.114,14448.495,1012.518,2.243,10,2.186999999999898
29574,2024-12-04 20:00:00,13877.233,28.607,4026.525,1012.123,14449.584,1012.527,1.102,10,1.1200000000008004
29574,2024-12-04 21:00:00,13877.757,28.607,4026.582,1012.142,14450.103,1012.546,0.499,10,0.5239999999994325
29574,2024-12-04 22:00:00,13878.508,28.607,4026.637,1012.165,14450.84,1012.569,0.749,10,0.7510000000002037
29574,2024-12-04 23:00:00,13879.608,28.607,4026.704,1012.194,14451.915,1012.598,1.11,10,1.1000000000003638
29574,2024-12-06 02:00:00,13898.939,28.607,4028.371,1012.465,14470.946,1012.869,0.147,10,0.2170000000005529
29574,2024-12-06 03:00:00,13899.168,28.607,4028.42,1012.474,14471.179,1012.878,0.167,10,0.2289999999993597
29574,2024-12-06 04:00:00,13899.381,28.607,4028.463,1012.483,14471.396,1012.887,0.151,10,0.212999999999738
29574,2024-12-06 05:00:00,13899.602,28.607,4028.509,1012.492,14471.621,1012.896,0.159,10,0.2210000000013678
29574,2024-12-06 06:00:00,13899.802,28.607,4028.548,1012.515,14471.824,1012.919,0.147,10,0.1999999999989086
29574,2024-12-06 07:00:00,13900.466,28.607,4028.591,1012.519,14472.473,1012.923,0.62,10,0.6640000000006694
29574,2024-12-06 08:00:00,13901.285,28.607,4028.634,1012.526,14473.272,1012.93,0.721,10,0.8189999999995052
29574,2024-12-06 09:00:00,13902.246,28.607,4028.665,1012.533,14474.204,1012.937,0.913,10,0.9609999999993306
29574,2024-12-06 10:00:00,13903.982,28.607,4028.804,1012.537,14475.91,1012.941,1.718,10,1.7360000000007858
29574,2024-12-06 11:00:00,13906.362,28.607,4028.916,1012.541,14478.227,1012.945,2.403,10,2.3799999999992
29574,2024-12-06 12:00:00,13906.978,28.607,4028.953,1012.559,14478.829,1012.963,0.539,10,0.6159999999999854
29574,2024-12-06 13:00:00,13907.948,28.607,4029.043,1012.563,14479.786,1012.967,0.928,10,0.9700000000011642
29574,2024-12-06 14:00:00,13908.617,28.607,4029.083,1012.57,14480.439,1012.974,0.605,10,0.668999999999869
29574,2024-12-06 15:00:00,13909.966,28.607,4029.137,1012.571,14481.75,1012.975,1.31,10,1.34900000000016
29574,2024-12-06 16:00:00,13910.309,28.607,4029.193,1012.578,14482.095,1012.982,0.27,10,0.3429999999989377
29574,2024-12-06 17:00:00,13910.524,28.607,4029.236,1012.593,14482.314,1012.997,0.159,10,0.2150000000001455
29574,2024-12-06 18:00:00,13910.862,28.607,4029.276,1012.622,14482.649,1013.025,0.211,10,0.337999999999738
29574,2024-12-06 19:00:00,13912.519,28.607,4029.328,1012.629,14484.255,1013.032,1.572,10,1.6570000000010623
29574,2024-12-06 20:00:00,13913.746,28.607,4029.373,1012.638,14485.446,1013.041,1.177,10,1.2269999999989525
29574,2024-12-06 21:00:00,13914.059,28.607,4029.399,1012.658,14485.754,1013.061,0.227,10,0.3130000000001018
29574,2024-12-06 22:00:00,13914.427,28.607,4029.425,1012.677,14486.115,1013.08,0.274,10,0.3680000000003929
29574,2024-12-06 23:00:00,13914.776,28.607,4029.524,1012.691,14486.478,1013.094,0.239,10,0.34900000000016
29574,2024-12-07 02:00:00,13916.096,28.607,4029.732,1012.749,14487.804,1013.152,0.175,10,0.2449999999989813
29574,2024-12-07 03:00:00,13916.332,28.607,4029.805,1012.763,14488.051,1013.166,0.177,10,0.2360000000007858
29574,2024-12-07 04:00:00,13916.55,28.607,4029.866,1012.786,14488.277,1013.189,0.167,10,0.2179999999989377
29574,2024-12-07 05:00:00,13916.747,28.607,4029.906,1012.796,14488.477,1013.199,0.148,10,0.1970000000001164
29574,2024-12-07 06:00:00,13916.92,28.607,4029.947,1012.811,14488.655,1013.214,0.158,10,0.1730000000006839
29574,2024-12-07 07:00:00,13917.195,28.607,4029.997,1012.83,14488.933,1013.233,0.182,10,0.2749999999996362
29574,2024-12-07 08:00:00,13918.405,28.607,4030.061,1012.837,14490.113,1013.24,1.179,10,1.210000000000946
29574,2024-12-07 09:00:00,13918.711,28.607,4030.114,1012.841,14490.422,1013.244,0.233,10,0.3059999999986758
29574,2024-12-07 10:00:00,13920.573,28.607,4030.195,1012.841,14492.233,1013.244,1.864,10,1.8620000000009893
29574,2024-12-07 11:00:00,13922.29,28.607,4030.235,1012.843,14493.893,1013.246,1.667,10,1.717000000000553
29574,2024-12-07 12:00:00,13923.273,28.607,4030.261,1012.862,14494.845,1013.265,0.898,10,0.9829999999983556
29574,2024-12-07 13:00:00,13924.835,28.607,4030.295,1012.88,14496.354,1013.283,1.45,10,1.561999999999898
29574,2024-12-07 14:00:00,13925.302,28.607,4030.381,1012.89,14496.827,1013.293,0.354,10,0.467000000000553
29574,2024-12-07 15:00:00,13926.996,28.607,4030.432,1012.891,14498.468,1013.294,1.625,10,1.6939999999995052
29574,2024-12-07 16:00:00,13927.696,28.607,4030.488,1012.893,14499.156,1013.296,0.642,10,0.7000000000007276
29574,2024-12-07 17:00:00,13928.245,28.608,4030.561,1012.912,14499.704,1013.315,0.499,10,0.5490000000008877
29574,2024-12-07 18:00:00,13928.921,28.608,4030.644,1012.936,14500.376,1013.339,0.619,10,0.6759999999994761
29574,2024-12-07 19:00:00,13930.451,28.608,4030.725,1012.965,14501.869,1013.368,1.528,10,1.5299999999988358
29574,2024-12-07 20:00:00,13931.609,28.608,4030.75,1013.005,14502.988,1013.408,1.161,10,1.158000000001266
29574,2024-12-07 21:00:00,13932.077,28.608,4030.787,1013.034,14503.448,1013.437,0.479,10,0.4679999999989377
29574,2024-12-07 22:00:00,13932.812,28.608,4030.821,1013.074,14504.163,1013.477,0.717,10,0.7350000000005821
29574,2024-12-07 23:00:00,13933.394,28.608,4030.878,1013.088,14504.738,1013.491,0.519,10,0.5820000000003347
29574,2024-12-08 00:00:00,13933.717,28.608,4030.938,1013.101,14505.065,1013.504,0.303,10,0.3230000000003201
29574,2024-12-08 01:00:00,13933.917,28.608,4030.98,1013.113,14505.269,1013.516,0.159,10,0.1999999999989086
29574,2024-12-08 02:00:00,13934.214,28.608,4031.028,1013.127,14505.568,1013.53,0.256,10,0.2970000000004802
29574,2024-12-08 03:00:00,13934.405,28.608,4031.066,1013.149,14505.762,1013.552,0.141,10,0.191000000000713
29574,2024-12-08 04:00:00,13934.58,28.608,4031.109,1013.17,14505.942,1013.573,0.148,10,0.1749999999992724
29574,2024-12-08 05:00:00,13934.779,28.608,4031.146,1013.2,14506.143,1013.603,0.147,10,0.1990000000005238
29574,2024-12-08 06:00:00,13934.994,28.608,4031.18,1013.238,14506.359,1013.641,0.131,10,0.2150000000001455
29574,2024-12-08 07:00:00,13935.468,28.608,4031.209,1013.261,14506.823,1013.664,0.379,10,0.47400000000016
29574,2024-12-08 08:00:00,13935.905,28.608,4031.245,1013.284,14507.252,1013.687,0.327,10,0.4369999999998981
29574,2024-12-08 09:00:00,13937.141,28.608,4031.327,1013.295,14508.462,1013.698,1.177,10,1.2359999999989668
29574,2024-12-08 10:00:00,13939.184,28.608,4031.396,1013.295,14510.444,1013.698,2.058,10,2.0429999999996653
29574,2024-12-08 11:00:00,13941.329,28.608,4031.425,1013.304,14512.513,1013.707,1.538,10,2.145000000000437
29574,2024-12-08 12:00:00,13943.062,28.608,4031.529,1013.31,14514.206,1013.713,1.734,10,1.7330000000001746
29574,2024-12-08 13:00:00,13944.456,28.608,4031.617,1013.314,14515.57,1013.717,1.398,10,1.3940000000002328
29574,2024-12-08 14:00:00,13944.703,28.608,4031.664,1013.323,14515.82,1013.726,0.247,10,0.2469999999993888
29574,2024-12-08 15:00:00,13945.668,28.608,4031.72,1013.326,14516.763,1013.729,0.964,10,0.9650000000001456
29574,2024-12-08 16:00:00,13946.069,28.608,4031.775,1013.337,14517.163,1013.74,0.4,10,0.4009999999998399
29574,2024-12-08 17:00:00,13946.555,28.608,4031.823,1013.346,14517.644,1013.749,0.487,10,0.4860000000007858
29574,2024-12-08 18:00:00,13948.041,28.608,4031.881,1013.356,14519.087,1013.759,1.433,10,1.4859999999989668
29574,2024-12-08 19:00:00,13950.247,28.608,4031.915,1013.371,14521.216,1013.774,2.225,10,2.206000000000131
29574,2024-12-08 20:00:00,13951.935,28.608,4031.949,1013.411,14522.847,1013.814,1.675,10,1.688000000000102
29574,2024-12-08 21:00:00,13952.712,28.608,4031.991,1013.422,14523.605,1013.825,0.755,10,0.7770000000000437
29574,2024-12-08 22:00:00,13953.168,28.608,4032.046,1013.434,14524.059,1013.837,0.388,10,0.4560000000001309
29574,2024-12-08 23:00:00,13953.535,28.608,4032.166,1013.445,14524.444,1013.848,0.311,10,0.3670000000001892
29574,2024-12-09 03:00:00,13954.371,28.608,4032.385,1013.484,14525.308,1013.887,0.131,10,0.1949999999997089
29574,2024-12-09 04:00:00,13954.599,28.608,4032.435,1013.487,14525.541,1013.89,0.153,10,0.2280000000009749
29574,2024-12-09 05:00:00,13954.845,28.608,4032.485,1013.499,14525.792,1013.902,0.167,10,0.2459999999991851
29574,2024-12-09 06:00:00,13955.064,28.608,4032.524,1013.52,14526.013,1013.923,0.145,10,0.2190000000009604
29574,2024-12-09 07:00:00,13955.702,28.608,4032.558,1013.538,14526.635,1013.941,0.541,10,0.6379999999990105
29574,2024-12-09 08:00:00,13956.757,28.608,4032.591,1013.561,14527.658,1013.964,0.997,10,1.055000000000291
29574,2024-12-09 09:00:00,13957.715,28.608,4032.65,1013.576,14528.595,1013.979,0.875,10,0.9580000000005384
29574,2024-12-09 10:00:00,13959.313,28.608,4032.69,1013.597,14530.141,1014.0,1.551,10,1.5979999999999563
29574,2024-12-09 11:00:00,13960.692,28.608,4032.831,1013.597,14531.505,1014.0,1.117,10,1.378999999998996
29574,2024-12-09 12:00:00,13961.533,28.608,4032.953,1013.597,14532.347,1014.0,0.84,10,0.8410000000003492
29574,2024-12-09 13:00:00,13962.248,28.608,4032.99,1013.6,14533.044,1014.003,0.714,10,0.7150000000001455
29574,2024-12-09 14:00:00,13963.655,28.608,4033.043,1013.6,14534.41,1014.003,1.407,10,1.4070000000010623
29574,2024-12-09 15:00:00,13964.142,28.608,4033.09,1013.602,14534.891,1014.005,0.487,10,0.4869999999991705
29574,2024-12-09 16:00:00,13965.522,28.608,4033.146,1013.602,14536.233,1014.005,1.378,10,1.3800000000010186
29574,2024-12-09 17:00:00,13965.725,28.608,4033.183,1013.618,14536.438,1014.021,0.203,10,0.2029999999995198
29574,2024-12-09 18:00:00,13966.577,28.608,4033.21,1013.634,14537.264,1014.037,0.851,10,0.8519999999989523
29574,2024-12-09 19:00:00,13968.8,28.608,4033.259,1013.641,14539.413,1014.044,2.223,10,2.2229999999999563
29574,2024-12-09 20:00:00,13970.429,28.608,4033.312,1013.644,14540.993,1014.047,1.629,10,1.629000000000815
29574,2024-12-09 21:00:00,13971.876,28.608,4033.358,1013.653,14542.396,1014.056,1.445,10,1.4470000000001164
29574,2024-12-09 22:00:00,13972.138,28.608,4033.474,1013.657,14542.68,1014.06,0.262,10,0.2620000000006257
29574,2024-12-09 23:00:00,13972.319,28.608,4033.55,1013.664,14542.875,1014.067,0.181,10,0.1809999999986757
29574,2024-12-10 02:00:00,13972.835,28.608,4033.705,1013.691,14543.414,1014.094,0.159,10,0.1599999999998544
29574,2024-12-10 03:00:00,13973.009,28.608,4033.752,1013.702,14543.594,1014.105,0.175,10,0.1740000000008876
29574,2024-12-10 04:00:00,13973.192,28.608,4033.793,1013.708,14543.781,1014.111,0.182,10,0.1829999999990832
29574,2024-12-10 05:00:00,13973.355,28.608,4033.834,1013.718,14543.949,1014.121,0.163,10,0.1630000000004656
29574,2024-12-10 06:00:00,13973.531,28.608,4033.879,1013.724,14544.131,1014.127,0.175,10,0.1760000000012951
29574,2024-12-10 07:00:00,13974.541,28.608,4033.899,1013.738,14545.106,1014.141,1.01,10,1.0099999999983993
29574,2024-12-10 08:00:00,13975.308,28.608,4033.935,1013.769,14545.853,1014.172,0.766,10,0.7670000000016444
29574,2024-12-10 09:00:00,13976.198,28.608,4033.971,1013.779,14546.718,1014.182,0.889,10,0.8899999999994179
29574,2024-12-10 10:00:00,13977.317,28.608,4034.017,1013.785,14547.806,1014.188,1.119,10,1.1189999999987776
29574,2024-12-10 11:00:00,13978.109,28.608,4034.055,1013.797,14548.578,1014.2,0.792,10,0.7920000000012806
29574,2024-12-10 12:00:00,13979.058,28.608,4034.09,1013.804,14549.499,1014.207,0.947,10,0.949000000000524
29574,2024-12-10 13:00:00,13979.206,28.608,4034.135,1013.809,14549.654,1014.212,0.147,10,0.1479999999992287
29574,2024-12-10 14:00:00,13979.346,28.608,4034.176,1013.817,14549.8,1014.22,0.14,10,0.1399999999994179
29574,2024-12-10 15:00:00,13980.125,28.608,4034.207,1013.823,14550.557,1014.226,0.778,10,0.7790000000004511
29574,2024-12-10 16:00:00,13980.316,28.608,4034.249,1013.834,14550.752,1014.237,0.19,10,0.191000000000713
29574,2024-12-10 17:00:00,13981.667,28.608,4034.292,1013.837,14552.062,1014.24,1.351,10,1.3509999999987483
29574,2024-12-10 18:00:00,13982.295,28.608,4034.31,1013.853,14552.67,1014.256,0.628,10,0.6280000000006112
29574,2024-12-10 19:00:00,13983.713,28.608,4034.37,1013.853,14554.049,1014.256,1.416,10,1.4179999999996653
29574,2024-12-10 20:00:00,13984.936,28.608,4034.422,1013.861,14555.239,1014.264,1.223,10,1.2229999999999563
29574,2024-12-10 21:00:00,13986.483,28.608,4034.448,1013.871,14556.733,1014.274,1.547,10,1.5470000000004802
29574,2024-12-10 22:00:00,13987.403,28.608,4034.487,1013.878,14557.627,1014.281,0.92,10,0.9200000000000728
29574,2024-12-10 23:00:00,13988.089,28.608,4034.523,1013.886,14558.296,1014.289,0.686,10,0.6859999999996944
29574,2024-12-11 02:00:00,13988.549,28.608,4034.627,1013.908,14558.767,1014.311,0.153,10,0.1530000000002473
29574,2024-12-11 03:00:00,13988.703,28.608,4034.671,1013.917,14558.927,1014.32,0.153,10,0.1539999999986321
29574,2024-12-11 04:00:00,13988.853,28.608,4034.712,1013.925,14559.083,1014.328,0.15,10,0.1499999999996362
29574,2024-12-11 05:00:00,13988.982,28.608,4034.74,1013.934,14559.215,1014.337,0.128,10,0.1290000000008149
29574,2024-12-11 06:00:00,13989.136,28.608,4034.783,1013.943,14559.374,1014.346,0.153,10,0.1540000000004511
29574,2024-12-11 07:00:00,13989.958,28.608,4034.813,1013.953,14560.173,1014.356,0.822,10,0.8220000000001164
29574,2024-12-11 08:00:00,13991.796,28.608,4034.837,1013.954,14561.945,1014.357,1.838,10,1.837999999999738
29574,2024-12-11 09:00:00,13993.277,28.608,4034.874,1013.966,14563.379,1014.369,1.481,10,1.4809999999997672
29574,2024-12-11 10:00:00,13994.188,28.608,4034.925,1013.972,14564.268,1014.375,1.951,10,0.9110000000000582
29574,2024-12-11 11:00:00,13995.566,28.608,4035.084,1013.973,14565.636,1014.376,1.378,10,1.3780000000006112
29574,2024-12-11 12:00:00,13996.551,28.608,4035.116,1013.975,14566.591,1014.378,0.983,10,0.9849999999987632
29574,2024-12-11 13:00:00,13996.76,28.608,4035.197,1013.982,14566.815,1014.385,0.208,10,0.2090000000007421
29574,2024-12-11 14:00:00,13997.47,28.608,4035.247,1013.988,14567.511,1014.391,0.71,10,0.7099999999991269
29574,2024-12-11 15:00:00,13998.7,28.608,4035.31,1013.99,14568.71,1014.393,2.19,10,1.2300000000013824
29574,2024-12-11 21:00:00,14007.101,28.608,4035.592,1014.032,14576.861,1014.435,1.323,10,1.32300000000032
29574,2024-12-11 22:00:00,14007.436,28.608,4035.612,1014.038,14577.188,1014.441,0.334,10,0.3349999999991269
29574,2024-12-11 23:00:00,14007.601,28.608,4035.658,1014.044,14577.359,1014.447,0.165,10,0.1650000000008731
29574,2024-12-12 00:00:00,14007.734,28.608,4035.683,1014.058,14577.494,1014.461,0.133,10,0.1329999999998108
29574,2024-12-12 01:00:00,14007.898,28.608,4035.724,1014.064,14577.663,1014.467,0.163,10,0.1639999999988504
29574,2024-12-12 02:00:00,14008.039,28.608,4035.756,1014.078,14577.807,1014.481,0.14,10,0.1410000000014406
29574,2024-12-12 03:00:00,14008.196,28.608,4035.794,1014.085,14577.969,1014.488,0.157,10,0.1569999999992433
29574,2024-12-12 04:00:00,14008.328,28.608,4035.815,1014.097,14578.101,1014.5,0.131,10,0.1319999999996071
29574,2024-12-12 05:00:00,14008.486,28.608,4035.857,1014.103,14578.265,1014.506,0.157,10,0.158000000001266
29574,2024-12-12 06:00:00,14008.615,28.608,4035.877,1014.113,14578.394,1014.516,0.13,10,0.1289999999989959
29574,2024-12-12 07:00:00,14009.331,28.608,4035.92,1014.122,14579.094,1014.525,0.716,10,0.7160000000003492
29574,2024-12-12 08:00:00,14010.81,28.608,4035.937,1014.138,14580.52,1014.541,1.478,10,1.4789999999993595
29574,2024-12-12 09:00:00,14011.784,28.608,4035.958,1014.159,14581.462,1014.562,0.973,10,0.97400000000016
29574,2024-12-12 10:00:00,14013.635,28.608,4035.994,1014.169,14583.251,1014.572,1.85,10,1.8510000000005675
29574,2024-12-12 11:00:00,14014.29,28.608,4036.037,1014.183,14583.892,1014.586,0.655,10,0.6550000000006548
29574,2024-12-12 12:00:00,14016.06,28.608,4036.097,1014.183,14585.609,1014.586,1.769,10,1.7699999999986176
29574,2024-12-12 13:00:00,14016.48,28.608,4036.233,1014.186,14586.051,1014.589,0.421,10,0.4200000000000727
29574,2024-12-12 14:00:00,14016.716,28.608,4036.294,1014.198,14586.294,1014.601,0.236,10,0.2360000000007858
29574,2024-12-12 15:00:00,14017.326,28.608,4036.329,1014.222,14586.89,1014.625,0.104,10,0.6099999999987631
29574,2024-12-12 20:00:00,14023.719,28.608,4036.487,1014.32,14593.077,1014.723,1.469,10,1.6089999999985594
29574,2024-12-12 21:00:00,14025.385,28.608,4036.525,1014.346,14594.689,1014.749,1.617,10,1.6660000000010768
29574,2024-12-12 22:00:00,14027.09,28.608,4036.583,1014.346,14596.343,1014.749,1.638,10,1.7049999999999272
29574,2024-12-12 23:00:00,14027.923,28.608,4036.612,1014.35,14597.152,1014.753,0.721,10,0.8330000000005384
29574,2024-12-13 00:00:00,14028.171,28.608,4036.652,1014.359,14597.401,1014.762,0.141,10,0.2479999999995925
29574,2024-12-13 01:00:00,14028.469,28.608,4036.674,1014.374,14597.694,1014.777,0.148,10,0.2979999999988649
29574,2024-12-13 02:00:00,14028.769,28.608,4036.715,1014.399,14597.993,1014.802,0.148,10,0.3000000000010914
29574,2024-12-13 03:00:00,14029.045,28.608,4036.736,1014.428,14598.265,1014.831,0.149,10,0.2759999999998399
29574,2024-12-13 04:00:00,14029.28,28.608,4036.766,1014.478,14598.499,1014.881,0.138,10,0.235000000000582
29574,2024-12-13 05:00:00,14029.514,28.608,4036.795,1014.518,14598.732,1014.921,0.144,10,0.2339999999985593
29574,2024-12-13 06:00:00,14029.705,28.608,4036.811,1014.579,14598.92,1014.982,0.128,10,0.191000000000713
29574,2024-12-13 07:00:00,14030.554,28.608,4036.852,1014.609,14599.747,1015.012,0.833,10,0.8490000000001601
29574,2024-12-13 08:00:00,14031.873,28.608,4036.874,1014.618,14601.02,1015.021,1.328,10,1.3189999999995052
29574,2024-12-13 09:00:00,14033.37,28.608,4036.918,1014.634,14602.471,1015.037,1.476,10,1.4970000000012078
29574,2024-12-13 10:00:00,14035.08,28.608,4036.977,1014.649,14604.131,1015.052,1.331,10,1.7099999999991269
29574,2024-12-13 11:00:00,14035.71,28.608,4037.018,1014.654,14604.748,1015.057,0.63,10,0.6299999999991996
29574,2024-12-13 12:00:00,14036.764,28.608,4037.056,1014.657,14605.771,1015.06,1.053,10,1.054000000000087
29574,2024-12-13 13:00:00,14038.142,28.608,4037.105,1014.658,14607.109,1015.061,1.377,10,1.3780000000006112
29574,2024-12-13 14:00:00,14038.922,28.608,4037.13,1014.664,14607.866,1015.067,0.779,10,0.7800000000006548
29574,2024-12-13 15:00:00,14039.034,28.608,4037.175,1014.672,14607.986,1015.075,0.11,10,0.1119999999991705
29574,2024-12-13 16:00:00,14039.125,28.608,4037.198,1014.68,14608.079,1015.083,0.091,10,0.0910000000003492
29574,2024-12-13 17:00:00,14040.354,28.608,4037.249,1014.682,14609.275,1015.085,1.648,10,1.2289999999993595
29574,2024-12-13 18:00:00,14041.997,28.608,4037.29,1014.693,14610.865,1015.096,1.569,10,1.643000000000029
29574,2024-12-13 19:00:00,14043.143,28.608,4037.321,1014.717,14611.975,1015.12,1.078,10,1.1460000000006405
29574,2024-12-13 20:00:00,14045.034,28.608,4037.362,1014.718,14613.804,1015.121,1.876,10,1.8909999999996217
29574,2024-12-13 21:00:00,14046.535,28.608,4037.391,1014.742,14615.254,1015.145,1.489,10,1.5010000000002035
29574,2024-12-13 22:00:00,14046.899,28.608,4037.425,1014.788,14615.613,1015.191,0.254,10,0.363999999999578
29574,2024-12-13 23:00:00,14047.404,28.608,4037.461,1014.804,14616.109,1015.207,0.366,10,0.5050000000010186
29574,2024-12-14 00:00:00,14047.679,28.608,4037.53,1014.812,14616.392,1015.215,0.147,10,0.2749999999996362
29574,2024-12-14 01:00:00,14047.935,28.608,4037.608,1014.816,14616.66,1015.219,0.15,10,0.2559999999994033
29574,2024-12-14 02:00:00,14048.135,28.608,4037.655,1014.827,14616.865,1015.23,0.115,10,0.2000000000007276
29574,2024-12-14 03:00:00,14048.394,28.608,4037.751,1014.84,14617.14,1015.243,0.18,10,0.2590000000000145
29574,2024-12-14 04:00:00,14048.601,28.608,4037.799,1014.846,14617.353,1015.249,0.115,10,0.2070000000003347
29574,2024-12-14 05:00:00,14048.809,28.608,4037.855,1014.857,14617.568,1015.26,0.122,10,0.2079999999987194
29574,2024-12-14 06:00:00,14049.017,28.608,4037.896,1014.865,14617.779,1015.268,0.116,10,0.2080000000005384
29574,2024-12-14 07:00:00,14049.185,28.608,4037.919,1014.875,14617.947,1015.278,0.114,10,0.1679999999996653
29574,2024-12-14 08:00:00,14049.953,28.608,4037.953,1014.896,14618.695,1015.299,0.689,10,0.7680000000000291
29574,2024-12-14 09:00:00,14051.088,28.608,4038.002,1014.904,14619.799,1015.307,1.091,10,1.1350000000002185
29574,2024-12-14 10:00:00,14052.655,28.608,4038.068,1014.921,14621.323,1015.324,1.575,10,1.5670000000009168
29574,2024-12-14 11:00:00,14054.43,28.608,4038.142,1014.923,14623.05,1015.326,1.808,10,1.7749999999996362
29574,2024-12-14 12:00:00,14055.16,28.608,4038.295,1014.923,14623.793,1015.326,0.708,10,0.7299999999995634
29574,2024-12-14 13:00:00,14056.693,28.608,4038.414,1014.93,14625.3,1015.333,1.532,10,1.532999999999447
29574,2024-12-14 14:00:00,14058.681,28.608,4038.48,1014.93,14627.229,1015.333,1.735,10,1.9880000000011933
29574,2024-12-14 15:00:00,14060.328,28.608,4038.567,1014.936,14628.836,1015.339,1.593,10,1.646999999999025
29574,2024-12-14 20:00:00,14070.191,28.608,4038.723,1015.108,14638.359,1015.511,2.001,10,2.04700000000048
29574,2024-12-14 21:00:00,14071.53,28.608,4038.754,1015.121,14639.654,1015.524,1.07,10,1.3389999999999418
29574,2024-12-14 22:00:00,14071.837,28.608,4038.774,1015.138,14639.955,1015.541,0.177,10,0.3069999999988795
29574,2024-12-16 01:00:00,14092.944,28.609,4040.126,1015.5,14660.616,1015.902,0.134,10,0.1869999999998981
29574,2024-12-16 02:00:00,14093.148,28.609,4040.186,1015.509,14660.829,1015.911,0.139,10,0.2039999999997235
29574,2024-12-16 03:00:00,14093.341,28.609,4040.238,1015.52,14661.029,1015.922,0.131,10,0.1930000000011205
29574,2024-12-16 04:00:00,14093.545,28.609,4040.297,1015.528,14661.241,1015.93,0.15,10,0.2039999999997235
29574,2024-12-16 05:00:00,14093.704,28.609,4040.336,1015.533,14661.405,1015.935,0.119,10,0.1589999999996507
29574,2024-12-16 06:00:00,14093.865,28.609,4040.374,1015.542,14661.57,1015.944,0.145,10,0.1610000000000582
29574,2024-12-16 07:00:00,14095.027,28.609,4040.404,1015.577,14662.695,1015.979,1.114,10,1.162000000000262
29574,2024-12-16 08:00:00,14096.681,28.609,4040.448,1015.578,14664.297,1015.98,2.041,10,1.654000000000451
29574,2024-12-16 09:00:00,14097.818,28.609,4040.478,1015.594,14665.399,1015.996,1.072,10,1.1369999999988067
29574,2024-12-16 12:00:00,14102.309,28.609,4040.767,1015.609,14669.796,1016.011,1.455,10,1.456000000000131
29574,2024-12-16 18:00:00,14105.514,28.609,4041.098,1015.657,14672.968,1016.059,1.659,10,1.6589999999996508
29574,2024-12-16 19:00:00,14107.001,28.609,4041.141,1015.671,14674.409,1016.073,1.487,10,1.4870000000009895
29574,2024-12-16 20:00:00,14107.385,28.609,4041.174,1015.698,14674.787,1016.1,0.384,10,0.3840000000000145
29574,2024-12-17 01:00:00,14110.41,28.609,4041.458,1015.753,14677.774,1016.155,0.119,10,0.2189999999991414
29574,2024-12-17 02:00:00,14110.626,28.609,4041.522,1015.756,14677.999,1016.158,0.133,10,0.2160000000003492
29574,2024-12-17 03:00:00,14110.816,28.609,4041.57,1015.767,14678.195,1016.169,0.112,10,0.1900000000005093
29574,2024-12-17 04:00:00,14111.01,28.609,4041.616,1015.775,14678.394,1016.177,0.121,10,0.1939999999995052
29574,2024-12-17 05:00:00,14111.186,28.609,4041.65,1015.797,14678.572,1016.199,0.111,10,0.1759999999994761
29574,2024-12-17 06:00:00,14111.367,28.609,4041.688,1015.819,14678.757,1016.221,0.128,10,0.1810000000004947
29574,2024-12-17 14:00:00,14118.615,28.609,4042.016,1015.912,14685.815,1016.314,0.171,10,0.1720000000004802
29574,2024-12-17 15:00:00,14119.254,28.609,4042.156,1015.917,14686.468,1016.319,0.638,10,0.6390000000010332
29574,2024-12-17 16:00:00,14119.571,28.609,4042.26,1015.92,14686.801,1016.322,0.292,10,0.3169999999990978
29574,2024-12-17 17:00:00,14120.441,28.609,4042.302,1015.935,14687.649,1016.337,0.803,10,0.8700000000008004
29574,2024-12-17 18:00:00,14122.584,28.609,4042.354,1015.969,14689.724,1016.371,2.101,10,2.143000000000029
29574,2024-12-17 19:00:00,14124.006,28.609,4042.405,1015.995,14691.105,1016.397,1.394,10,1.4219999999986612
29574,2024-12-17 20:00:00,14124.479,28.609,4042.432,1016.078,14691.567,1016.48,0.433,10,0.4729999999999563
29574,2024-12-17 21:00:00,14124.778,28.609,4042.465,1016.12,14691.864,1016.522,0.244,10,0.2990000000008876
29574,2024-12-17 22:00:00,14125.341,28.609,4042.476,1016.184,14692.408,1016.586,0.506,10,0.5630000000001019
29574,2024-12-17 23:00:00,14125.796,28.609,4042.605,1016.196,14692.881,1016.598,0.362,10,0.4549999999999272
29574,2024-12-18 00:00:00,14126.031,28.609,4042.664,1016.205,14693.123,1016.607,0.157,10,0.235000000000582
29574,2024-12-18 01:00:00,14126.29,28.609,4042.733,1016.219,14693.391,1016.621,0.19,10,0.2590000000000145
29574,2024-12-18 02:00:00,14126.515,28.609,4042.769,1016.253,14693.617,1016.655,0.159,10,0.2249999999985448
29574,2024-12-18 03:00:00,14126.813,28.609,4042.81,1016.269,14693.915,1016.671,0.242,10,0.2980000000006839
29574,2024-12-18 04:00:00,14127.045,28.609,4042.848,1016.289,14694.149,1016.691,0.165,10,0.2319999999999709
29574,2024-12-18 05:00:00,14127.258,28.609,4042.885,1016.3,14694.364,1016.702,0.161,10,0.212999999999738
29574,2024-12-18 06:00:00,14127.464,28.609,4042.911,1016.337,14694.569,1016.739,0.141,10,0.2060000000001309
29574,2024-12-18 07:00:00,14128.381,28.609,4042.947,1016.347,14695.46,1016.749,0.865,10,0.9169999999994616
29574,2024-12-18 08:00:00,14130.252,28.609,4042.991,1016.365,14697.271,1016.767,1.441,10,1.871000000001004
29574,2024-12-18 09:00:00,14131.117,28.609,4043.026,1016.379,14698.113,1016.781,0.863,10,0.8649999999997817
29574,2024-12-18 10:00:00,14132.484,28.609,4043.073,1016.382,14699.44,1016.784,1.367,10,1.3670000000001892
29574,2024-12-18 11:00:00,14133.49,28.609,4043.123,1016.39,14700.421,1016.792,1.046,10,1.0059999999994034
29574,2024-12-18 12:00:00,14133.827,28.609,4043.2,1016.41,14700.766,1016.812,0.132,10,0.3369999999995343
29574,2024-12-18 13:00:00,14134.581,28.609,4043.242,1016.448,14701.502,1016.85,0.705,10,0.7540000000008149
29574,2024-12-18 17:00:00,14136.848,28.609,4043.527,1016.492,14703.76,1016.894,1.098,10,1.1329999999998108
29574,2024-12-18 18:00:00,14137.537,28.609,4043.567,1016.517,14704.434,1016.919,0.626,10,0.6890000000003056
29574,2024-12-18 19:00:00,14139.856,28.609,4043.609,1016.533,14706.675,1016.935,2.227,10,2.318999999999505
29574,2024-12-18 20:00:00,14141.837,28.609,4043.666,1016.535,14708.595,1016.937,1.929,10,1.9809999999997672
29574,2024-12-18 21:00:00,14142.527,28.609,4043.692,1016.573,14709.266,1016.975,0.641,10,0.6900000000005093
29574,2024-12-18 22:00:00,14143.138,28.609,4043.722,1016.583,14709.862,1016.985,0.587,10,0.6110000000007858
29574,2024-12-18 23:00:00,14144.09,28.609,4043.804,1016.591,14710.799,1016.993,0.939,10,0.951999999999316
29574,2024-12-19 00:00:00,14144.307,28.609,4043.872,1016.596,14711.027,1016.998,0.148,10,0.2170000000005529
29574,2024-12-19 01:00:00,14144.485,28.609,4043.914,1016.615,14711.209,1017.017,0.105,10,0.1779999999998835
29574,2024-12-19 02:00:00,14144.669,28.609,4043.959,1016.626,14711.399,1017.028,0.13,10,0.1839999999992869
29574,2024-12-19 03:00:00,14144.826,28.609,4043.998,1016.638,14711.56,1017.04,0.104,10,0.1569999999992433
29574,2024-12-19 04:00:00,14144.996,28.609,4044.043,1016.654,14711.736,1017.056,0.129,10,0.1700000000000727
29574,2024-12-19 05:00:00,14145.182,28.609,4044.078,1016.68,14711.925,1017.082,0.159,10,0.1860000000015134
29574,2024-12-19 06:00:00,14145.395,28.609,4044.173,1016.693,14712.156,1017.095,0.163,10,0.212999999999738
29574,2024-12-19 07:00:00,14146.015,28.609,4044.232,1016.739,14712.768,1017.141,0.589,10,0.6199999999989814
29574,2024-12-19 08:00:00,14148.42,28.609,4044.272,1016.744,14715.091,1017.146,2.378,10,2.405000000000655
29574,2024-12-19 09:00:00,14149.647,28.609,4044.33,1016.774,14716.287,1017.176,1.125,10,1.2270000000007713
29574,2024-12-19 10:00:00,14151.155,28.609,4044.387,1016.811,14717.753,1017.213,0.482,10,1.5079999999998108
29574,2024-12-19 11:00:00,14152.324,28.609,4044.555,1016.811,14718.923,1017.213,1.068,10,1.168999999999869
29574,2024-12-19 12:00:00,14152.524,28.609,4044.627,1016.827,14719.135,1017.229,0.106,10,0.1999999999989086
29574,2024-12-19 13:00:00,14152.727,28.609,4044.677,1016.846,14719.344,1017.248,0.1,10,0.2030000000013387
29574,2024-12-19 14:00:00,14152.935,28.609,4044.713,1016.862,14719.554,1017.264,0.112,10,0.2079999999987194
29574,2024-12-19 15:00:00,14153.139,28.609,4044.752,1016.883,14719.76,1017.285,0.101,10,0.2039999999997235
29574,2024-12-19 16:00:00,14153.38,28.609,4044.797,1016.899,14720.005,1017.301,0.121,10,0.2409999999999854
29574,2024-12-19 17:00:00,14154.981,28.609,4044.847,1016.912,14721.558,1017.314,2.669,10,1.6010000000005675
29574,2024-12-19 18:00:00,14156.804,28.609,4044.87,1016.912,14723.317,1017.314,2.353,10,1.82300000000032
29574,2024-12-19 19:00:00,14158.623,28.609,4044.914,1016.917,14725.078,1017.319,1.757,10,1.8189999999995048
29574,2024-12-20 03:00:00,14162.851,28.609,4045.297,1017.14,14729.249,1017.542,0.111,10,0.2030000000013387
29574,2024-12-20 04:00:00,14163.057,28.609,4045.337,1017.149,14729.458,1017.551,0.122,10,0.2060000000001309
29574,2024-12-20 05:00:00,14163.269,28.609,4045.382,1017.159,14729.674,1017.561,0.128,10,0.2119999999995343
29574,2024-12-20 08:00:00,14166.843,28.609,4045.511,1017.228,14733.146,1017.63,0.681,10,1.8920000000016444
29574,2024-12-20 09:00:00,14168.045,28.609,4045.55,1017.241,14734.312,1017.643,1.156,10,1.201999999999316
29574,2024-12-20 10:00:00,14169.797,28.609,4045.585,1017.269,14736.007,1017.671,1.747,10,1.7520000000004077
29574,2024-12-20 11:00:00,14170.343,28.609,4045.638,1017.282,14736.546,1017.684,0.488,10,0.5460000000002765
29574,2024-12-20 12:00:00,14170.869,28.609,4045.703,1017.297,14737.07,1017.699,0.431,10,0.5259999999998399
29574,2024-12-20 13:00:00,14171.161,28.609,4045.752,1017.327,14737.364,1017.729,0.199,10,0.2919999999994616
29574,2024-12-20 14:00:00,14171.763,28.609,4045.823,1017.334,14737.962,1017.736,0.514,10,0.6020000000007713
29574,2024-12-20 15:00:00,14172.037,28.609,4045.939,1017.349,14738.258,1017.751,0.157,10,0.2739999999994325
29574,2024-12-20 16:00:00,14172.219,28.609,4045.986,1017.355,14738.446,1017.757,0.106,10,0.1819999999988795
29574,2024-12-20 17:00:00,14173.458,28.609,4046.027,1017.379,14739.648,1017.781,1.727,10,1.239000000001397
29574,2024-12-20 18:00:00,14175.177,28.609,4046.065,1017.4,14741.312,1017.802,1.694,10,1.7189999999991414
29574,2024-12-20 19:00:00,14176.843,28.609,4046.117,1017.418,14742.928,1017.82,1.597,10,1.6660000000010768
29574,2024-12-20 20:00:00,14177.938,28.609,4046.166,1017.457,14743.994,1017.859,1.077,10,1.0949999999993452
29574,2024-12-20 21:00:00,14179.223,28.609,4046.236,1017.471,14745.249,1017.873,1.278,10,1.2849999999998545
29574,2024-12-20 22:00:00,14179.592,28.609,4046.269,1017.484,14745.613,1017.886,0.336,10,0.3690000000005966
29574,2024-12-20 23:00:00,14179.78,28.609,4046.299,1017.511,14745.802,1017.913,0.152,10,0.1880000000001018
29574,2024-12-21 00:00:00,14180.015,28.609,4046.352,1017.522,14746.043,1017.924,0.194,10,0.2349999999987631
29574,2024-12-21 01:00:00,14180.227,28.609,4046.403,1017.557,14746.261,1017.959,0.162,10,0.2120000000013533
29574,2024-12-21 02:00:00,14180.448,28.609,4046.446,1017.579,14746.485,1017.981,0.174,10,0.2209999999995489
29574,2024-12-21 03:00:00,14180.648,28.609,4046.482,1017.611,14746.687,1018.013,0.146,10,0.1999999999989086
29574,2024-12-21 04:00:00,14180.866,28.609,4046.52,1017.638,14746.907,1018.04,0.164,10,0.2180000000007567
29574,2024-12-21 05:00:00,14181.093,28.609,4046.556,1017.678,14747.135,1018.08,0.154,10,0.2270000000007712
29574,2024-12-21 06:00:00,14181.315,28.609,4046.589,1017.713,14747.358,1018.115,0.16,10,0.2219999999997526
29574,2024-12-21 07:00:00,14181.497,28.609,4046.644,1017.756,14747.548,1018.158,0.138,10,0.1819999999988795
29574,2024-12-21 08:00:00,14182.194,28.609,4046.687,1017.768,14748.23,1018.17,0.686,10,0.6970000000001164
29574,2024-12-21 09:00:00,14182.854,28.609,4046.723,1017.78,14748.875,1018.182,0.526,10,0.6599999999998545
29574,2024-12-21 10:00:00,14184.013,28.609,4046.769,1017.803,14750.002,1018.204,1.101,10,1.1590000000014695
29574,2024-12-21 11:00:00,14184.618,28.609,4046.793,1017.849,14750.59,1018.25,0.51,10,0.6049999999995634
29574,2024-12-21 12:00:00,14186.25,28.609,4046.827,1017.867,14752.169,1018.268,1.57,10,1.631999999999607
29574,2024-12-21 13:00:00,14187.724,28.609,4046.868,1017.888,14753.597,1018.289,1.391,10,1.47400000000016
29574,2024-12-21 14:00:00,14189.106,28.609,4046.932,1017.9,14754.944,1018.301,1.309,10,1.381999999999607
29574,2024-12-21 15:00:00,14190.479,28.609,4047.013,1017.906,14756.287,1018.307,1.356,10,1.3729999999995923
29574,2024-12-21 16:00:00,14191.34,28.609,4047.057,1017.929,14757.127,1018.33,0.812,10,0.8610000000007858
29574,2024-12-21 17:00:00,14193.357,28.609,4047.11,1017.958,14759.081,1018.359,2.024,10,2.0169999999998254
29574,2024-12-21 18:00:00,14195.636,28.609,4047.156,1017.969,14761.285,1018.37,2.27,10,2.279000000000451
29574,2024-12-21 19:00:00,14197.321,28.609,4047.194,1017.994,14762.916,1018.395,1.618,10,1.684999999999491
29574,2024-12-21 20:00:00,14199.515,28.609,4047.225,1018.022,14765.034,1018.423,2.141,10,2.193999999999505
29574,2024-12-21 21:00:00,14201.44,28.609,4047.302,1018.033,14766.907,1018.434,1.89,10,1.9250000000010916
29574,2024-12-21 22:00:00,14201.787,28.609,4047.374,1018.035,14767.26,1018.436,0.292,10,0.3469999999997526
29574,2024-12-21 23:00:00,14202.015,28.609,4047.433,1018.043,14767.496,1018.444,0.159,10,0.227999999999156
29574,2024-12-22 02:00:00,14202.665,28.609,4047.588,1018.1,14768.163,1018.501,0.107,10,0.1850000000013096
29574,2024-12-22 03:00:00,14202.887,28.609,4047.627,1018.122,14768.387,1018.523,0.131,10,0.2219999999997526
29574,2024-12-22 04:00:00,14203.099,28.609,4047.684,1018.151,14768.607,1018.552,0.12,10,0.2119999999995343
29574,2024-12-22 05:00:00,14203.322,28.609,4047.737,1018.171,14768.836,1018.572,0.134,10,0.2229999999999563
29574,2024-12-22 06:00:00,14203.531,28.609,4047.772,1018.213,14769.047,1018.614,0.102,10,0.2090000000007421
29574,2024-12-22 07:00:00,14204.711,28.609,4047.822,1018.244,14770.195,1018.645,1.135,10,1.179999999998472
29574,2024-12-22 08:00:00,14207.06,28.609,4047.873,1018.288,14772.468,1018.689,2.381,10,2.34900000000016
29574,2024-12-22 09:00:00,14208.191,28.609,4047.934,1018.302,14773.573,1018.703,1.08,10,1.1310000000012224
29574,2024-12-22 10:00:00,14209.537,28.609,4047.967,1018.33,14774.876,1018.731,1.327,10,1.345999999999549
29574,2024-12-22 11:00:00,14210.06,28.609,4048.021,1018.34,14775.394,1018.741,0.59,10,0.5229999999992287
29574,2024-12-22 12:00:00,14210.923,28.609,4048.132,1018.347,14776.254,1018.748,0.779,10,0.8630000000011933
29574,2024-12-22 13:00:00,14211.573,28.609,4048.202,1018.361,14776.899,1018.762,0.575,10,0.6499999999996362
29574,2024-12-22 14:00:00,14211.78,28.609,4048.231,1018.379,14777.106,1018.78,0.113,10,0.2070000000003347
29574,2024-12-22 15:00:00,14211.973,28.609,4048.274,1018.404,14777.303,1018.805,0.103,10,0.1929999999993015
29574,2024-12-22 16:00:00,14212.354,28.609,4048.324,1018.418,14777.683,1018.819,0.302,10,0.3809999999994033
29574,2024-12-22 17:00:00,14213.993,28.609,4048.385,1018.421,14779.276,1018.822,1.64,10,1.6390000000010332
29574,2024-12-22 18:00:00,14214.556,28.609,4048.41,1018.475,14779.824,1018.876,0.449,10,0.5630000000001019
29574,2024-12-22 19:00:00,14216.014,28.609,4048.435,1018.504,14781.234,1018.905,2.348,10,1.4579999999987194
29574,2024-12-22 20:00:00,14216.626,28.609,4048.457,1018.564,14781.828,1018.965,0.552,10,0.6120000000009895
29574,2024-12-23 02:00:00,14220.924,28.609,4048.721,1018.732,14786.034,1019.133,0.227,10,0.3240000000005238
29574,2024-12-23 03:00:00,14221.228,28.609,4048.843,1018.738,14786.36,1019.139,0.201,10,0.3039999999982683
29574,2024-12-23 04:00:00,14221.407,28.609,4048.894,1018.754,14786.546,1019.155,0.082,10,0.1790000000000873
29574,2024-12-23 05:00:00,14221.573,28.609,4048.933,1018.77,14786.716,1019.171,0.081,10,0.1660000000010768
29574,2024-12-23 06:00:00,14221.695,28.609,4048.988,1018.786,14786.849,1019.187,0.085,10,0.1219999999993888
29574,2024-12-23 07:00:00,14222.209,28.609,4049.032,1018.801,14787.355,1019.202,0.461,10,0.5140000000010332
29574,2024-12-23 08:00:00,14223.641,28.609,4049.086,1018.818,14788.747,1019.219,1.412,10,1.4319999999988795
29574,2024-12-23 09:00:00,14225.64,28.609,4049.133,1018.842,14790.683,1019.243,1.998,10,1.9989999999997965
29574,2024-12-23 10:00:00,14227.268,28.609,4049.175,1018.848,14792.26,1019.249,0.11,10,1.6280000000006112
29574,2024-12-23 11:00:00,14227.634,28.609,4049.21,1018.873,14792.622,1019.274,0.27,10,0.3659999999999854
29574,2024-12-23 12:00:00,14227.972,28.609,4049.262,1018.893,14792.961,1019.294,0.255,10,0.337999999999738
29574,2024-12-23 13:00:00,14228.665,28.609,4049.297,1018.898,14793.637,1019.299,0.631,10,0.6930000000011205
29574,2024-12-23 14:00:00,14230.285,28.609,4049.382,1018.9,14795.219,1019.301,1.626,10,1.6199999999989814
29574,2024-12-23 15:00:00,14230.754,28.609,4049.421,1018.91,14795.68,1019.311,0.359,10,0.4690000000009604
29574,2024-12-23 16:00:00,14232.103,28.609,4049.472,1018.913,14796.992,1019.314,1.232,10,1.348999999998341
29574,2024-12-23 17:00:00,14232.381,28.609,4049.508,1018.928,14797.269,1019.329,0.133,10,0.2780000000002474
29574,2024-12-23 18:00:00,14232.943,28.609,4049.547,1018.939,14797.82,1019.34,0.472,10,0.5619999999998981
29574,2024-12-23 19:00:00,14234.012,28.609,4049.57,1018.959,14798.855,1019.36,0.938,10,1.0690000000013242
29574,2024-12-23 20:00:00,14235.942,28.609,4049.603,1018.97,14800.72,1019.371,1.865,10,1.929999999998472
29574,2024-12-23 21:00:00,14237.171,28.609,4049.629,1019.021,14801.909,1019.422,1.188,10,1.2290000000011787
29574,2024-12-23 22:00:00,14237.72,28.609,4049.65,1019.071,14802.443,1019.472,0.492,10,0.5489999999990687
29574,2024-12-23 23:00:00,14238.358,28.609,4049.699,1019.075,14803.07,1019.476,0.599,10,0.6380000000008295
29574,2024-12-24 03:00:00,14239.218,28.609,4049.895,1019.094,14803.951,1019.495,0.115,10,0.1970000000001164
29574,2024-12-24 04:00:00,14239.419,28.609,4049.935,1019.109,14804.155,1019.51,0.126,10,0.2009999999991123
29574,2024-12-24 05:00:00,14239.584,28.609,4049.97,1019.144,14804.324,1019.545,0.107,10,0.1650000000008731
29574,2024-12-24 06:00:00,14239.754,28.609,4050.004,1019.174,14804.496,1019.575,0.123,10,0.1700000000000727
29574,2024-12-24 07:00:00,14240.573,28.609,4050.03,1019.215,14805.291,1019.616,0.774,10,0.8189999999995052
29574,2024-12-24 08:00:00,14242.208,28.609,4050.086,1019.231,14806.879,1019.632,1.625,10,1.6350000000002185
29574,2024-12-24 09:00:00,14243.825,28.609,4050.152,1019.243,14808.453,1019.644,1.66,10,1.6170000000001892
29574,2024-12-24 10:00:00,14245.216,28.609,4050.289,1019.243,14809.828,1019.644,1.387,10,1.3909999999996217
29574,2024-12-24 11:00:00,14245.723,28.609,4050.332,1019.256,14810.327,1019.657,0.469,10,0.5069999999996071
29574,2024-12-24 12:00:00,14246.835,28.609,4050.345,1019.258,14811.401,1019.659,1.05,10,1.1119999999991703
29574,2024-12-24 13:00:00,14247.093,28.609,4050.459,1019.262,14811.68,1019.663,0.181,10,0.2580000000016298
29574,2024-12-24 14:00:00,14247.943,28.609,4050.518,1019.277,14812.514,1019.678,0.828,10,0.8499999999985448
29574,2024-12-24 15:00:00,14248.164,28.609,4050.555,1019.286,14812.736,1019.687,0.155,10,0.2210000000013678
29574,2024-12-24 16:00:00,14248.957,28.609,4050.603,1019.288,14813.512,1019.689,1.246,10,0.7929999999996653
29574,2024-12-24 17:00:00,14249.19,28.609,4050.644,1019.302,14813.748,1019.703,0.252,10,0.2330000000001746
29574,2024-12-24 18:00:00,14250.178,28.609,4050.688,1019.314,14814.71,1019.715,0.879,10,0.9879999999993744
29574,2024-12-24 19:00:00,14251.706,28.609,4050.744,1019.332,14816.195,1019.733,0.276,10,1.5280000000002474
29574,2024-12-24 20:00:00,14252.775,28.609,4050.792,1019.354,14817.236,1019.755,1.023,10,1.0689999999995052
29574,2024-12-26 02:00:00,14275.228,28.611,4052.138,1019.953,14839.203,1020.354,0.12,10,0.1839999999992869
29574,2024-12-26 03:00:00,14275.45,28.611,4052.182,1019.967,14839.428,1020.368,0.14,10,0.2220000000015716
29574,2024-12-26 04:00:00,14275.646,28.611,4052.231,1019.995,14839.63,1020.396,0.121,10,0.1959999999999127
29574,2024-12-26 05:00:00,14275.846,28.611,4052.27,1020.012,14839.833,1020.413,0.137,10,0.1999999999989086
29574,2024-12-26 06:00:00,14276.008,28.611,4052.309,1020.04,14840.0,1020.441,0.129,10,0.1620000000002619
29574,2024-12-26 07:00:00,14278.058,28.611,4052.338,1020.07,14841.98,1020.471,2.065,10,2.0500000000010914
29574,2024-12-26 08:00:00,14280.214,28.611,4052.368,1020.094,14844.062,1020.495,2.188,10,2.15599999999904
29574,2024-12-26 09:00:00,14281.418,28.611,4052.409,1020.113,14845.232,1020.514,1.14,10,1.2039999999997235
29574,2024-12-26 10:00:00,14283.01,28.611,4052.448,1020.118,14846.774,1020.519,1.61,10,1.592000000000553
29574,2024-12-26 11:00:00,14283.988,28.611,4052.534,1020.118,14847.738,1020.519,0.915,10,0.977999999999156
29574,2024-12-26 12:00:00,14285.189,28.615,4052.637,1020.142,14848.922,1020.543,1.205,10,1.201000000000931
29574,2024-12-26 13:00:00,14285.373,28.615,4052.681,1020.158,14849.111,1020.559,0.096,10,0.1839999999992869
29574,2024-12-26 14:00:00,14285.581,28.615,4052.745,1020.174,14849.328,1020.575,0.09,10,0.2080000000005384
29574,2024-12-26 15:00:00,14285.774,28.615,4052.775,1020.194,14849.522,1020.595,0.105,10,0.1929999999993015
29574,2024-12-26 16:00:00,14285.955,28.615,4052.815,1020.205,14849.707,1020.606,0.103,10,0.1810000000004947
29574,2024-12-27 01:00:00,14296.659,28.615,4053.203,1020.399,14860.111,1020.8,0.117,10,0.2150000000001455
29574,2024-12-27 02:00:00,14296.875,28.615,4053.25,1020.404,14860.332,1020.805,0.119,10,0.2160000000003492
29574,2024-12-27 03:00:00,14297.084,28.615,4053.294,1020.407,14860.545,1020.808,0.107,10,0.2090000000007421
29574,2024-12-27 06:00:00,14297.636,28.615,4053.415,1020.465,14861.109,1020.866,0.102,10,0.1650000000008731
29574,2024-12-27 07:00:00,14297.96,28.615,4053.448,1020.482,14861.429,1020.883,0.235,10,0.3239999999987049
29574,2024-12-27 08:00:00,14298.62,28.615,4053.506,1020.509,14862.08,1020.91,0.462,10,0.6600000000016735
29574,2024-12-27 09:00:00,14298.972,28.615,4053.61,1020.523,14862.447,1020.924,0.245,10,0.3519999999989522
29574,2024-12-27 10:00:00,14300.01,28.615,4053.673,1020.525,14863.463,1020.926,0.741,10,1.0380000000004657
29574,2024-12-27 11:00:00,14300.604,28.615,4053.71,1020.545,14864.045,1020.946,0.55,10,0.5939999999991414
29574,2024-12-27 12:00:00,14301.936,28.615,4053.826,1020.55,14865.358,1020.951,1.277,10,1.3320000000003347
29574,2024-12-27 13:00:00,14303.323,28.615,4053.939,1020.557,14866.723,1020.958,1.327,10,1.3870000000006255
29574,2024-12-27 14:00:00,14303.689,28.615,4054.06,1020.57,14867.108,1020.971,0.254,10,0.3659999999999854
29574,2024-12-27 15:00:00,14304.044,28.615,4054.176,1020.574,14867.481,1020.975,0.288,10,0.3549999999995634
29574,2024-12-27 16:00:00,14304.322,28.615,4054.268,1020.596,14867.774,1020.997,0.2,10,0.2780000000002474
29574,2024-12-27 17:00:00,14305.044,28.615,4054.316,1020.603,14868.482,1021.004,0.622,10,0.7219999999997526
29574,2024-12-27 18:00:00,14306.913,28.615,4054.398,1020.633,14870.302,1021.034,1.824,10,1.8690000000005969
29574,2024-12-27 19:00:00,14308.392,28.615,4054.439,1020.644,14871.736,1021.045,1.422,10,1.4789999999993595
29574,2024-12-27 20:00:00,14309.208,28.615,4054.471,1020.677,14872.53,1021.078,0.686,10,0.816000000000713
29574,2024-12-27 21:00:00,14310.041,28.615,4054.509,1020.702,14873.342,1021.103,0.78,10,0.8329999999987194
29574,2024-12-27 22:00:00,14310.905,28.615,4054.558,1020.711,14874.187,1021.112,0.835,10,0.864000000001397
29574,2024-12-27 23:00:00,14311.088,28.615,4054.601,1020.716,14874.374,1021.117,0.136,10,0.1829999999990832
29574,2024-12-28 00:00:00,14311.309,28.615,4054.632,1020.744,14874.595,1021.145,0.134,10,0.2209999999995489
29574,2024-12-28 01:00:00,14311.529,28.615,4054.665,1020.773,14874.816,1021.173,0.134,10,0.2200000000011641
29574,2024-12-28 02:00:00,14311.772,28.615,4054.7,1020.81,14875.059,1021.21,0.135,10,0.2430000000003929
29574,2024-12-28 03:00:00,14312.016,28.615,4054.742,1020.847,14875.306,1021.247,0.14,10,0.2439999999987776
29574,2024-12-28 04:00:00,14312.265,28.615,4054.782,1020.886,14875.556,1021.286,0.141,10,0.2489999999997962
29574,2024-12-28 05:00:00,14312.504,28.615,4054.822,1020.923,14875.797,1021.323,0.14,10,0.2390000000013969
29574,2024-12-28 06:00:00,14312.748,28.615,4054.861,1020.963,14876.042,1021.363,0.139,10,0.2439999999987776
29574,2024-12-28 07:00:00,14312.975,28.615,4054.903,1020.993,14876.272,1021.393,0.133,10,0.2270000000007712
29574,2024-12-28 08:00:00,14313.172,28.615,4054.933,1021.008,14876.47,1021.408,0.175,10,0.1970000000001164
29574,2024-12-28 09:00:00,14313.957,28.615,4054.951,1021.047,14877.23,1021.447,2.271,10,0.7849999999998545
29574,2024-12-28 10:00:00,14315.631,28.615,4055.048,1021.047,14878.867,1021.447,1.674,10,1.673999999999069
29574,2024-12-28 11:00:00,14316.275,28.615,4055.179,1021.048,14879.523,1021.448,0.656,10,0.6440000000002328
29574,2024-12-28 12:00:00,14318.274,28.615,4055.24,1021.05,14881.463,1021.45,2.01,10,1.9989999999997965
29574,2024-12-28 13:00:00,14319.197,28.615,4055.28,1021.064,14882.361,1021.464,0.876,10,0.923000000000684
29574,2024-12-28 14:00:00,14320.204,28.615,4055.325,1021.068,14883.343,1021.468,0.954,10,1.006999999999607
29574,2024-12-28 15:00:00,14321.927,28.615,4055.393,1021.072,14885.019,1021.472,1.669,10,1.7229999999999563
29574,2024-12-28 16:00:00,14323.763,28.615,4055.455,1021.073,14886.802,1021.473,1.797,10,1.8360000000011496
29574,2024-12-28 17:00:00,14324.059,28.617,4055.501,1021.096,14887.1,1021.496,0.194,10,0.2959999999984575
29574,2024-12-28 18:00:00,14325.286,28.617,4055.536,1021.113,14888.29,1021.513,1.114,10,1.2270000000007713
29574,2024-12-28 19:00:00,14326.822,28.617,4055.563,1021.149,14889.775,1021.549,1.48,10,1.5360000000000582
29574,2024-12-28 20:00:00,14327.368,28.617,4055.592,1021.171,14890.308,1021.571,0.454,10,0.5460000000002765
29574,2024-12-28 21:00:00,14328.082,28.617,4055.616,1021.197,14891.002,1021.597,0.623,10,0.7139999999999418
29574,2024-12-28 22:00:00,14328.978,28.617,4055.657,1021.21,14891.875,1021.61,0.792,10,0.8959999999988213
29574,2024-12-28 23:00:00,14329.199,28.617,4055.708,1021.225,14892.102,1021.625,0.129,10,0.2210000000013678
29574,2024-12-29 00:00:00,14329.407,28.617,4055.76,1021.243,14892.316,1021.643,0.116,10,0.2079999999987194
29574,2024-12-29 01:00:00,14329.633,28.617,4055.793,1021.268,14892.543,1021.668,0.108,10,0.2260000000005675
29574,2024-12-29 02:00:00,14329.848,28.617,4055.833,1021.288,14892.76,1021.688,0.105,10,0.2150000000001455
29574,2024-12-29 03:00:00,14330.052,28.617,4055.868,1021.334,14892.966,1021.734,0.103,10,0.2039999999997235
29574,2024-12-29 04:00:00,14330.256,28.617,4055.905,1021.375,14893.173,1021.775,0.104,10,0.2039999999997235
29574,2024-12-29 05:00:00,14330.449,28.617,4055.939,1021.418,14893.367,1021.818,0.101,10,0.1930000000011205
29574,2024-12-29 06:00:00,14331.126,28.617,4055.97,1021.459,14894.027,1021.859,0.586,10,0.6769999999996799
29574,2024-12-29 07:00:00,14331.985,28.617,4055.995,1021.505,14894.861,1021.905,0.773,10,0.8590000000003783
29574,2024-12-29 08:00:00,14334.061,28.617,4056.016,1021.542,14896.864,1021.942,2.017,10,2.0759999999991123
29574,2024-12-29 09:00:00,14335.068,28.617,4056.07,1021.561,14897.848,1021.961,0.801,10,1.006999999999607
29574,2024-12-29 10:00:00,14337.014,28.617,4056.104,1021.575,14899.729,1021.975,1.931,10,1.945999999999913
29574,2024-12-29 11:00:00,14337.712,28.617,4056.151,1021.583,14900.414,1021.983,0.643,10,0.6980000000003201
29574,2024-12-29 12:00:00,14338.362,28.617,4056.189,1021.593,14901.05,1021.993,0.596,10,0.6499999999996362
29574,2024-12-29 13:00:00,14338.834,28.617,4056.236,1021.599,14901.517,1021.999,0.357,10,0.4720000000015716
29574,2024-12-29 14:00:00,14339.131,28.617,4056.28,1021.618,14901.814,1022.018,0.148,10,0.2969999999986612
29574,2024-12-29 15:00:00,14339.326,28.617,4056.325,1021.625,14902.014,1022.025,0.113,10,0.1949999999997089
29574,2024-12-29 16:00:00,14341.079,28.617,4056.376,1021.625,14903.715,1022.025,1.717,10,1.7530000000006112
29574,2024-12-29 17:00:00,14341.996,28.617,4056.42,1021.644,14904.609,1022.044,0.849,10,0.9169999999994616
29574,2024-12-29 18:00:00,14342.271,28.618,4056.445,1021.671,14904.881,1022.071,0.213,10,0.2750000000014552
29574,2024-12-29 19:00:00,14343.73,28.618,4056.485,1021.702,14906.296,1022.102,1.424,10,1.4589999999989232
29574,2024-12-29 20:00:00,14345.819,28.618,4056.544,1021.715,14908.322,1022.115,2.057,10,2.088999999999942
29574,2024-12-29 21:00:00,14347.054,28.618,4056.659,1021.724,14909.541,1022.124,1.155,10,1.235000000000582
29574,2024-12-29 22:00:00,14347.905,28.618,4056.725,1021.726,14910.378,1022.126,0.729,10,0.8510000000005675
29574,2024-12-29 23:00:00,14348.143,28.618,4056.761,1021.753,14910.617,1022.153,0.137,10,0.2379999999993742
29574,2024-12-30 00:00:00,14348.396,28.618,4056.793,1021.766,14910.869,1022.166,0.145,10,0.2530000000006112
29574,2024-12-30 01:00:00,14348.665,28.618,4056.837,1021.783,14911.14,1022.183,0.145,10,0.2690000000002328
29574,2024-12-30 02:00:00,14348.927,28.618,4056.874,1021.805,14911.402,1022.205,0.142,10,0.2619999999988067
29574,2024-12-30 03:00:00,14349.188,28.618,4056.908,1021.835,14911.663,1022.235,0.136,10,0.261000000000422
29574,2024-12-30 04:00:00,14349.448,28.618,4056.944,1021.869,14911.923,1022.269,0.132,10,0.2600000000002183
29574,2024-12-30 05:00:00,14349.779,28.618,4056.974,1021.911,14912.249,1022.311,0.221,10,0.3310000000001309
29574,2024-12-30 06:00:00,14351.09,28.618,4057.015,1021.935,14913.522,1022.335,1.261,10,1.3109999999996944
29574,2024-12-30 07:00:00,14352.092,28.618,4057.048,1021.963,14914.495,1022.363,0.925,10,1.0020000000004077
29574,2024-12-30 08:00:00,14354.097,28.618,4057.098,1021.975,14916.438,1022.375,2.015,10,2.0049999999992
29574,2024-12-30 09:00:00,14355.645,28.618,4057.123,1022.001,14917.935,1022.401,1.592,10,1.548000000000684
29574,2024-12-30 10:00:00,14357.19,28.618,4057.177,1022.016,14919.436,1022.416,1.562,10,1.5450000000000728
29574,2024-12-30 11:00:00,14357.739,28.618,4057.213,1022.026,14919.974,1022.426,0.466,10,0.5489999999990687
29574,2024-12-30 12:00:00,14358.171,28.618,4057.31,1022.028,14920.416,1022.428,0.292,10,0.4320000000006985
29574,2024-12-30 13:00:00,14358.388,28.618,4057.383,1022.051,14920.645,1022.451,0.108,10,0.2170000000005529
29574,2024-12-30 14:00:00,14359.165,28.618,4057.483,1022.057,14921.42,1022.457,0.708,10,0.7770000000000437
29574,2024-12-30 15:00:00,14359.348,28.618,4057.567,1022.091,14921.619,1022.491,0.103,10,0.1829999999990832
29574,2024-12-30 16:00:00,14359.632,28.618,4057.635,1022.118,14921.911,1022.518,0.164,10,0.2839999999996507
29574,2024-12-30 17:00:00,14359.855,28.618,4057.712,1022.143,14922.146,1022.543,0.179,10,0.2229999999999563
29574,2024-12-30 18:00:00,14360.56,28.618,4057.771,1022.155,14922.841,1022.555,0.615,10,0.7049999999999272
29574,2024-12-30 19:00:00,14361.787,28.618,4057.818,1022.167,14924.034,1022.567,1.152,10,1.2270000000007713
29574,2024-12-30 20:00:00,14362.225,28.618,4057.86,1022.182,14924.467,1022.582,0.35,10,0.4380000000001018
29574,2024-12-30 21:00:00,14362.926,28.618,4057.909,1022.212,14925.155,1022.612,0.7,10,0.7009999999991123
29574,2024-12-30 22:00:00,14363.157,28.618,4057.944,1022.261,14925.387,1022.661,0.196,10,0.2309999999997671
29574,2024-12-30 23:00:00,14363.38,28.618,4057.97,1022.288,14925.609,1022.688,0.183,10,0.2229999999999563
29574,2024-12-31 00:00:00,14363.674,28.618,4058.019,1022.3,14925.905,1022.7,0.187,10,0.294000000001688
29574,2024-12-31 01:00:00,14363.97,28.618,4058.06,1022.306,14926.201,1022.706,0.188,10,0.2959999999984575
29574,2024-12-31 02:00:00,14364.259,28.618,4058.103,1022.31,14926.491,1022.71,0.191,10,0.2890000000006694
29574,2024-12-31 03:00:00,14364.536,28.618,4058.146,1022.333,14926.769,1022.733,0.188,10,0.2770000000000436
29574,2024-12-31 04:00:00,14364.812,28.618,4058.18,1022.366,14927.044,1022.766,0.185,10,0.2759999999998399
29574,2024-12-31 05:00:00,14365.138,28.618,4058.214,1022.397,14927.367,1022.797,0.246,10,0.3260000000009313
29574,2024-12-31 06:00:00,14365.449,28.618,4058.289,1022.422,14927.686,1022.822,0.224,10,0.3109999999996944
29574,2024-12-31 07:00:00,14366.041,28.618,4058.331,1022.458,14928.267,1022.858,0.542,10,0.591999999998734
29574,2024-12-31 08:00:00,14367.477,28.618,4058.372,1022.48,14929.661,1022.88,1.272,10,1.4360000000015134
29574,2024-12-31 09:00:00,14369.17,28.618,4058.414,1022.492,14931.301,1022.892,1.715,10,1.6929999999993015
29574,2024-12-31 10:00:00,14370.666,28.618,4058.454,1022.511,14932.752,1022.911,1.486,10,1.495999999999185
29574,2024-12-31 11:00:00,14371.504,28.618,4058.494,1022.523,14933.569,1022.923,0.792,10,0.838000000001557
29574,2024-12-31 12:00:00,14372.01,28.618,4058.551,1022.529,14934.072,1022.929,0.431,10,0.5059999999994034
29574,2024-12-31 13:00:00,14372.237,28.618,4058.614,1022.569,14934.307,1022.969,0.083,10,0.2269999999989522
29574,2024-12-31 14:00:00,14372.444,28.618,4058.667,1022.621,14934.521,1023.021,0.093,10,0.2070000000003347
29574,2024-12-31 15:00:00,14372.635,28.618,4058.725,1022.636,14934.72,1023.036,0.097,10,0.191000000000713
29574,2024-12-31 16:00:00,14373.014,28.618,4058.815,1022.652,14935.109,1023.052,0.252,10,0.3789999999989959
29574,2024-12-31 17:00:00,14373.616,28.618,4058.87,1022.668,14935.704,1023.068,0.524,10,0.6020000000007713
29574,2024-12-31 18:00:00,14374.051,28.618,4058.911,1022.679,14936.134,1023.079,0.366,10,0.4349999999994907
29574,2024-12-31 19:00:00,14374.96,28.618,4058.945,1022.694,14937.018,1023.094,0.858,10,0.9089999999996508
29574,2024-12-31 20:00:00,14375.894,28.618,4058.968,1022.749,14937.923,1023.149,0.908,10,0.934000000001106
29574,2024-12-31 21:00:00,14376.815,28.618,4059.045,1022.756,14938.83,1023.156,0.874,10,0.9210000000002764
29574,2024-12-31 22:00:00,14377.083,28.618,4059.08,1022.796,14939.097,1023.196,0.212,10,0.2680000000000291
29574,2024-12-31 23:00:00,14377.305,28.618,4059.11,1022.816,14939.319,1023.216,0.159,10,0.2219999999997526
29574,2025-01-01 02:00:00,14378.036,28.618,4059.238,1022.888,14940.057,1023.288,0.158,10,0.2520000000004074
29574,2025-01-01 03:00:00,14378.272,28.618,4059.277,1022.918,14940.295,1023.318,0.17,10,0.2360000000007858
29574,2025-01-01 04:00:00,14378.49,28.618,4059.315,1022.965,14940.515,1023.365,0.154,10,0.2179999999989377
29574,2025-01-01 05:00:00,14378.736,28.618,4059.351,1023.008,14940.762,1023.408,0.162,10,0.246000000001004
29574,2025-01-01 06:00:00,14378.999,28.618,4059.393,1023.06,14941.026,1023.46,0.161,10,0.2629999999990104
29574,2025-01-01 07:00:00,14379.24,28.618,4059.431,1023.113,14941.269,1023.513,0.156,10,0.2409999999999854
29574,2025-01-01 08:00:00,14380.114,28.618,4059.474,1023.147,14942.121,1023.547,0.852,10,0.8739999999997963
29574,2025-01-01 09:00:00,14381.537,28.618,4059.512,1023.181,14943.501,1023.581,1.45,10,1.423000000000684
29574,2025-01-01 10:00:00,14382.313,28.618,4059.547,1023.186,14944.258,1023.586,0.801,10,0.7759999999998399
29574,2025-01-01 11:00:00,14382.931,28.618,4059.568,1023.212,14944.858,1023.612,0.606,10,0.6180000000003929
29574,2025-01-01 12:00:00,14384.5,28.618,4059.613,1023.22,14946.38,1023.62,1.599,10,1.5689999999995052
29574,2025-01-01 13:00:00,14385.301,28.618,4059.661,1023.234,14947.164,1023.634,0.743,10,0.8009999999994761
29574,2025-01-01 14:00:00,14386.013,28.618,4059.693,1023.244,14947.858,1023.644,0.638,10,0.7120000000013533
29574,2025-01-01 15:00:00,14386.377,28.618,4059.827,1023.256,14948.245,1023.656,0.265,10,0.363999999999578
29574,2025-01-01 16:00:00,14386.668,28.618,4059.88,1023.264,14948.539,1023.664,0.151,10,0.2909999999992578
29574,2025-01-01 17:00:00,14387.143,28.618,4059.924,1023.28,14949.008,1023.68,0.384,10,0.4750000000003638
29574,2025-01-01 18:00:00,14387.683,28.618,4059.964,1023.288,14949.539,1023.688,0.454,10,0.5400000000008731
29574,2025-01-01 19:00:00,14389.074,28.618,4060.019,1023.359,14950.893,1023.759,1.318,10,1.3909999999996217
29574,2025-01-01 20:00:00,14389.727,28.618,4060.094,1023.383,14951.541,1023.783,0.531,10,0.6530000000002474
29574,2025-01-01 21:00:00,14390.131,28.618,4060.141,1023.398,14951.943,1023.798,0.212,10,0.4039999999986321
29574,2025-01-01 22:00:00,14390.534,28.618,4060.205,1023.409,14952.348,1023.809,0.218,10,0.4030000000002474
29574,2025-01-01 23:00:00,14390.819,28.618,4060.252,1023.42,14952.635,1023.82,0.135,10,0.2849999999998545
29574,2025-01-02 02:00:00,14391.666,28.618,4060.357,1023.534,14953.479,1023.934,0.136,10,0.3069999999988795
29574,2025-01-02 03:00:00,14391.985,28.618,4060.399,1023.564,14953.797,1023.963,0.147,10,0.3190000000013242
29574,2025-01-02 04:00:00,14392.266,28.618,4060.438,1023.592,14954.078,1023.991,0.129,10,0.2809999999990396
29574,2025-01-02 05:00:00,14392.559,28.618,4060.484,1023.6,14954.373,1023.999,0.153,10,0.2929999999996653
29574,2025-01-02 06:00:00,14392.809,28.618,4060.522,1023.649,14954.624,1024.048,0.129,10,0.25
29574,2025-01-02 07:00:00,14394.047,28.618,4060.553,1023.682,14955.824,1024.081,1.13,10,1.2380000000011933
29574,2025-01-02 08:00:00,14395.432,28.618,4060.6,1023.705,14957.17,1024.104,1.371,10,1.3850000000002185
29574,2025-01-02 09:00:00,14396.8,28.618,4060.64,1023.725,14958.497,1024.124,1.368,10,1.367999999998574
29574,2025-01-02 10:00:00,14398.117,28.618,4060.712,1023.731,14959.784,1024.13,0.99,10,1.3170000000009168
29574,2025-01-02 11:00:00,14398.731,28.618,4060.822,1023.734,14960.405,1024.133,0.613,10,0.613999999999578
29574,2025-01-02 12:00:00,14399.367,28.618,4060.867,1023.741,14961.029,1024.14,0.636,10,0.636000000000422
29574,2025-01-02 13:00:00,14399.51,28.618,4060.911,1023.746,14961.179,1024.145,0.143,10,0.1430000000000291
29574,2025-01-02 14:00:00,14399.64,28.618,4060.953,1023.756,14961.315,1024.155,0.129,10,0.1299999999991996
29574,2025-01-02 15:00:00,14399.864,28.618,4061.002,1023.761,14961.544,1024.16,0.225,10,0.22400000000016
29574,2025-01-02 16:00:00,14400.091,28.618,4061.045,1023.771,14961.774,1024.17,0.226,10,0.2270000000007712
29574,2025-01-02 17:00:00,14400.275,28.618,4061.09,1023.785,14961.964,1024.184,0.184,10,0.1839999999992869
29574,2025-01-02 18:00:00,14400.617,28.618,4061.132,1023.797,14962.304,1024.196,0.256,10,0.342000000000553
29574,2025-01-02 19:00:00,14401.793,28.618,4061.163,1023.815,14963.445,1024.214,1.096,10,1.175999999999476
29574,2025-01-02 20:00:00,14403.181,28.618,4061.211,1023.83,14964.793,1024.229,1.336,10,1.3880000000008297
29574,2025-01-02 21:00:00,14403.476,28.618,4061.263,1023.84,14965.091,1024.239,0.165,10,0.2950000000000727
29574,2025-01-02 22:00:00,14403.731,28.618,4061.31,1023.852,14965.35,1024.251,0.139,10,0.2549999999991996
29574,2025-01-02 23:00:00,14404.021,28.618,4061.396,1023.856,14965.652,1024.255,0.228,10,0.2900000000008731
29574,2025-01-03 02:00:00,14404.845,28.618,4061.585,1023.876,14966.496,1024.275,0.142,10,0.2739999999994325
29574,2025-01-03 03:00:00,14405.093,28.618,4061.62,1023.903,14966.745,1024.302,0.136,10,0.2480000000014115
29574,2025-01-03 04:00:00,14405.334,28.618,4061.655,1023.934,14966.986,1024.333,0.138,10,0.2409999999999854
29574,2025-01-03 05:00:00,14405.584,28.618,4061.689,1023.967,14967.236,1024.366,0.14,10,0.25
29574,2025-01-03 06:00:00,14405.814,28.618,4061.723,1023.996,14967.467,1024.395,0.132,10,0.2299999999995634
29574,2025-01-03 07:00:00,14407.202,28.618,4061.757,1024.015,14968.812,1024.414,1.325,10,1.3879999999990105
29574,2025-01-03 08:00:00,14408.905,28.618,4061.803,1024.03,14970.463,1024.429,1.674,10,1.7030000000013388
29574,2025-01-03 09:00:00,14409.763,28.618,4061.835,1024.045,14971.298,1024.444,0.869,10,0.8580000000001746
29574,2025-01-03 10:00:00,14411.007,28.618,4061.869,1024.054,14972.504,1024.453,1.244,10,1.2439999999987776
29574,2025-01-03 11:00:00,14411.81,28.618,4061.907,1024.06,14973.288,1024.459,0.803,10,0.8029999999998836
29574,2025-01-03 12:00:00,14412.098,28.618,4061.946,1024.066,14973.575,1024.465,0.286,10,0.2880000000004656
29574,2025-01-03 13:00:00,14412.182,28.618,4061.989,1024.076,14973.668,1024.475,0.084,10,0.0840000000007421
29574,2025-01-03 14:00:00,14412.734,28.618,4062.045,1024.081,14974.214,1024.48,0.551,10,0.5519999999996799
29574,2025-01-03 15:00:00,14412.992,28.618,4062.1,1024.093,14974.478,1024.492,0.258,10,0.2579999999998108
29574,2025-01-03 16:00:00,14413.123,28.618,4062.151,1024.106,14974.618,1024.505,0.129,10,0.1309999999994033
29574,2025-01-03 17:00:00,14413.414,28.618,4062.19,1024.12,14974.908,1024.519,0.291,10,0.2910000000010768
29574,2025-01-03 18:00:00,14414.407,28.618,4062.233,1024.122,14975.876,1024.521,0.993,10,0.992999999998574
29574,2025-01-03 19:00:00,14415.082,28.618,4062.272,1024.149,14976.536,1024.548,0.675,10,0.6750000000010914
29574,2025-01-03 20:00:00,14415.609,28.618,4062.31,1024.176,14977.053,1024.575,0.525,10,0.5270000000000437
29574,2025-01-03 21:00:00,14416.775,28.618,4062.376,1024.189,14978.194,1024.588,1.166,10,1.165999999999258
29574,2025-01-03 22:00:00,14417.011,28.618,4062.441,1024.194,14978.438,1024.593,0.235,10,0.2360000000007858
29574,2025-01-03 23:00:00,14417.872,28.618,4062.483,1024.202,14979.279,1024.601,0.86,10,0.8609999999989668
29574,2025-01-04 00:00:00,14417.986,28.618,4062.525,1024.213,14979.4,1024.612,0.114,10,0.1140000000013969
29574,2025-01-05 00:00:00,14431.212,28.618,4063.803,1024.486,14992.477,1024.885,0.101,10,13.225999999998749
29574,2025-01-05 01:00:00,14431.326,28.618,4063.853,1024.494,14992.6,1024.893,0.114,10,0.113999999999578
29574,2025-01-05 02:00:00,14431.46,28.618,4063.932,1024.499,14992.75,1024.898,0.133,10,0.1340000000000145
29574,2025-01-05 03:00:00,14431.567,28.618,4063.992,1024.507,14992.87,1024.906,0.106,10,0.1069999999999709
29574,2025-01-05 04:00:00,14431.677,28.618,4064.039,1024.513,14992.988,1024.912,0.109,10,0.110000000000582
29574,2025-01-05 05:00:00,14431.788,28.618,4064.086,1024.52,14993.108,1024.919,0.111,10,0.1110000000007858
29574,2025-01-05 06:00:00,14431.894,28.618,4064.13,1024.528,14993.222,1024.927,0.105,10,0.1059999999997671
29574,2025-01-05 07:00:00,14432.679,28.618,4064.172,1024.535,14993.989,1024.934,0.785,10,0.7849999999998545
29574,2025-01-05 08:00:00,14433.456,28.618,4064.211,1024.549,14994.747,1024.948,0.777,10,0.7770000000000437
29574,2025-01-05 09:00:00,14434.395,28.618,4064.257,1024.552,14995.664,1024.951,0.938,10,0.9390000000003056
29574,2025-01-05 10:00:00,14435.893,28.618,4064.33,1024.554,14997.125,1024.953,1.497,10,1.4979999999995923
29574,2025-01-05 11:00:00,14438.553,28.618,4064.374,1024.557,14999.698,1024.956,2.66,10,2.6599999999998545
29574,2025-01-05 12:00:00,14440.104,28.618,4064.398,1024.565,15001.197,1024.964,1.55,10,1.550999999999476
29574,2025-01-05 13:00:00,14440.815,28.618,4064.543,1024.568,15001.921,1024.967,0.711,10,0.7110000000011496
29574,2025-01-05 14:00:00,14441.478,28.618,4064.597,1024.578,15002.574,1024.977,0.662,10,0.6629999999986467
29574,2025-01-05 15:00:00,14441.717,28.618,4064.675,1024.586,15002.825,1024.985,0.239,10,0.2390000000013969
29574,2025-01-05 16:00:00,14442.876,28.618,4064.714,1024.593,15003.951,1024.992,1.159,10,1.1589999999996508
29574,2025-01-05 17:00:00,14443.421,28.618,4064.752,1024.608,15004.486,1025.007,0.545,10,0.5450000000000728
29574,2025-01-05 18:00:00,14444.832,28.618,4064.789,1024.622,15005.854,1025.021,1.409,10,1.4110000000000582
29574,2025-01-05 19:00:00,14446.0,28.618,4064.851,1024.635,15006.996,1025.034,0.818,10,1.1679999999996653
29574,2025-01-05 20:00:00,14447.01,28.618,4064.9,1024.647,15007.981,1025.046,0.849,10,1.0100000000002185
29574,2025-01-06 02:00:00,14448.847,28.618,4065.228,1024.747,15009.838,1025.146,0.101,10,0.2139999999999418
29574,2025-01-06 03:00:00,14449.07,28.618,4065.269,1024.762,15010.064,1025.161,0.098,10,0.2229999999999563
29574,2025-01-06 04:00:00,14449.3,28.618,4065.301,1024.807,15010.294,1025.206,0.098,10,0.2299999999995634
29574,2025-01-06 05:00:00,14449.534,28.618,4065.332,1024.855,15010.528,1025.254,0.11,10,0.2340000000003783
29574,2025-01-06 06:00:00,14449.729,28.618,4065.362,1024.911,15010.724,1025.31,0.099,10,0.1949999999997089
29574,2025-01-06 07:00:00,14449.935,28.618,4065.398,1024.942,15010.932,1025.341,0.09,10,0.2060000000001309
29574,2025-01-06 08:00:00,14450.159,28.618,4065.43,1024.982,15011.156,1025.381,0.098,10,0.22400000000016
29574,2025-01-06 09:00:00,14451.814,28.618,4065.546,1024.989,15012.78,1025.388,1.628,10,1.6550000000006548
29574,2025-01-06 10:00:00,14452.638,28.618,4065.593,1024.996,15013.586,1025.395,0.823,10,0.8240000000005239
29574,2025-01-06 11:00:00,14454.744,28.618,4065.633,1025.002,15015.625,1025.401,2.105,10,2.105999999999767
29574,2025-01-06 12:00:00,14455.162,28.618,4065.676,1025.007,15016.039,1025.406,0.418,10,0.4179999999996653
29574,2025-01-06 13:00:00,14455.837,28.618,4065.731,1025.007,15016.703,1025.406,0.673,10,0.6749999999992724
29574,2025-01-06 14:00:00,14457.399,28.618,4065.778,1025.014,15018.22,1025.413,1.561,10,1.561999999999898
29574,2025-01-06 15:00:00,14458.043,28.618,4065.831,1025.021,15018.854,1025.42,0.643,10,0.6440000000002328
29574,2025-01-06 16:00:00,14458.231,28.618,4065.88,1025.033,15019.048,1025.432,0.187,10,0.1880000000001018
29574,2025-01-06 17:00:00,14458.587,28.618,4065.925,1025.049,15019.403,1025.448,0.355,10,0.3559999999997671
29574,2025-01-06 18:00:00,14459.198,28.618,4066.021,1025.062,15020.017,1025.461,0.611,10,0.6110000000007858
29574,2025-01-06 19:00:00,14460.069,28.618,4066.077,1025.075,15020.871,1025.474,0.87,10,0.8709999999991851
29574,2025-01-06 20:00:00,14460.357,28.618,4066.112,1025.091,15021.158,1025.49,0.288,10,0.2880000000004656
29574,2025-01-06 21:00:00,14461.694,28.618,4066.15,1025.099,15022.455,1025.498,1.336,10,1.3369999999995343
29574,2025-01-06 22:00:00,14461.87,28.618,4066.199,1025.109,15022.638,1025.508,0.176,10,0.1760000000012951
29574,2025-01-06 23:00:00,14462.036,28.618,4066.262,1025.12,15022.815,1025.519,0.166,10,0.1659999999992578
29574,2025-01-07 00:00:00,14462.195,28.618,4066.323,1025.131,15022.984,1025.53,0.159,10,0.1589999999996507
29574,2025-01-07 01:00:00,14462.344,28.618,4066.373,1025.141,15023.141,1025.54,0.148,10,0.1489999999994324
29574,2025-01-07 02:00:00,14462.466,28.618,4066.417,1025.153,15023.27,1025.552,0.121,10,0.1220000000012078
29574,2025-01-07 03:00:00,14462.608,28.618,4066.468,1025.164,15023.421,1025.563,0.142,10,0.1419999999998253
29574,2025-01-07 04:00:00,14462.744,28.618,4066.512,1025.177,15023.564,1025.576,0.135,10,0.136000000000422
29574,2025-01-07 05:00:00,14462.894,28.618,4066.562,1025.189,15023.722,1025.588,0.149,10,0.1499999999996362
29574,2025-01-07 06:00:00,14463.018,28.618,4066.602,1025.198,15023.852,1025.597,0.124,10,0.1239999999997962
29574,2025-01-07 07:00:00,14463.305,28.618,4066.648,1025.212,15024.141,1025.611,0.287,10,0.2870000000002619
29574,2025-01-07 08:00:00,14464.412,28.618,4066.698,1025.242,15025.22,1025.641,1.455,10,1.106999999999971
29574,2025-01-07 09:00:00,14466.162,28.618,4066.748,1025.261,15026.918,1025.66,1.676,10,1.75
29574,2025-01-07 10:00:00,14467.532,28.618,4066.82,1025.283,15028.256,1025.682,1.266,10,1.3699999999989814
29574,2025-01-07 11:00:00,14469.536,28.618,4066.88,1025.298,15030.202,1025.697,1.959,10,2.004000000000815
29574,2025-01-07 12:00:00,14469.875,28.618,4066.97,1025.3,15030.553,1025.699,0.208,10,0.3389999999999418
29574,2025-01-07 13:00:00,14470.174,28.618,4067.029,1025.322,15030.856,1025.721,0.171,10,0.2990000000008876
29574,2025-01-07 14:00:00,14470.695,28.618,4067.09,1025.341,15031.375,1025.74,0.435,10,0.5209999999988213
29574,2025-01-07 15:00:00,14471.164,28.618,4067.147,1025.361,15031.841,1025.76,0.389,10,0.4690000000009604
29574,2025-01-07 16:00:00,14471.44,28.618,4067.193,1025.368,15032.12,1025.767,0.17,10,0.2759999999998399
29574,2025-01-07 17:00:00,14472.928,28.618,4067.264,1025.37,15033.571,1025.769,1.468,10,1.4879999999993745
29574,2025-01-07 18:00:00,14473.421,28.618,4067.318,1025.399,15034.061,1025.798,0.302,10,0.4930000000003929
29574,2025-01-07 19:00:00,14474.514,28.618,4067.46,1025.399,15035.151,1025.798,1.094,10,1.0929999999989377
29574,2025-01-07 20:00:00,14475.526,28.618,4067.51,1025.405,15036.139,1025.804,1.01,10,1.0120000000006255
29574,2025-01-07 21:00:00,14477.038,28.618,4067.51,1025.409,15037.595,1025.808,1.512,10,1.5120000000006255
29574,2025-01-07 22:00:00,14477.264,28.618,4067.617,1025.415,15037.841,1025.814,0.225,10,0.2259999999987485
29574,2025-01-07 23:00:00,14477.492,28.618,4067.662,1025.423,15038.073,1025.822,0.227,10,0.2280000000009749
29574,2025-01-08 04:00:00,14478.344,28.618,4067.918,1025.486,15038.962,1025.885,0.167,10,0.1679999999996653
29574,2025-01-08 05:00:00,14478.557,28.618,4067.955,1025.521,15039.177,1025.92,0.147,10,0.213000000001557
29574,2025-01-08 06:00:00,14478.757,28.618,4067.996,1025.548,15039.381,1025.947,0.16,10,0.1999999999989086
29574,2025-01-08 07:00:00,14479.378,28.618,4068.03,1025.563,15039.988,1025.962,0.601,10,0.6210000000010041
29574,2025-01-08 08:00:00,14480.196,28.618,4068.071,1025.588,15040.787,1025.987,0.791,10,0.8179999999993015
29574,2025-01-08 09:00:00,14480.757,28.618,4068.097,1025.603,15041.334,1026.002,0.085,10,0.5609999999996944
29574,2025-01-08 10:00:00,14482.365,28.618,4068.156,1025.607,15042.898,1026.006,1.606,10,1.6080000000001746
29574,2025-01-08 15:00:00,14488.765,28.618,4068.502,1025.669,15049.153,1026.068,0.456,10,0.5630000000001019
29574,2025-01-08 16:00:00,14489.881,28.618,4068.577,1025.67,15050.248,1026.069,1.034,10,1.1159999999999854
29574,2025-01-08 17:00:00,14491.065,28.618,4068.643,1025.677,15051.405,1026.076,1.131,10,1.184000000001106
29574,2025-01-08 18:00:00,14491.883,28.618,4068.665,1025.72,15052.199,1026.119,0.771,10,0.8179999999993015
29574,2025-01-08 19:00:00,14492.796,28.618,4068.716,1025.747,15053.092,1026.146,0.864,10,0.9130000000004656
29574,2025-01-08 20:00:00,14493.572,28.618,4068.743,1025.786,15053.846,1026.185,0.68,10,0.7759999999998399
29574,2025-01-08 21:00:00,14493.954,28.618,4068.79,1025.819,15054.227,1026.218,0.289,10,0.3819999999996071
29574,2025-01-08 22:00:00,14494.216,28.618,4068.832,1025.846,15054.49,1026.245,0.156,10,0.2620000000006257
29574,2025-01-08 23:00:00,14494.796,28.618,4068.872,1025.857,15055.059,1026.256,0.553,10,0.5799999999999272
29574,2025-01-09 00:00:00,14495.025,28.618,4068.965,1025.862,15055.305,1026.261,0.166,10,0.2289999999993597
29574,2025-01-09 01:00:00,14495.243,28.618,4069.021,1025.875,15055.53,1026.274,0.14,10,0.2180000000007567
29574,2025-01-09 02:00:00,14495.5,28.618,4069.031,1025.899,15055.78,1026.298,0.173,10,0.2569999999996071
29574,2025-01-09 03:00:00,14495.758,28.618,4069.148,1025.909,15056.06,1026.308,0.188,10,0.2579999999998108
29574,2025-01-09 04:00:00,14495.973,28.618,4069.214,1025.944,15056.285,1026.343,0.144,10,0.2150000000001455
29574,2025-01-09 05:00:00,14496.172,28.618,4069.256,1025.987,15056.488,1026.386,0.13,10,0.1990000000005238
29574,2025-01-09 06:00:00,14496.803,28.618,4069.278,1026.057,15057.102,1026.456,0.583,10,0.6309999999994034
29574,2025-01-09 07:00:00,14497.69,28.618,4069.311,1026.101,15057.964,1026.5,0.83,10,0.8870000000006257
29574,2025-01-09 08:00:00,14498.274,28.618,4069.349,1026.124,15058.537,1026.522,0.528,10,0.5839999999989232
29574,2025-01-09 09:00:00,14498.504,28.618,4069.41,1026.135,15058.775,1026.533,0.123,10,0.2300000000013824
29574,2025-01-09 10:00:00,14499.129,28.618,4069.451,1026.152,15059.388,1026.55,0.592,10,0.625
29574,2025-01-09 11:00:00,14500.603,28.618,4069.505,1026.16,15060.821,1026.558,1.485,10,1.473999999998341
29574,2025-01-09 12:00:00,14501.536,28.618,4069.57,1026.191,15061.737,1026.589,0.885,10,0.9330000000009022
29574,2025-01-09 13:00:00,14502.671,28.618,4069.681,1026.206,15062.86,1026.604,1.094,10,1.1350000000002185
29574,2025-01-09 14:00:00,14502.872,28.618,4069.733,1026.218,15063.068,1026.616,0.104,10,0.2009999999991123
29574,2025-01-09 15:00:00,14503.064,28.618,4069.784,1026.229,15063.266,1026.627,0.104,10,0.1920000000009167
29574,2025-01-09 16:00:00,14503.265,28.618,4069.833,1026.241,15063.473,1026.639,0.121,10,0.2009999999991123
29574,2025-01-09 17:00:00,14503.567,28.618,4069.894,1026.25,15063.78,1026.648,0.111,10,0.3019999999996798
29574,2025-01-09 18:00:00,14503.878,28.618,4069.942,1026.265,15064.093,1026.663,0.168,10,0.3110000000015134
29574,2025-01-10 03:00:00,14506.678,28.618,4070.233,1026.688,15066.867,1027.086,0.129,10,0.1659999999992578
29574,2025-01-10 04:00:00,14506.87,28.618,4070.27,1026.702,15067.062,1027.1,0.135,10,0.1920000000009167
29574,2025-01-10 05:00:00,14507.294,28.618,4070.308,1026.718,15067.481,1027.116,0.346,10,0.4239999999990687
29574,2025-01-10 06:00:00,14507.707,28.618,4070.358,1026.742,15067.892,1027.14,0.382,10,0.4130000000004656
29574,2025-01-10 07:00:00,14507.887,28.618,4070.4,1026.789,15068.076,1027.187,0.129,10,0.180000000000291
29574,2025-01-10 08:00:00,14508.116,28.618,4070.432,1026.8,15068.306,1027.198,0.166,10,0.2289999999993597
29574,2025-01-10 09:00:00,14509.829,28.618,4070.483,1026.809,15069.969,1027.207,1.714,10,1.712999999999738
29574,2025-01-10 10:00:00,14511.484,28.618,4070.547,1026.826,15071.579,1027.224,1.651,10,1.6550000000006548
29574,2025-01-10 11:00:00,14512.118,28.618,4070.583,1026.839,15072.2,1027.237,0.596,10,0.6340000000000146
29574,2025-01-10 12:00:00,14514.33,28.618,4070.711,1026.849,15074.364,1027.247,2.233,10,2.2119999999995343
29574,2025-01-10 18:00:00,14518.97,28.618,4071.16,1026.912,15078.953,1027.31,0.45,10,0.4879999999993742
29574,2025-01-10 19:00:00,14519.554,28.618,4071.195,1026.932,15079.525,1027.33,0.541,10,0.5840000000007421
29574,2025-01-10 20:00:00,14520.301,28.618,4071.238,1026.968,15080.255,1027.366,0.732,10,0.7469999999993888
29574,2025-01-10 21:00:00,14521.282,28.618,4071.281,1027.009,15081.212,1027.407,0.971,10,0.9809999999997672
29574,2025-01-10 22:00:00,14522.164,28.618,4071.311,1027.052,15082.069,1027.45,0.847,10,0.8820000000014261
29574,2025-01-10 23:00:00,14522.441,28.618,4071.355,1027.061,15082.348,1027.459,0.234,10,0.2770000000000436
29574,2025-01-11 00:00:00,14522.68,28.618,4071.401,1027.083,15082.59,1027.481,0.164,10,0.238999999999578
29574,2025-01-11 01:00:00,14522.907,28.618,4071.447,1027.123,15082.821,1027.521,0.152,10,0.2269999999989522
29574,2025-01-11 02:00:00,14523.089,28.618,4071.474,1027.188,15083.004,1027.586,0.122,10,0.1820000000006985
29574,2025-01-11 03:00:00,14523.282,28.618,4071.511,1027.251,15083.199,1027.649,0.143,10,0.1929999999993015
29574,2025-01-11 04:00:00,14523.445,28.618,4071.543,1027.3,15083.365,1027.698,0.119,10,0.1630000000004656
29574,2025-01-11 05:00:00,14523.621,28.618,4071.585,1027.34,15083.546,1027.738,0.134,10,0.1759999999994761
29574,2025-01-11 06:00:00,14523.836,28.618,4071.621,1027.395,15083.763,1027.793,0.149,10,0.2150000000001455
29574,2025-01-11 07:00:00,14524.496,28.618,4071.664,1027.419,15084.41,1027.817,0.643,10,0.6599999999998545
29574,2025-01-11 08:00:00,14525.928,28.618,4071.711,1027.433,15085.801,1027.831,1.462,10,1.4320000000006985
29574,2025-01-11 09:00:00,14526.087,28.618,4071.763,1027.439,15085.968,1027.837,0.094,10,0.1589999999996507
29574,2025-01-11 10:00:00,14527.114,28.618,4071.806,1027.449,15086.969,1027.847,0.977,10,1.0270000000000437
29574,2025-01-11 11:00:00,14528.682,28.618,4071.847,1027.469,15088.49,1027.867,1.572,10,1.5680000000011205
29574,2025-01-11 12:00:00,14529.644,28.618,4071.895,1027.479,15089.429,1027.877,0.919,10,0.9619999999995344
29574,2025-01-11 13:00:00,14530.729,28.618,4071.934,1027.495,15090.484,1027.893,1.052,10,1.0849999999991269
29574,2025-01-11 14:00:00,14531.719,28.618,4071.998,1027.5,15091.455,1027.898,1.002,10,0.9899999999997816
29574,2025-01-11 15:00:00,14532.273,28.618,4072.059,1027.505,15092.005,1027.903,0.546,10,0.5540000000000873
29574,2025-01-11 16:00:00,14532.513,28.619,4072.112,1027.517,15092.25,1027.915,0.145,10,0.2400000000016007
29574,2025-01-11 17:00:00,14532.797,28.619,4072.161,1027.533,15092.537,1027.931,0.231,10,0.2839999999996507
29574,2025-01-11 18:00:00,14534.553,28.619,4072.203,1027.559,15094.239,1027.957,1.764,10,1.7559999999994034
29574,2025-01-11 19:00:00,14535.484,28.619,4072.278,1027.586,15095.156,1027.984,0.93,10,0.9310000000004948
29574,2025-01-11 20:00:00,14536.842,28.619,4072.321,1027.61,15096.475,1028.008,1.357,10,1.3580000000001746
29574,2025-01-11 21:00:00,14538.523,28.619,4072.446,1027.61,15098.127,1028.008,1.681,10,1.6809999999986758
29574,2025-01-11 22:00:00,14539.301,28.619,4072.55,1027.617,15098.905,1028.015,0.777,10,0.7780000000002474
29574,2025-01-11 23:00:00,14539.459,28.619,4072.6,1027.623,15099.07,1028.021,0.157,10,0.158000000001266
29574,2025-01-12 00:00:00,14539.593,28.619,4072.645,1027.634,15099.211,1028.032,0.133,10,0.1340000000000145
29574,2025-01-12 01:00:00,14539.735,28.619,4072.695,1027.642,15099.362,1028.04,0.142,10,0.1419999999998253
29574,2025-01-12 02:00:00,14539.855,28.619,4072.741,1027.653,15099.49,1028.051,0.119,10,0.1199999999989813
29574,2025-01-12 03:00:00,14539.99,28.619,4072.79,1027.661,15099.633,1028.059,0.134,10,0.1350000000002182
29574,2025-01-12 04:00:00,14540.107,28.619,4072.834,1027.672,15099.757,1028.07,0.117,10,0.1170000000001891
29574,2025-01-12 05:00:00,14540.24,28.619,4072.88,1027.678,15099.898,1028.076,0.132,10,0.1329999999998108
29574,2025-01-12 06:00:00,14540.354,28.619,4072.922,1027.688,15100.019,1028.086,0.114,10,0.113999999999578
29574,2025-01-12 07:00:00,14540.486,28.619,4072.964,1027.693,15100.157,1028.091,0.131,10,0.1320000000014261
29574,2025-01-12 08:00:00,14541.163,28.619,4073.0,1027.704,15100.819,1028.102,0.677,10,0.6769999999996799
29574,2025-01-12 09:00:00,14541.802,28.619,4073.038,1027.711,15101.445,1028.109,0.637,10,0.6389999999992142
29574,2025-01-12 10:00:00,14542.794,28.619,4073.089,1027.717,15102.414,1028.115,0.992,10,0.9920000000001892
29574,2025-01-12 11:00:00,14544.647,28.619,4073.192,1027.72,15104.226,1028.118,1.852,10,1.853000000000975
29574,2025-01-12 12:00:00,14546.537,28.619,4073.324,1027.72,15106.081,1028.118,1.889,10,1.889999999999418
29574,2025-01-12 13:00:00,14546.824,28.619,4073.369,1027.726,15106.37,1028.124,0.285,10,0.2870000000002619
29574,2025-01-12 14:00:00,14547.213,28.619,4073.419,1027.73,15106.758,1028.128,0.389,10,0.3889999999992142
29574,2025-01-12 15:00:00,14548.005,28.619,4073.477,1027.735,15107.536,1028.133,0.792,10,0.7919999999994616
29574,2025-01-12 16:00:00,14549.283,28.619,4073.521,1027.748,15108.779,1028.146,1.278,10,1.2780000000002474
29574,2025-01-12 17:00:00,14550.042,28.619,4073.572,1027.75,15109.523,1028.148,0.758,10,0.7590000000000146
29574,2025-01-12 18:00:00,14550.525,28.619,4073.607,1027.77,15109.998,1028.168,0.483,10,0.4830000000001746
29574,2025-01-12 19:00:00,14551.78,28.619,4073.643,1027.783,15111.216,1028.181,1.254,10,1.2550000000010186
29574,2025-01-12 20:00:00,14552.417,28.619,4073.679,1027.802,15111.839,1028.2,0.636,10,0.6369999999988067
29574,2025-01-12 21:00:00,14553.478,28.619,4073.727,1027.802,15112.874,1028.2,1.06,10,1.0609999999996944
29574,2025-01-12 22:00:00,14554.946,28.619,4073.772,1027.822,15114.3,1028.22,1.439,10,1.4680000000007567
29574,2025-01-12 23:00:00,14555.483,28.619,4073.831,1027.832,15114.833,1028.23,0.478,10,0.5370000000002619
29574,2025-01-13 00:00:00,14555.679,28.619,4073.883,1027.838,15115.036,1028.236,0.137,10,0.1959999999999127
29574,2025-01-14 02:00:00,14571.502,28.619,4075.104,1028.224,15130.602,1028.622,0.137,10,0.1380000000008294
29574,2025-01-14 03:00:00,14571.654,28.619,4075.146,1028.232,15130.76,1028.63,0.151,10,0.1520000000000436
29574,2025-01-14 04:00:00,14571.787,28.619,4075.182,1028.247,15130.898,1028.645,0.133,10,0.1329999999998108
29574,2025-01-14 05:00:00,14571.938,28.619,4075.221,1028.256,15131.054,1028.654,0.15,10,0.1509999999998399
29574,2025-01-14 06:00:00,14572.072,28.619,4075.261,1028.268,15131.194,1028.666,0.133,10,0.1340000000000145
29574,2025-01-14 07:00:00,14572.296,28.619,4075.299,1028.276,15131.42,1028.674,0.224,10,0.22400000000016
29574,2025-01-14 08:00:00,14574.563,28.619,4075.428,1028.276,15133.638,1028.674,2.265,10,2.2669999999998254
29574,2025-01-14 09:00:00,14576.496,28.619,4075.468,1028.286,15135.51,1028.684,1.932,10,1.9329999999990832
29574,2025-01-14 10:00:00,14578.93,28.619,4075.504,1028.293,15137.864,1028.691,2.433,10,2.434000000001106
29574,2025-01-14 11:00:00,14579.829,28.619,4075.517,1028.298,15138.733,1028.696,0.898,10,0.8989999999994325
29574,2025-01-14 12:00:00,14580.71,28.619,4075.623,1028.3,15139.61,1028.698,0.881,10,0.8809999999994034
29574,2025-01-14 13:00:00,14581.407,28.619,4075.671,1028.307,15140.294,1028.705,0.695,10,0.6970000000001164
29574,2025-01-14 14:00:00,14581.817,28.619,4075.762,1028.313,15140.714,1028.711,0.41,10,0.4099999999998545
29574,2025-01-14 15:00:00,14582.102,28.619,4075.808,1028.32,15141.0,1028.718,0.284,10,0.2850000000016734
29574,2025-01-14 16:00:00,14582.247,28.619,4075.857,1028.328,15141.153,1028.726,0.145,10,0.1449999999986175
29574,2025-01-14 17:00:00,14582.382,28.619,4075.897,1028.333,15141.294,1028.731,0.127,10,0.1350000000002182
29574,2025-01-15 01:00:00,14587.477,28.619,4076.141,1028.641,15146.267,1029.039,0.163,10,0.2290000000011787
29574,2025-01-15 02:00:00,14587.678,28.619,4076.171,1028.702,15146.468,1029.1,0.132,10,0.2009999999991123
29574,2025-01-15 03:00:00,14587.885,28.619,4076.211,1028.762,15146.679,1029.159,0.146,10,0.2070000000003347
29574,2025-01-15 04:00:00,14588.081,28.619,4076.24,1028.818,15146.875,1029.215,0.127,10,0.1959999999999127
29574,2025-01-15 05:00:00,14588.828,28.619,4076.267,1028.884,15147.602,1029.281,0.717,10,0.7469999999993888
29574,2025-01-15 06:00:00,14589.124,28.619,4076.296,1028.94,15147.895,1029.337,0.264,10,0.2960000000002765
29574,2025-01-15 07:00:00,14589.345,28.619,4076.332,1029.01,15148.117,1029.407,0.135,10,0.2209999999995489
29574,2025-01-15 08:00:00,14589.54,28.619,4076.386,1029.037,15148.32,1029.434,0.108,10,0.1950000000015279
29574,2025-01-15 09:00:00,14590.456,28.619,4076.419,1029.056,15149.211,1029.453,0.867,10,0.915999999999258
29574,2025-01-15 10:00:00,14591.142,28.619,4076.45,1029.091,15149.88,1029.488,0.653,10,0.6859999999996944
29574,2025-01-15 11:00:00,14592.224,28.619,4076.475,1029.124,15150.929,1029.521,1.066,10,1.0820000000003347
29574,2025-01-15 12:00:00,14593.186,28.619,4076.501,1029.148,15151.862,1029.545,0.955,10,0.9619999999995344
29574,2025-01-15 13:00:00,14594.331,28.619,4076.563,1029.151,15152.981,1029.548,1.146,10,1.1450000000004366
29574,2025-01-15 14:00:00,14594.844,28.619,4076.603,1029.166,15153.486,1029.563,0.477,10,0.5129999999990105
29574,2025-01-15 15:00:00,14595.607,28.619,4076.648,1029.166,15154.233,1029.563,0.708,10,0.7630000000008295
29574,2025-01-15 16:00:00,14596.092,28.619,4076.702,1029.175,15154.715,1029.572,0.397,10,0.4850000000005821
29574,2025-01-15 17:00:00,14596.422,28.619,4076.766,1029.19,15155.05,1029.587,0.289,10,0.3299999999999272
29574,2025-01-15 18:00:00,14597.353,28.619,4076.924,1029.19,15155.989,1029.587,0.936,10,0.9309999999986758
29574,2025-01-15 19:00:00,14598.287,28.619,4076.991,1029.201,15156.907,1029.598,0.908,10,0.934000000001106
29574,2025-01-15 20:00:00,14598.983,28.619,4077.048,1029.226,15157.592,1029.623,0.653,10,0.6959999999999127
29574,2025-01-15 21:00:00,14600.049,28.619,4077.049,1029.278,15158.619,1029.675,1.054,10,1.066000000000713
29574,2025-01-15 22:00:00,14601.203,28.619,4077.168,1029.28,15159.763,1029.677,1.148,10,1.153999999998632
29574,2025-01-15 23:00:00,14601.589,28.619,4077.218,1029.297,15160.148,1029.694,0.354,10,0.386000000000422
29574,2025-01-16 03:00:00,14602.571,28.619,4077.44,1029.41,15161.154,1029.807,0.162,10,0.2170000000005529
29574,2025-01-16 04:00:00,14602.793,28.619,4077.484,1029.443,15161.379,1029.84,0.175,10,0.2219999999997526
29574,2025-01-16 05:00:00,14603.006,28.619,4077.52,1029.501,15161.594,1029.898,0.155,10,0.212999999999738
29574,2025-01-16 06:00:00,14603.8,28.619,4077.551,1029.544,15162.367,1029.941,0.771,10,0.793999999999869
29574,2025-01-16 07:00:00,14604.069,28.619,4077.586,1029.59,15162.636,1029.987,0.155,10,0.2690000000002328
29574,2025-01-16 08:00:00,14604.368,28.619,4077.619,1029.602,15162.933,1029.999,0.163,10,0.2990000000008876
29574,2025-01-16 09:00:00,14604.689,28.619,4077.652,1029.617,15163.251,1030.014,0.246,10,0.3209999999999127
29574,2025-01-16 10:00:00,14605.067,28.619,4077.689,1029.634,15163.625,1030.031,0.348,10,0.3779999999987922
29574,2025-01-16 11:00:00,14605.903,28.619,4077.738,1029.647,15164.443,1030.044,0.857,10,0.8360000000011496
29574,2025-01-16 12:00:00,14607.196,28.619,4077.805,1029.656,15165.706,1030.053,1.309,10,1.2929999999996653
29574,2025-01-16 13:00:00,14608.251,28.619,4077.856,1029.672,15166.736,1030.069,1.041,10,1.055000000000291
29574,2025-01-16 14:00:00,14608.605,28.619,4077.899,1029.694,15167.089,1030.091,0.273,10,0.3539999999993597
29574,2025-01-16 15:00:00,14609.836,28.619,4077.972,1029.698,15168.294,1030.095,1.227,10,1.2309999999997672
29574,2025-01-16 16:00:00,14610.682,28.619,4078.048,1029.706,15169.129,1030.103,0.83,10,0.8460000000013679
29574,2025-01-16 17:00:00,14610.936,28.619,4078.12,1029.713,15169.393,1030.11,0.173,10,0.2539999999989959
29574,2025-01-16 18:00:00,14611.474,28.619,4078.156,1029.729,15169.921,1030.126,0.592,10,0.5380000000004657
29574,2025-01-16 19:00:00,14611.729,28.619,4078.191,1029.769,15170.176,1030.166,0.287,10,0.2549999999991996
29574,2025-01-16 20:00:00,14613.169,28.619,4078.245,1029.797,15171.578,1030.194,1.484,10,1.440000000000509
29574,2025-01-16 21:00:00,14614.495,28.619,4078.307,1029.823,15172.872,1030.22,1.385,10,1.326000000000931
29574,2025-01-16 22:00:00,14614.947,28.619,4078.343,1029.849,15173.317,1030.246,0.426,10,0.451999999999316
29574,2025-01-16 23:00:00,14615.081,28.619,4078.378,1029.888,15173.455,1030.285,0.121,10,0.1340000000000145
29574,2025-01-17 03:00:00,14615.721,28.619,4078.534,1029.98,15174.114,1030.377,0.082,10,0.1440000000002328
29574,2025-01-17 04:00:00,14615.936,28.619,4078.609,1029.999,15174.341,1030.396,0.163,10,0.2150000000001455
29574,2025-01-17 05:00:00,14616.084,28.619,4078.666,1030.014,15174.499,1030.411,0.096,10,0.1480000000010477
29574,2025-01-17 06:00:00,14616.366,28.619,4078.694,1030.051,15174.778,1030.448,0.237,10,0.2819999999992433
29574,2025-01-17 07:00:00,14616.71,28.619,4078.725,1030.08,15175.118,1030.477,0.291,10,0.3439999999991414
29574,2025-01-17 08:00:00,14616.892,28.619,4078.774,1030.095,15175.306,1030.492,0.069,10,0.1820000000006985
29574,2025-01-17 09:00:00,14617.382,28.619,4078.819,1030.105,15175.79,1030.502,0.408,10,0.4899999999997817
29574,2025-01-17 10:00:00,14618.213,28.619,4078.863,1030.131,15176.602,1030.528,1.27,10,0.831000000000131
29574,2025-01-17 11:00:00,14619.641,28.619,4078.959,1030.131,15178.004,1030.528,1.427,10,1.4279999999998836
29574,2025-01-17 12:00:00,14621.447,28.619,4079.121,1030.131,15179.787,1030.528,1.805,10,1.8060000000004948
29574,2025-01-17 13:00:00,14621.801,28.619,4079.168,1030.137,15180.14,1030.534,0.354,10,0.3539999999993597
29574,2025-01-17 14:00:00,14622.826,28.619,4079.215,1030.137,15181.14,1030.534,1.025,10,1.0249999999996362
29574,2025-01-17 15:00:00,14623.905,28.619,4079.273,1030.138,15182.195,1030.535,1.078,10,1.0790000000015425
29574,2025-01-17 16:00:00,14625.035,28.619,4079.338,1030.145,15183.301,1030.542,1.129,10,1.1299999999991996
29574,2025-01-17 17:00:00,14625.411,28.619,4079.398,1030.15,15183.679,1030.547,0.376,10,0.3760000000002037
29574,2025-01-17 18:00:00,14625.74,28.619,4079.438,1030.166,15184.007,1030.563,0.328,10,0.3289999999997235
29574,2025-01-17 19:00:00,14626.299,28.619,4079.477,1030.187,15184.556,1030.584,0.559,10,0.559000000001106
29574,2025-01-17 20:00:00,14626.609,28.619,4079.513,1030.206,15184.864,1030.603,0.31,10,0.3099999999994907
29574,2025-01-17 21:00:00,14626.883,28.619,4079.549,1030.222,15185.138,1030.619,0.273,10,0.2739999999994325
29574,2025-01-17 22:00:00,14628.106,28.619,4079.593,1030.228,15186.328,1030.625,1.222,10,1.2229999999999563
29574,2025-01-17 23:00:00,14629.163,28.619,4079.637,1030.234,15187.358,1030.631,1.057,10,1.0570000000006985
29574,2025-01-18 00:00:00,14629.45,28.619,4079.677,1030.244,15187.645,1030.641,0.286,10,0.2870000000002619
29574,2025-01-18 01:00:00,14629.571,28.619,4079.728,1030.256,15187.775,1030.653,0.12,10,0.120999999999185
29574,2025-01-18 02:00:00,14629.697,28.619,4079.785,1030.264,15187.912,1030.661,0.126,10,0.1260000000002037
29574,2025-01-18 03:00:00,14629.797,28.619,4079.838,1030.276,15188.022,1030.673,0.099,10,0.1000000000003638
29574,2025-01-18 04:00:00,14629.931,28.619,4079.892,1030.283,15188.166,1030.68,0.134,10,0.1340000000000145
29574,2025-01-18 05:00:00,14630.479,28.619,4079.933,1030.299,15188.705,1030.696,0.548,10,0.547999999998865
29574,2025-01-18 06:00:00,14630.699,28.619,4079.975,1030.308,15188.928,1030.705,0.219,10,0.2200000000011641
29574,2025-01-18 07:00:00,14630.812,28.619,4080.012,1030.32,15189.047,1030.717,0.112,10,0.1129999999993742
29574,2025-01-18 08:00:00,14631.495,28.619,4080.057,1030.323,15189.717,1030.72,0.683,10,0.6830000000009022
29574,2025-01-18 09:00:00,14632.225,28.619,4080.093,1030.337,15190.43,1030.734,0.729,10,0.7299999999995634
29574,2025-01-18 10:00:00,14632.591,28.619,4080.132,1030.346,15190.793,1030.743,0.365,10,0.3659999999999854
29574,2025-01-18 11:00:00,14633.3,28.619,4080.176,1030.358,15191.487,1030.755,0.954,10,0.7089999999989232
29574,2025-01-18 12:00:00,14633.598,28.619,4080.215,1030.366,15191.785,1030.763,0.298,10,0.2980000000006839
29574,2025-01-18 13:00:00,14634.69,28.619,4080.225,1030.377,15192.84,1030.774,1.091,10,1.092000000000553
29574,2025-01-18 14:00:00,14636.255,28.619,4080.34,1030.382,15194.378,1030.779,1.565,10,1.5649999999986903
29574,2025-01-18 15:00:00,14636.722,28.619,4080.394,1030.388,15194.842,1030.785,0.466,10,0.467000000000553
29574,2025-01-18 16:00:00,14637.631,28.619,4080.452,1030.392,15195.733,1030.789,0.908,10,0.9089999999996508
29574,2025-01-18 17:00:00,14638.218,28.619,4080.517,1030.404,15196.316,1030.801,0.586,10,0.5870000000013533
29574,2025-01-18 18:00:00,14638.927,28.619,4080.573,1030.414,15197.014,1030.811,0.707,10,0.7089999999989232
29574,2025-01-18 19:00:00,14639.906,28.619,4080.614,1030.437,15197.968,1030.834,0.978,10,0.9790000000011788
29574,2025-01-18 20:00:00,14642.202,28.619,4080.655,1030.444,15200.191,1030.841,2.295,10,2.295999999998457
29574,2025-01-18 21:00:00,14644.196,28.619,4080.689,1030.459,15202.121,1030.856,1.993,10,1.9940000000005969
29574,2025-01-18 22:00:00,14645.048,28.619,4080.723,1030.478,15202.951,1030.875,0.852,10,0.8520000000007713
29574,2025-01-18 23:00:00,14645.319,28.619,4080.761,1030.493,15203.222,1030.89,0.269,10,0.2709999999988213
29574,2025-01-19 00:00:00,14645.45,28.619,4080.802,1030.505,15203.359,1030.902,0.13,10,0.1310000000012223
29574,2025-01-19 01:00:00,14645.589,28.619,4080.854,1030.519,15203.507,1030.916,0.146,10,0.1389999999992142
29574,2025-01-19 06:00:00,14646.553,28.619,4081.084,1030.659,15204.498,1031.056,0.441,10,0.4230000000006839
29574,2025-01-19 07:00:00,14647.393,28.619,4081.115,1030.703,15205.315,1031.1,0.822,10,0.8400000000001455
29574,2025-01-19 08:00:00,14648.022,28.619,4081.161,1030.724,15205.933,1031.121,0.574,10,0.6290000000008149
29574,2025-01-19 09:00:00,14648.874,28.619,4081.214,1030.75,15206.768,1031.147,0.798,10,0.8519999999989523
29574,2025-01-19 10:00:00,14650.313,28.619,4081.27,1030.762,15208.17,1031.159,1.471,10,1.4390000000003056
29574,2025-01-19 11:00:00,14651.871,28.619,4081.324,1030.762,15209.685,1031.159,1.579,10,1.5579999999990832
29574,2025-01-19 12:00:00,14652.749,28.619,4081.429,1030.767,15210.559,1031.164,0.864,10,0.8780000000006112
29574,2025-01-19 13:00:00,14654.201,28.619,4081.515,1030.772,15211.981,1031.169,1.476,10,1.451999999999316
29574,2025-01-19 14:00:00,14655.716,28.619,4081.559,1030.787,15213.452,1031.184,1.554,10,1.515000000001237
29574,2025-01-19 15:00:00,14655.913,28.619,4081.598,1030.831,15213.652,1031.228,0.133,10,0.1970000000001164
29574,2025-01-19 16:00:00,14656.744,28.619,4081.658,1030.835,15214.469,1031.232,0.717,10,0.831000000000131
29574,2025-01-19 17:00:00,14656.954,28.619,4081.707,1030.851,15214.684,1031.248,0.166,10,0.2099999999991268
29574,2025-01-19 18:00:00,14658.142,28.619,4081.749,1030.867,15215.84,1031.264,1.19,10,1.188000000000102
29574,2025-01-19 19:00:00,14658.594,28.619,4081.783,1030.929,15216.285,1031.326,0.413,10,0.451999999999316
29574,2025-01-19 20:00:00,14659.246,28.619,4081.801,1030.978,15216.917,1031.375,0.631,10,0.6520000000000437
29574,2025-01-19 21:00:00,14659.794,28.619,4081.864,1031.01,15217.462,1031.407,0.524,10,0.5480000000006839
29574,2025-01-19 22:00:00,14660.505,28.619,4081.919,1031.031,15218.162,1031.428,0.692,10,0.7109999999993306
29574,2025-01-19 23:00:00,14660.633,28.619,4081.96,1031.036,15218.296,1031.433,0.09,10,0.1280000000006111
29574,2025-01-20 00:00:00,14660.745,28.619,4082.0,1031.053,15218.415,1031.45,0.097,10,0.1120000000009895
29574,2025-01-20 01:00:00,14660.877,28.619,4082.046,1031.099,15218.554,1031.496,0.094,10,0.1319999999996071
29574,2025-01-20 02:00:00,14661.018,28.619,4082.104,1031.133,15218.706,1031.53,0.107,10,0.1409999999996216
29574,2025-01-20 03:00:00,14661.122,28.619,4082.138,1031.201,15218.815,1031.598,0.07,10,0.1039999999993597
29574,2025-01-20 04:00:00,14661.232,28.619,4082.18,1031.244,15218.932,1031.641,0.086,10,0.110000000000582
29574,2025-01-20 05:00:00,14661.977,28.619,4082.203,1031.317,15219.656,1031.714,0.745,10,0.7450000000008004
29574,2025-01-20 06:00:00,14662.409,28.619,4082.254,1031.361,15220.086,1031.757,0.434,10,0.4319999999988795
29574,2025-01-20 07:00:00,14663.048,28.619,4082.28,1031.395,15220.709,1031.791,0.612,10,0.6390000000010332
29574,2025-01-20 08:00:00,14664.414,28.619,4082.315,1031.412,15222.034,1031.808,1.352,10,1.3659999999999854
29574,2025-01-20 09:00:00,14665.754,28.619,4082.357,1031.432,15223.336,1031.828,1.354,10,1.3400000000001455
29574,2025-01-20 10:00:00,14667.069,28.619,4082.431,1031.46,15224.623,1031.856,1.307,10,1.3149999999986903
29574,2025-01-20 11:00:00,14667.764,28.619,4082.481,1031.52,15225.306,1031.916,0.655,10,0.694999999999709
29574,2025-01-20 12:00:00,14667.916,28.619,4082.53,1031.555,15225.465,1031.951,0.094,10,0.1520000000000436
29574,2025-01-20 13:00:00,14668.05,28.619,4082.565,1031.574,15225.604,1031.97,0.084,10,0.1340000000000145
29574,2025-01-20 14:00:00,14668.189,28.619,4082.596,1031.613,15225.746,1032.009,0.078,10,0.1390000000010331
29574,2025-01-20 15:00:00,14668.324,28.619,4082.631,1031.653,15225.886,1032.049,0.083,10,0.1350000000002182
29574,2025-01-20 16:00:00,14668.819,28.619,4082.667,1031.679,15226.372,1032.075,0.476,10,0.4949999999989813
29574,2025-01-20 17:00:00,14669.56,28.619,4082.711,1031.693,15227.098,1032.089,0.662,10,0.7409999999999854
29574,2025-01-20 18:00:00,14670.807,28.619,4082.78,1031.705,15228.318,1032.101,1.225,10,1.2470000000012078
29574,2025-01-20 19:00:00,14671.701,28.619,4082.828,1031.737,15229.192,1032.133,0.855,10,0.8939999999984138
29574,2025-01-20 20:00:00,14672.705,28.619,4082.875,1031.776,15230.172,1032.172,1.011,10,1.004000000000815
29574,2025-01-20 21:00:00,14673.409,28.619,4082.943,1031.804,15230.868,1032.2,0.719,10,0.7039999999997235
29574,2025-01-20 22:00:00,14673.636,28.619,4083.029,1031.813,15231.11,1032.209,0.178,10,0.2270000000007712
29574,2025-01-20 23:00:00,14673.821,28.619,4083.112,1031.819,15231.31,1032.215,0.141,10,0.1849999999994906
29574,2025-01-21 00:00:00,14673.95,28.619,4083.151,1031.848,15231.445,1032.244,0.111,10,0.1290000000008149
29574,2025-01-21 01:00:00,14674.139,28.619,4083.182,1031.875,15231.635,1032.271,0.169,10,0.1889999999984866
29574,2025-01-21 02:00:00,14674.359,28.619,4083.278,1031.889,15231.873,1032.285,0.185,10,0.2200000000011641
29574,2025-01-21 03:00:00,14674.512,28.619,4083.316,1031.927,15232.031,1032.323,0.104,10,0.1530000000002473
29574,2025-01-21 04:00:00,14674.697,28.619,4083.376,1031.951,15232.225,1032.347,0.13,10,0.1849999999994906
29574,2025-01-21 05:00:00,14674.852,28.619,4083.426,1031.985,15232.388,1032.381,0.113,10,0.1550000000006548
29574,2025-01-21 06:00:00,14674.987,28.619,4083.464,1032.013,15232.528,1032.409,0.114,10,0.1349999999983993
29574,2025-01-21 07:00:00,14676.012,28.619,4083.494,1032.058,15233.523,1032.454,0.983,10,1.0250000000014552
29574,2025-01-21 08:00:00,14677.593,28.619,4083.529,1032.075,15235.056,1032.471,1.53,10,1.581000000000131
29574,2025-01-21 09:00:00,14678.239,28.619,4083.566,1032.1,15235.688,1032.496,0.576,10,0.6459999999988213
29574,2025-01-21 10:00:00,14679.202,28.619,4083.616,1032.111,15236.629,1032.507,0.908,10,0.962999999999738
29574,2025-01-21 11:00:00,14680.812,28.619,4083.665,1032.133,15238.194,1032.529,1.635,10,1.610000000000582
29574,2025-01-21 12:00:00,14682.177,28.619,4083.703,1032.159,15239.519,1032.555,1.305,10,1.3649999999997815
29574,2025-01-21 13:00:00,14682.488,28.619,4083.741,1032.175,15239.829,1032.571,0.207,10,0.3109999999996944
29574,2025-01-21 14:00:00,14683.833,28.619,4083.809,1032.177,15241.143,1032.573,1.314,10,1.3450000000011642
29574,2025-01-21 15:00:00,14684.441,28.619,4084.008,1032.185,15241.782,1032.581,0.539,10,0.6080000000001746
29574,2025-01-21 16:00:00,14685.494,28.619,4084.129,1032.19,15242.829,1032.586,0.997,10,1.0529999999998836
29574,2025-01-21 17:00:00,14686.61,28.619,4084.199,1032.2,15243.923,1032.596,1.061,10,1.1159999999999854
29574,2025-01-21 18:00:00,14687.897,28.619,4084.253,1032.215,15245.177,1032.611,1.26,10,1.287000000000262
29574,2025-01-21 19:00:00,14688.229,28.619,4084.278,1032.269,15245.504,1032.665,0.265,10,0.3319999999985157
29574,2025-01-21 20:00:00,14689.369,28.619,4084.317,1032.302,15246.612,1032.698,1.145,10,1.140000000001237
29574,2025-01-21 21:00:00,14690.877,28.619,4084.352,1032.324,15248.075,1032.72,1.5,10,1.5079999999998108
29574,2025-01-21 22:00:00,14691.367,28.619,4084.415,1032.352,15248.564,1032.748,0.459,10,0.4899999999997817
29574,2025-01-21 23:00:00,14691.535,28.619,4084.473,1032.367,15248.741,1032.763,0.124,10,0.1679999999996653
29574,2025-01-22 00:00:00,14691.707,28.619,4084.527,1032.378,15248.921,1032.774,0.126,10,0.1720000000004802
29574,2025-01-22 01:00:00,14691.882,28.619,4084.575,1032.387,15249.103,1032.783,0.125,10,0.1749999999992724
29574,2025-01-22 02:00:00,14692.027,28.619,4084.625,1032.418,15249.256,1032.814,0.102,10,0.1450000000004365
29574,2025-01-22 03:00:00,14692.207,28.619,4084.693,1032.436,15249.447,1032.832,0.135,10,0.180000000000291
29574,2025-01-22 04:00:00,14692.344,28.619,4084.742,1032.459,15249.593,1032.855,0.102,10,0.1369999999988067
29574,2025-01-22 05:00:00,14692.798,28.619,4084.779,1032.483,15250.04,1032.879,0.438,10,0.4540000000015425
29574,2025-01-22 06:00:00,14693.422,28.619,4084.789,1032.539,15250.644,1032.935,0.642,10,0.6239999999997963
29574,2025-01-22 07:00:00,14694.096,28.619,4084.885,1032.548,15251.319,1032.944,0.616,10,0.6739999999990687
29574,2025-01-22 08:00:00,14694.437,28.619,4084.939,1032.574,15251.662,1032.97,0.142,10,0.3410000000003492
29574,2025-01-22 09:00:00,14694.684,28.619,4084.997,1032.591,15251.915,1032.987,0.12,10,0.2469999999993888
29574,2025-01-22 10:00:00,14695.747,28.619,4085.034,1032.623,15252.949,1033.019,1.01,10,1.063000000000102
29574,2025-01-22 11:00:00,14697.098,28.619,4085.084,1032.645,15254.265,1033.041,1.316,10,1.3510000000005675
29574,2025-01-22 12:00:00,14698.271,28.619,4085.136,1032.66,15255.409,1033.056,1.125,10,1.173000000000684
29574,2025-01-22 13:00:00,14699.667,28.619,4085.194,1032.674,15256.769,1033.07,1.387,10,1.3959999999988213
29574,2025-01-22 14:00:00,14700.892,28.619,4085.258,1032.681,15257.967,1033.077,1.195,10,1.2250000000003638
29574,2025-01-22 15:00:00,14701.592,28.619,4085.323,1032.695,15258.658,1033.091,0.679,10,0.7000000000007276
29574,2025-01-22 16:00:00,14702.82,28.619,4085.377,1032.705,15259.856,1033.101,1.809,10,1.227999999999156
29574,2025-01-22 17:00:00,14703.385,28.619,4085.424,1032.741,15260.413,1033.137,0.499,10,0.5650000000005093
29574,2025-01-22 18:00:00,14703.745,28.619,4085.492,1032.756,15260.778,1033.152,0.269,10,0.3600000000005821
29574,2025-01-22 19:00:00,14704.178,28.619,4085.543,1032.783,15261.209,1033.179,0.338,10,0.4329999999990832
29574,2025-01-22 20:00:00,14705.579,28.619,4085.613,1032.809,15262.578,1033.205,1.407,10,1.40099999999984
29574,2025-01-22 21:00:00,14707.317,28.619,4085.711,1032.817,15264.278,1033.213,1.764,10,1.7379999999993745
29574,2025-01-22 22:00:00,14707.562,28.619,4085.8,1032.823,15264.538,1033.219,0.196,10,0.2450000000008003
29574,2025-01-22 23:00:00,14707.733,28.619,4085.863,1032.829,15264.72,1033.225,0.118,10,0.1710000000002765
29574,2025-01-23 00:00:00,14707.918,28.619,4085.951,1032.83,15264.922,1033.226,0.124,10,0.1849999999994906
29574,2025-01-24 02:00:00,14724.565,28.619,4087.334,1033.679,15281.332,1034.075,0.111,10,0.0730000000003201
29574,2025-01-24 03:00:00,14724.673,28.619,4087.382,1033.718,15281.449,1034.114,0.124,10,0.1080000000001746
29574,2025-01-24 04:00:00,14724.813,28.619,4087.434,1033.744,15281.597,1034.14,0.127,10,0.1399999999994179
29574,2025-01-24 05:00:00,14724.996,28.619,4087.471,1033.786,15281.784,1034.182,0.165,10,0.1829999999990832
29574,2025-01-24 06:00:00,14725.823,28.619,4087.531,1033.816,15282.597,1034.212,0.854,10,0.827000000001135
29574,2025-01-24 07:00:00,14726.359,28.619,4087.575,1033.867,15283.125,1034.263,0.478,10,0.5360000000000582
29574,2025-01-24 08:00:00,14727.599,28.619,4087.583,1033.896,15284.322,1034.292,1.218,10,1.2399999999997815
29574,2025-01-24 09:00:00,14728.921,28.619,4087.705,1033.907,15285.628,1034.303,1.312,10,1.3220000000001164
29574,2025-01-24 10:00:00,14730.172,28.619,4087.766,1033.928,15286.85,1034.324,1.264,10,1.2510000000002035
29574,2025-01-24 11:00:00,14731.136,28.619,4087.867,1033.935,15287.806,1034.331,0.987,10,0.9639999999999418
29574,2025-01-24 12:00:00,14731.954,28.619,4087.925,1033.938,15288.61,1034.334,0.843,10,0.8179999999993015
29574,2025-01-24 13:00:00,14732.228,28.619,4087.972,1033.959,15288.886,1034.354,0.231,10,0.2739999999994325
29574,2025-01-24 14:00:00,14732.369,28.619,4088.027,1033.974,15289.037,1034.369,0.119,10,0.1410000000014406
29574,2025-01-24 15:00:00,14732.545,28.619,4088.112,1034.003,15289.229,1034.398,0.134,10,0.1759999999994761
29574,2025-01-24 16:00:00,14733.055,28.619,4088.205,1034.023,15289.745,1034.418,0.473,10,0.5100000000002183
29574,2025-01-24 17:00:00,14733.401,28.619,4088.277,1034.031,15290.098,1034.426,0.333,10,0.3459999999995489
29574,2025-01-24 18:00:00,14734.427,28.619,4088.327,1034.053,15291.1,1034.448,1.056,10,1.02599999999984
29574,2025-01-24 19:00:00,14735.221,28.619,4088.362,1034.089,15291.875,1034.484,0.738,10,0.793999999999869
29574,2025-01-24 20:00:00,14736.308,28.619,4088.411,1034.121,15292.935,1034.516,1.082,10,1.087000000001353
29574,2025-01-24 21:00:00,14737.296,28.619,4088.447,1034.16,15293.897,1034.555,0.973,10,0.9879999999993744
29574,2025-01-24 22:00:00,14738.136,28.619,4088.478,1034.19,15294.714,1034.585,0.842,10,0.8400000000001455
29574,2025-01-24 23:00:00,14738.339,28.619,4088.523,1034.204,15294.922,1034.599,0.137,10,0.2029999999995198
29574,2025-01-25 03:00:00,14738.946,28.619,4088.757,1034.239,15295.57,1034.634,0.075,10,0.1309999999994033
29574,2025-01-25 04:00:00,14739.097,28.619,4088.798,1034.259,15295.726,1034.654,0.094,10,0.1509999999998399
29574,2025-01-25 05:00:00,14739.223,28.619,4088.841,1034.28,15295.859,1034.675,0.092,10,0.1260000000002037
29574,2025-01-25 06:00:00,14739.332,28.619,4088.873,1034.332,15295.973,1034.727,0.073,10,0.1090000000003783
29574,2025-01-25 07:00:00,14739.472,28.619,4088.91,1034.345,15296.117,1034.74,0.104,10,0.1399999999994179
29574,2025-01-25 08:00:00,14739.624,28.619,4088.959,1034.36,15296.277,1034.755,0.096,10,0.1520000000000436
29574,2025-01-25 09:00:00,14740.256,28.619,4089.0,1034.385,15296.897,1034.78,0.628,10,0.6319999999996071
29574,2025-01-25 10:00:00,14741.266,28.619,4089.071,1034.4,15297.889,1034.795,0.988,10,1.0100000000002185
29574,2025-01-25 11:00:00,14742.285,28.619,4089.126,1034.428,15298.886,1034.823,1.017,10,1.0190000000002328
29574,2025-01-25 12:00:00,14743.92,28.619,4089.224,1034.452,15300.487,1034.847,1.67,10,1.6350000000002185
29574,2025-01-25 13:00:00,14745.242,28.619,4089.35,1034.459,15301.795,1034.854,1.307,10,1.3220000000001164
29574,2025-01-25 14:00:00,14747.452,28.619,4089.442,1034.462,15303.949,1034.857,2.244,10,2.209999999999127
29574,2025-01-25 15:00:00,14748.678,28.619,4089.566,1034.481,15305.164,1034.876,1.214,10,1.2260000000005675
29574,2025-01-25 16:00:00,14749.546,28.619,4089.626,1034.514,15306.016,1034.909,0.847,10,0.8680000000003929
29574,2025-01-25 17:00:00,14750.084,28.619,4089.659,1034.54,15306.543,1034.935,0.53,10,0.5380000000004657
29574,2025-01-25 18:00:00,14750.315,28.619,4089.723,1034.554,15306.783,1034.949,0.171,10,0.2309999999997671
29574,2025-01-25 19:00:00,14751.119,28.619,4089.791,1034.573,15307.576,1034.968,0.789,10,0.8040000000000873
29574,2025-01-25 20:00:00,14752.851,28.619,4089.835,1034.597,15309.257,1034.992,1.766,10,1.731999999999971
29574,2025-01-25 21:00:00,14754.209,28.619,4089.877,1034.631,15310.577,1035.026,1.399,10,1.3580000000001746
29574,2025-01-25 22:00:00,14755.937,28.619,4089.941,1034.668,15312.259,1035.063,1.751,10,1.727999999999156
29574,2025-01-25 23:00:00,14756.99,28.619,4090.063,1034.671,15313.306,1035.066,1.078,10,1.0529999999998836
29574,2025-01-26 00:00:00,14757.106,28.619,4090.135,1034.676,15313.437,1035.071,0.12,10,0.1159999999999854
29574,2025-01-26 01:00:00,14757.241,28.619,4090.234,1034.68,15313.594,1035.075,0.135,10,0.1350000000002182
29574,2025-01-26 02:00:00,14757.352,28.619,4090.293,1034.706,15313.717,1035.101,0.094,10,0.1110000000007858
29574,2025-01-26 03:00:00,14757.488,28.619,4090.374,1034.723,15313.869,1035.118,0.118,10,0.135999999998603
29574,2025-01-26 04:00:00,14757.576,28.619,4090.413,1034.762,15313.965,1035.157,0.071,10,0.087999999999738
29574,2025-01-26 05:00:00,14757.697,28.619,4090.489,1034.778,15314.102,1035.173,0.116,10,0.121000000001004
29574,2025-01-26 06:00:00,14758.145,28.619,4090.547,1034.8,15314.549,1035.195,0.458,10,0.4480000000003201
29574,2025-01-26 07:00:00,14759.068,28.619,4090.584,1034.822,15315.448,1035.217,0.916,10,0.922999999998865
29574,2025-01-26 08:00:00,14760.515,28.619,4090.636,1034.825,15316.856,1035.22,1.476,10,1.4470000000001164
29574,2025-01-26 09:00:00,14761.755,28.619,4090.677,1034.831,15318.062,1035.226,1.245,10,1.2399999999997815
29574,2025-01-26 10:00:00,14762.864,28.619,4090.723,1034.837,15319.143,1035.232,1.108,10,1.1090000000003783
29574,2025-01-26 11:00:00,14764.486,28.619,4090.846,1034.848,15320.739,1035.243,1.648,10,1.6220000000012078
29574,2025-01-26 12:00:00,14765.121,28.619,4090.932,1034.875,15321.374,1035.27,0.572,10,0.6349999999983993
29574,2025-01-26 13:00:00,14766.033,28.619,4090.982,1034.88,15322.266,1035.275,0.88,10,0.912000000000262
29574,2025-01-26 14:00:00,14766.382,28.619,4091.111,1034.931,15322.637,1035.326,0.186,10,0.34900000000016
29574,2025-01-26 15:00:00,14766.585,28.619,4091.187,1034.94,15322.853,1035.335,0.124,10,0.2029999999995198
29574,2025-01-26 16:00:00,14766.797,28.619,4091.231,1034.958,15323.069,1035.353,0.127,10,0.2120000000013533
29574,2025-01-27 01:00:00,14770.801,28.619,4091.601,1035.15,15327.027,1035.545,0.11,10,0.1399999999994179
29574,2025-01-27 02:00:00,14770.905,28.619,4091.642,1035.188,15327.138,1035.583,0.088,10,0.1040000000011787
29574,2025-01-27 03:00:00,14771.005,28.619,4091.681,1035.224,15327.245,1035.619,0.081,10,0.0999999999985448
29574,2025-01-27 04:00:00,14771.097,28.619,4091.718,1035.256,15327.343,1035.651,0.083,10,0.0920000000005529
29574,2025-01-27 05:00:00,14771.516,28.619,4091.746,1035.299,15327.754,1035.694,0.43,10,0.418999999999869
29574,2025-01-27 06:00:00,14771.591,28.626,4091.775,1035.334,15327.834,1035.729,0.086,10,0.0750000000007276
29574,2025-01-27 07:00:00,14772.105,28.626,4091.807,1035.344,15328.338,1035.739,0.481,10,0.5139999999992142
29574,2025-01-27 08:00:00,14774.185,28.626,4091.847,1035.359,15330.354,1035.754,2.109,10,2.0799999999999272
29574,2025-01-27 09:00:00,14775.745,28.626,4091.883,1035.377,15331.867,1035.772,1.555,10,1.5600000000013097
29574,2025-01-27 10:00:00,14777.507,28.626,4091.941,1035.411,15333.58,1035.806,1.835,10,1.7619999999988067
29574,2025-01-27 11:00:00,14779.007,28.626,4092.062,1035.426,15335.058,1035.821,1.519,10,1.5
29574,2025-01-27 12:00:00,14779.753,28.626,4092.158,1035.426,15335.803,1035.821,0.73,10,0.7460000000010041
29574,2025-01-27 13:00:00,14780.591,28.626,4092.22,1035.434,15336.627,1035.829,0.854,10,0.8379999999997381
29574,2025-01-27 14:00:00,14781.127,28.626,4092.292,1035.443,15337.163,1035.838,0.497,10,0.5360000000000582
29574,2025-01-27 15:00:00,14781.337,28.626,4092.355,1035.466,15337.382,1035.861,0.145,10,0.2099999999991268
29574,2025-01-27 16:00:00,14781.728,28.626,4092.473,1035.473,15337.79,1035.868,0.298,10,0.3909999999996216
29574,2025-01-27 17:00:00,14782.129,28.626,4092.541,1035.499,15338.195,1035.894,0.322,10,0.4010000000016589
29574,2025-01-27 18:00:00,14782.966,28.626,4092.605,1035.523,15339.018,1035.918,0.795,10,0.8369999999995343
29574,2025-01-27 19:00:00,14783.77,28.626,4092.649,1035.532,15339.805,1035.927,0.765,10,0.8040000000000873
29574,2025-01-27 20:00:00,14784.685,28.626,4092.701,1035.561,15340.701,1035.956,0.955,10,0.914999999999054
29574,2025-01-27 21:00:00,14786.095,28.626,4092.74,1035.6,15342.07,1035.995,1.476,10,1.4099999999998545
29574,2025-01-27 22:00:00,14786.932,28.626,4092.787,1035.613,15342.889,1036.008,0.865,10,0.8370000000013533
29574,2025-01-27 23:00:00,14787.048,28.626,4092.829,1035.632,15343.012,1036.027,0.132,10,0.1159999999999854
29574,2025-01-28 00:00:00,14787.17,28.626,4092.88,1035.664,15343.143,1036.059,0.145,10,0.1219999999993888
29574,2025-01-28 01:00:00,14787.302,28.626,4092.927,1035.686,15343.283,1036.081,0.141,10,0.1319999999996071
29574,2025-01-28 02:00:00,14787.463,28.626,4092.997,1035.707,15343.457,1036.102,0.132,10,0.1610000000000582
29574,2025-01-28 03:00:00,14787.643,28.626,4093.063,1035.717,15343.648,1036.112,0.15,10,0.180000000000291
29574,2025-01-28 04:00:00,14787.799,28.626,4093.11,1035.739,15343.811,1036.134,0.121,10,0.1560000000008585
29574,2025-01-28 05:00:00,14787.953,28.626,4093.153,1035.754,15343.971,1036.149,0.136,10,0.1539999999986321
29574,2025-01-28 06:00:00,14788.602,28.626,4093.213,1035.763,15344.612,1036.158,0.647,10,0.6490000000012515
29574,2025-01-28 07:00:00,14789.909,28.626,4093.254,1035.791,15345.883,1036.186,1.325,10,1.3069999999988795
29574,2025-01-28 08:00:00,14791.417,28.626,4093.302,1035.806,15347.349,1036.201,1.522,10,1.5079999999998108
29574,2025-01-28 09:00:00,14792.8,28.626,4093.338,1035.819,15348.692,1036.214,1.37,10,1.3829999999998108
29574,2025-01-28 10:00:00,14794.078,28.626,4093.378,1035.836,15349.934,1036.231,1.266,10,1.2780000000002474
29574,2025-01-28 11:00:00,14794.595,28.626,4093.415,1035.887,15350.442,1036.282,0.455,10,0.5169999999998254
29574,2025-01-28 12:00:00,14794.977,28.626,4093.468,1035.915,15350.824,1036.31,0.311,10,0.3820000000014261
29574,2025-01-28 13:00:00,14795.592,28.626,4093.529,1035.932,15351.433,1036.327,0.562,10,0.6149999999997817
29574,2025-01-28 14:00:00,14795.864,28.626,4093.577,1036.0,15351.708,1036.395,0.174,10,0.271999999999025
29574,2025-01-28 15:00:00,14796.129,28.626,4093.613,1036.052,15351.973,1036.447,0.197,10,0.2650000000012369
29574,2025-01-28 16:00:00,14796.445,28.626,4093.672,1036.081,15352.294,1036.476,0.238,10,0.315999999998894
29574,2025-01-28 17:00:00,14797.666,28.626,4093.739,1036.091,15353.488,1036.486,1.164,10,1.220999999999549
29574,2025-01-28 18:00:00,14798.303,28.626,4093.777,1036.132,15354.112,1036.527,0.553,10,0.6370000000006257
29574,2025-01-28 19:00:00,14799.563,28.626,4093.821,1036.159,15355.338,1036.554,1.203,10,1.2600000000002185
29574,2025-01-28 20:00:00,14800.795,28.626,4093.869,1036.192,15356.539,1036.587,1.21,10,1.231999999999971
29574,2025-01-28 21:00:00,14801.868,28.626,4093.875,1036.225,15357.574,1036.62,1.11,10,1.07300000000032
29574,2025-01-28 22:00:00,14802.349,28.626,4093.996,1036.23,15358.07,1036.625,0.488,10,0.4809999999997671
29574,2025-01-28 23:00:00,14802.493,28.626,4094.074,1036.23,15358.23,1036.625,0.121,10,0.1440000000002328
29574,2025-01-29 03:00:00,14803.083,28.626,4094.279,1036.288,15358.853,1036.683,0.091,10,0.1260000000002037
29574,2025-01-29 04:00:00,14803.209,28.626,4094.32,1036.298,15358.986,1036.693,0.088,10,0.1260000000002037
29574,2025-01-29 05:00:00,14803.341,28.626,4094.36,1036.316,15359.123,1036.711,0.083,10,0.1319999999996071
29574,2025-01-29 06:00:00,14804.019,28.626,4094.411,1036.343,15359.791,1036.738,0.663,10,0.6779999999998836
29574,2025-01-29 07:00:00,14804.892,28.626,4094.466,1036.39,15360.647,1036.785,0.847,10,0.8729999999995925
29574,2025-01-29 08:00:00,14806.714,28.626,4094.63,1036.39,15362.446,1036.785,1.83,10,1.8220000000001164
29574,2025-01-29 09:00:00,14808.313,28.626,4094.681,1036.398,15364.001,1036.793,1.566,10,1.59900000000016
29574,2025-01-29 10:00:00,14809.679,28.626,4094.723,1036.423,15365.329,1036.818,1.386,10,1.3659999999999854
29574,2025-01-29 11:00:00,14810.6,28.627,4094.787,1036.433,15366.234,1036.828,0.864,10,0.9210000000002764
29574,2025-01-29 12:00:00,14811.082,28.627,4094.872,1036.439,15366.721,1036.834,0.41,10,0.4819999999999709
29574,2025-01-29 13:00:00,14811.999,28.627,4094.926,1036.46,15367.619,1036.855,0.928,10,0.9169999999994616
29574,2025-01-29 14:00:00,14812.219,28.627,4094.968,1036.482,15367.842,1036.877,0.148,10,0.2199999999993451
29574,2025-01-29 15:00:00,14812.402,28.627,4095.036,1036.508,15368.037,1036.903,0.116,10,0.1830000000009022
29574,2025-01-29 16:00:00,14812.598,28.627,4095.094,1036.521,15368.241,1036.916,0.119,10,0.1959999999999127
29574,2025-01-29 17:00:00,14813.141,28.627,4095.155,1036.539,15368.781,1036.934,0.5,10,0.5429999999996653
29574,2025-01-29 18:00:00,14813.359,28.627,4095.193,1036.576,15369.001,1036.971,0.17,10,0.2180000000007567
29574,2025-01-29 19:00:00,14814.158,28.627,4095.251,1036.6,15369.787,1036.995,0.791,10,0.7989999999990687
29574,2025-01-29 20:00:00,14814.447,28.627,4095.287,1036.64,15370.075,1037.035,0.259,10,0.2890000000006694
29574,2025-01-29 21:00:00,14815.27,28.627,4095.326,1036.662,15370.878,1037.057,0.811,10,0.8230000000003201
29574,2025-01-29 22:00:00,14815.91,28.627,4095.388,1036.668,15371.512,1037.063,0.672,10,0.6399999999994179
29574,2025-01-29 23:00:00,14816.071,28.627,4095.452,1036.679,15371.684,1037.074,0.153,10,0.1610000000000582
29574,2025-01-30 00:00:00,14816.206,28.627,4095.493,1036.704,15371.825,1037.099,0.132,10,0.1350000000002182
29574,2025-01-30 01:00:00,14816.429,28.627,4095.59,1036.728,15372.066,1037.123,0.218,10,0.2229999999999563
29574,2025-01-30 02:00:00,14816.554,28.627,4095.639,1036.761,15372.199,1037.156,0.102,10,0.125
29574,2025-01-30 03:00:00,14816.696,28.627,4095.685,1036.785,15372.349,1037.18,0.118,10,0.1419999999998253
29574,2025-01-30 04:00:00,14816.841,28.627,4095.736,1036.825,15372.502,1037.22,0.118,10,0.1450000000004365
29574,2025-01-30 05:00:00,14816.992,28.627,4095.783,1036.849,15372.66,1037.244,0.124,10,0.1509999999998399
29574,2025-01-30 06:00:00,14817.427,28.627,4095.848,1036.894,15373.097,1037.289,0.42,10,0.4349999999994907
29574,2025-01-30 07:00:00,14817.805,28.627,4095.892,1036.924,15373.473,1037.319,0.351,10,0.3780000000006112
29574,2025-01-30 08:00:00,14819.483,28.627,4095.931,1036.929,15375.1,1037.324,1.719,10,1.6779999999998836
29574,2025-01-30 09:00:00,14820.41,28.627,4095.975,1036.939,15376.006,1037.334,0.914,10,0.92699999999968
29574,2025-01-30 10:00:00,14821.613,28.627,4096.0,1036.962,15377.172,1037.357,1.221,10,1.2029999999995198
29574,2025-01-30 11:00:00,14822.354,28.627,4096.035,1037.012,15377.895,1037.407,0.709,10,0.7409999999999854
29574,2025-01-30 17:00:00,14828.219,28.627,4096.94,1037.283,15383.79,1037.677,1.24,10,1.2559999999994034
29574,2025-01-30 18:00:00,14829.163,28.627,4096.978,1037.295,15384.71,1037.689,0.884,10,0.9440000000013242
29574,2025-01-30 19:00:00,14829.912,28.627,4097.024,1037.331,15385.444,1037.725,0.721,10,0.7489999999997963
29574,2025-01-30 20:00:00,14831.647,28.627,4097.055,1037.347,15387.124,1037.741,1.748,10,1.735000000000582
29574,2025-01-30 21:00:00,14832.723,28.627,4097.077,1037.403,15388.167,1037.797,1.108,10,1.0759999999991123
29574,2025-01-30 22:00:00,14833.573,28.627,4097.113,1037.43,15388.996,1037.824,0.906,10,0.8500000000003638
29574,2025-01-30 23:00:00,14833.959,28.627,4097.181,1037.45,15389.386,1037.844,0.405,10,0.386000000000422
29574,2025-01-31 00:00:00,14834.064,28.627,4097.253,1037.455,15389.507,1037.849,0.114,10,0.1049999999995634
29574,2025-01-31 01:00:00,14834.199,28.627,4097.304,1037.469,15389.651,1037.863,0.095,10,0.1350000000002182
29574,2025-01-31 04:00:00,14834.559,28.627,4097.446,1037.53,15390.035,1037.924,0.089,10,0.1269999999985884
29574,2025-01-31 05:00:00,14834.911,28.627,4097.48,1037.559,15390.384,1037.953,0.339,10,0.3520000000007712
29574,2025-01-31 06:00:00,14835.631,28.627,4097.544,1037.573,15391.095,1037.967,0.712,10,0.7199999999993452
29574,2025-01-31 07:00:00,14835.964,28.627,4097.643,1037.583,15391.442,1037.977,0.288,10,0.3330000000005384
29574,2025-01-31 08:00:00,14837.944,28.627,4097.713,1037.595,15393.369,1037.989,2.016,10,1.9799999999995637
29574,2025-01-31 09:00:00,14840.082,28.627,4097.76,1037.606,15395.443,1038.0,2.184,10,2.138000000000829
29574,2025-01-31 10:00:00,14841.638,28.627,4097.799,1037.635,15396.953,1038.029,1.593,10,1.5560000000004948
29574,2025-01-31 11:00:00,14842.532,28.627,4097.831,1037.689,15397.823,1038.083,0.858,10,0.8939999999984138
29574,2025-01-31 12:00:00,14842.972,28.627,4097.863,1037.706,15398.256,1038.1,0.372,10,0.4400000000005093
29574,2025-01-31 13:00:00,14844.082,28.627,4097.936,1037.709,15399.345,1038.103,1.069,10,1.110000000000582
29574,2025-01-31 14:00:00,14845.112,28.627,4098.09,1037.71,15400.379,1038.104,0.985,10,1.0299999999988358
29574,2025-01-31 15:00:00,14846.025,28.627,4098.162,1037.73,15401.278,1038.124,0.873,10,0.9130000000004656
29574,2025-01-31 16:00:00,14846.523,28.627,4098.2,1037.754,15401.769,1038.148,0.422,10,0.4979999999995925
29574,2025-01-31 17:00:00,14847.263,28.627,4098.246,1037.771,15402.494,1038.165,0.716,10,0.7400000000016007
29574,2025-01-31 18:00:00,14848.219,28.627,4098.283,1037.818,15403.425,1038.212,0.913,10,0.955999999998312
29574,2025-01-31 19:00:00,14849.486,28.627,4098.322,1037.854,15404.657,1038.248,1.278,10,1.2670000000016444
29574,2025-01-31 20:00:00,14850.435,28.627,4098.354,1037.907,15405.58,1038.301,1.017,10,0.9489999999987048
29574,2025-01-31 21:00:00,14851.665,28.627,4098.379,1037.987,15406.773,1038.381,1.335,10,1.2300000000013824
29574,2025-01-31 22:00:00,14852.373,28.627,4098.425,1038.045,15407.468,1038.439,0.758,10,0.7079999999987194
29574,2025-01-31 23:00:00,14852.548,28.627,4098.46,1038.065,15407.646,1038.459,0.147,10,0.1750000000010914
29574,2025-02-01 00:00:00,14852.697,28.627,4098.5,1038.081,15407.8,1038.475,0.136,10,0.1489999999994324
29574,2025-02-01 01:00:00,14852.851,28.627,4098.543,1038.109,15407.96,1038.503,0.132,10,0.1540000000004511
29574,2025-02-01 04:00:00,14853.313,28.627,4098.683,1038.183,15408.442,1038.577,0.131,10,0.1610000000000582
29574,2025-02-01 05:00:00,14853.587,28.627,4098.742,1038.213,15408.722,1038.607,0.265,10,0.2739999999994325
29574,2025-02-01 06:00:00,14854.033,28.627,4098.796,1038.248,15409.166,1038.642,0.464,10,0.4459999999999127
29574,2025-02-01 07:00:00,14854.27,28.627,4098.833,1038.272,15409.405,1038.666,0.213,10,0.2370000000009895
29574,2025-02-01 08:00:00,14855.16,28.627,4098.862,1038.307,15410.27,1038.701,0.872,10,0.8899999999994179
29574,2025-02-01 09:00:00,14855.728,28.627,4098.888,1038.322,15410.825,1038.716,0.531,10,0.5679999999993015
29574,2025-02-01 10:00:00,14857.304,28.627,4098.907,1038.375,15412.349,1038.769,1.581,10,1.576000000000931
29574,2025-02-01 11:00:00,14858.517,28.627,4098.949,1038.406,15413.53,1038.8,1.222,10,1.212999999999738
29574,2025-02-01 12:00:00,14858.821,28.627,4099.073,1038.412,15413.856,1038.806,0.238,10,0.3040000000000873
29574,2025-02-01 13:00:00,14859.436,28.627,4099.116,1038.426,15414.46,1038.82,0.45,10,0.6149999999997817
29574,2025-02-01 14:00:00,14860.628,28.627,4099.182,1038.446,15415.627,1038.84,1.205,10,1.1920000000009168
29574,2025-02-01 15:00:00,14861.889,28.627,4099.255,1038.448,15416.862,1038.842,1.297,10,1.260999999998603
29574,2025-02-01 16:00:00,14862.174,28.627,4099.313,1038.473,15417.152,1038.867,0.233,10,0.2850000000016734
29574,2025-02-01 17:00:00,14862.789,28.627,4099.37,1038.481,15417.76,1038.875,0.58,10,0.6149999999997817
29574,2025-02-01 18:00:00,14863.444,28.627,4099.426,1038.522,15418.406,1038.916,0.648,10,0.6549999999988358
29574,2025-02-01 19:00:00,14864.044,28.627,4099.489,1038.548,15419.001,1038.942,0.585,10,0.6000000000003638
29574,2025-02-01 20:00:00,14864.889,28.627,4099.538,1038.585,15419.829,1038.979,0.839,10,0.8449999999993452
29574,2025-02-01 21:00:00,14865.523,28.627,4099.622,1038.605,15420.462,1038.999,0.61,10,0.6340000000000146
29574,2025-02-01 22:00:00,14867.207,28.627,4099.71,1038.605,15422.109,1038.999,1.731,10,1.684000000001106
29574,2025-02-01 23:00:00,14867.689,28.627,4099.782,1038.617,15422.593,1039.011,0.484,10,0.4819999999999709
29574,2025-02-02 00:00:00,14867.852,28.627,4099.879,1038.621,15422.776,1039.015,0.16,10,0.1630000000004656
29574,2025-02-03 00:00:00,14885.537,28.627,4101.121,1039.235,15440.155,1039.629,0.187,10,17.68499999999949
29574,2025-02-03 01:00:00,14885.694,28.627,4101.176,1039.244,15440.321,1039.638,0.11,10,0.1569999999992433
29574,2025-02-03 02:00:00,14885.82,28.627,4101.217,1039.261,15440.453,1039.655,0.08,10,0.1260000000002037
29574,2025-02-03 03:00:00,14885.966,28.627,4101.291,1039.283,15440.614,1039.677,0.102,10,0.1460000000006402
29574,2025-02-03 04:00:00,14886.1,28.627,4101.348,1039.301,15440.758,1039.695,0.097,10,0.1340000000000145
29574,2025-02-03 05:00:00,14886.224,28.627,4101.385,1039.335,15440.888,1039.729,0.073,10,0.1239999999997962
29574,2025-02-03 06:00:00,14886.565,28.627,4101.424,1039.372,15441.227,1039.766,0.308,10,0.3410000000003492
29574,2025-02-03 07:00:00,14888.53,28.627,4101.51,1039.376,15443.144,1039.77,1.984,10,1.9650000000001453
29574,2025-02-03 08:00:00,14890.323,28.627,4101.545,1039.391,15444.882,1039.785,1.798,10,1.7929999999996653
29574,2025-02-03 09:00:00,14892.042,28.627,4101.622,1039.416,15446.56,1039.81,1.724,10,1.7189999999991414
29574,2025-02-03 10:00:00,14894.245,28.627,4101.68,1039.422,15448.699,1039.816,2.255,10,2.2030000000013388
29574,2025-02-03 11:00:00,14895.241,28.627,4101.746,1039.442,15449.677,1039.836,0.962,10,0.9959999999991852
29574,2025-02-03 12:00:00,14895.678,28.627,4101.884,1039.503,15450.135,1039.897,0.29,10,0.4369999999998981
29574,2025-02-03 13:00:00,14895.819,28.627,4101.925,1039.542,15450.281,1039.936,0.108,10,0.1409999999996216
29574,2025-02-03 14:00:00,14896.006,28.627,4101.97,1039.559,15450.474,1039.953,0.147,10,0.1869999999998981
29574,2025-02-03 15:00:00,14896.391,28.627,4102.025,1039.574,15450.859,1039.968,0.38,10,0.3850000000002183
29574,2025-02-03 16:00:00,14897.618,28.627,4102.163,1039.579,15452.079,1039.973,1.262,10,1.2270000000007713
29574,2025-02-03 17:00:00,14897.855,28.627,4102.257,1039.582,15452.333,1039.976,0.181,10,0.2369999999991705
29574,2025-02-03 18:00:00,14898.416,28.627,4102.313,1039.596,15452.888,1039.99,0.553,10,0.5609999999996944
29574,2025-02-03 19:00:00,14900.273,28.627,4102.372,1039.604,15454.694,1039.998,1.872,10,1.856999999999971
29574,2025-02-03 20:00:00,14900.632,28.627,4102.438,1039.616,15455.058,1040.01,0.307,10,0.3590000000003783
29574,2025-02-03 21:00:00,14901.971,28.627,4102.494,1039.628,15456.364,1040.022,1.331,10,1.3389999999999418
29574,2025-02-03 22:00:00,14902.401,28.627,4102.552,1039.641,15456.794,1040.035,0.397,10,0.430000000000291
29574,2025-02-03 23:00:00,14902.586,28.627,4102.605,1039.65,15456.986,1040.044,0.115,10,0.1849999999994906
29574,2025-02-04 02:00:00,14903.384,28.627,4102.799,1039.693,15457.807,1040.087,0.11,10,0.1560000000008585
29574,2025-02-04 03:00:00,14903.491,28.627,4102.839,1039.725,15457.921,1040.119,0.073,10,0.1069999999999709
29574,2025-02-04 04:00:00,14903.604,28.627,4102.877,1039.746,15458.04,1040.14,0.081,10,0.1129999999993742
29574,2025-02-04 05:00:00,14903.767,28.627,4102.917,1039.777,15458.208,1040.171,0.149,10,0.1630000000004656
29574,2025-02-04 06:00:00,14904.702,28.627,4102.951,1039.802,15459.118,1040.195,0.985,10,0.9349999999994908
29574,2025-02-04 07:00:00,14905.961,28.627,4102.976,1039.839,15460.339,1040.232,1.297,10,1.2590000000000146
29574,2025-02-04 08:00:00,14908.118,28.627,4102.996,1039.86,15462.424,1040.253,2.204,10,2.1570000000010623
29574,2025-02-04 09:00:00,14909.23,28.627,4103.054,1039.87,15463.511,1040.263,1.079,10,1.1119999999991703
29574,2025-02-04 10:00:00,14910.605,28.627,4103.129,1039.887,15464.857,1040.28,1.36,10,1.375
29574,2025-02-04 11:00:00,14911.642,28.627,4103.212,1039.887,15465.879,1040.28,1.005,10,1.037000000000262
29574,2025-02-04 12:00:00,14911.83,28.627,4103.253,1039.908,15466.071,1040.301,0.123,10,0.1880000000001018
29574,2025-02-04 13:00:00,14912.267,28.627,4103.384,1040.008,15466.527,1040.401,0.255,10,0.4369999999998981
29574,2025-02-04 14:00:00,14912.437,28.627,4103.422,1040.025,15466.701,1040.418,0.098,10,0.1700000000000727
29574,2025-02-04 15:00:00,14912.764,28.627,4103.468,1040.04,15467.028,1040.433,0.25,10,0.326999999999316
29574,2025-02-04 16:00:00,14913.196,28.627,4103.504,1040.074,15467.454,1040.467,0.363,10,0.4320000000006985
29574,2025-02-04 17:00:00,14914.671,28.627,4103.583,1040.078,15468.897,1040.471,1.461,10,1.4750000000003638
29574,2025-02-04 18:00:00,14915.776,28.627,4103.657,1040.083,15469.983,1040.476,1.068,10,1.1049999999995634
29574,2025-02-04 19:00:00,14917.332,28.627,4103.671,1040.113,15471.486,1040.506,1.526,10,1.5560000000004948
29574,2025-02-04 20:00:00,14918.416,28.627,4103.74,1040.117,15472.55,1040.51,1.096,10,1.0839999999989232
29574,2025-02-04 21:00:00,14919.08,28.627,4103.769,1040.194,15473.198,1040.587,0.702,10,0.6640000000006694
29574,2025-02-04 22:00:00,14919.27,28.627,4103.824,1040.222,15473.396,1040.615,0.158,10,0.1900000000005093
29574,2025-02-04 23:00:00,14919.706,28.627,4103.908,1040.223,15473.838,1040.616,0.407,10,0.4359999999996944
29574,2025-02-05 00:00:00,14920.081,28.627,4103.964,1040.24,15474.215,1040.633,0.351,10,0.375
29574,2025-02-05 01:00:00,14920.833,28.627,4104.042,1040.246,15474.961,1040.639,0.751,10,0.7520000000004075
29574,2025-02-05 02:00:00,14921.002,28.627,4104.122,1040.25,15475.145,1040.643,0.138,10,0.168999999999869
29574,2025-02-05 03:00:00,14921.139,28.627,4104.173,1040.261,15475.29,1040.654,0.102,10,0.1369999999988067
29574,2025-02-05 04:00:00,14921.284,28.627,4104.221,1040.273,15475.443,1040.666,0.115,10,0.1450000000004365
29574,2025-02-05 05:00:00,14921.41,28.627,4104.269,1040.28,15475.577,1040.673,0.102,10,0.1260000000002037
29574,2025-02-05 06:00:00,14921.532,28.627,4104.316,1040.299,15475.707,1040.692,0.102,10,0.1219999999993888
29574,2025-02-05 07:00:00,14922.596,28.627,4104.353,1040.326,15476.743,1040.719,1.042,10,1.0640000000003056
29574,2025-02-05 08:00:00,14924.677,28.627,4104.412,1040.341,15478.765,1040.734,2.079,10,2.081000000000131
29574,2025-02-05 09:00:00,14925.962,28.627,4104.476,1040.352,15480.021,1040.745,1.236,10,1.2849999999998545
29574,2025-02-05 10:00:00,14926.396,28.627,4104.532,1040.381,15480.454,1040.774,0.371,10,0.4340000000011059
29574,2025-02-05 11:00:00,14927.235,28.627,4104.578,1040.407,15481.275,1040.8,0.822,10,0.8389999999999418
29574,2025-02-05 12:00:00,14927.665,28.627,4104.619,1040.438,15481.701,1040.831,0.366,10,0.430000000000291
29574,2025-02-05 13:00:00,14927.97,28.627,4104.662,1040.446,15482.006,1040.839,0.254,10,0.304999999998472
29574,2025-02-05 14:00:00,14928.439,28.627,4104.72,1040.451,15482.474,1040.844,0.405,10,0.4690000000009604
29574,2025-02-05 15:00:00,14928.648,28.627,4104.803,1040.469,15482.698,1040.862,0.131,10,0.2089999999989231
29574,2025-02-05 16:00:00,14928.945,28.627,4104.949,1040.529,15483.023,1040.922,0.133,10,0.2970000000004802
29574,2025-02-05 17:00:00,14929.163,28.627,4105.023,1040.539,15483.252,1040.932,0.129,10,0.2180000000007567
29574,2025-02-05 18:00:00,14929.827,28.627,4105.073,1040.572,15483.906,1040.965,0.638,10,0.6639999999988504
29574,2025-02-05 19:00:00,14930.915,28.627,4105.14,1040.588,15484.973,1040.981,1.073,10,1.088000000001557
29574,2025-02-05 20:00:00,14932.632,28.627,4105.199,1040.602,15486.644,1040.995,1.716,10,1.716999999998734
29574,2025-02-05 21:00:00,14933.973,28.627,4105.213,1040.633,15487.941,1041.026,1.293,10,1.3410000000003492
29574,2025-02-05 22:00:00,14934.197,28.627,4105.323,1040.638,15488.186,1041.031,0.185,10,0.22400000000016
29574,2025-02-05 23:00:00,14934.359,28.627,4105.405,1040.645,15488.364,1041.038,0.129,10,0.1620000000002619
29574,2025-02-06 02:00:00,14934.794,28.627,4105.563,1040.721,15488.825,1041.114,0.097,10,0.1340000000000145
29574,2025-02-06 03:00:00,14934.941,28.627,4105.599,1040.749,15488.976,1041.142,0.118,10,0.147000000000844
29574,2025-02-06 04:00:00,14935.106,28.627,4105.668,1040.771,15489.154,1041.164,0.134,10,0.1649999999990541
29574,2025-02-06 05:00:00,14935.252,28.627,4105.718,1040.8,15489.308,1041.193,0.116,10,0.1460000000006402
29574,2025-02-06 06:00:00,14935.388,28.627,4105.769,1040.85,15489.452,1041.243,0.113,10,0.136000000000422
29574,2025-02-06 07:00:00,14936.396,28.627,4105.834,1040.885,15490.442,1041.278,0.971,10,1.0079999999998108
29574,2025-02-06 08:00:00,14937.998,28.627,4105.989,1040.886,15492.027,1041.279,1.632,10,1.6019999999989525
29574,2025-02-06 09:00:00,14938.271,28.627,4106.051,1040.894,15492.307,1041.287,0.219,10,0.2730000000010477
29574,2025-02-06 10:00:00,14939.747,28.627,4106.088,1040.916,15493.74,1041.309,1.458,10,1.4759999999987483
29574,2025-02-06 11:00:00,14940.263,28.627,4106.136,1040.933,15494.25,1041.326,0.444,10,0.5160000000014406
29574,2025-02-06 12:00:00,14941.213,28.627,4106.235,1040.936,15495.193,1041.329,0.901,10,0.9499999999989086
29574,2025-02-06 13:00:00,14941.532,28.627,4106.301,1040.946,15495.518,1041.339,0.204,10,0.3189999999995052
29574,2025-02-06 14:00:00,14941.827,28.627,4106.363,1040.954,15495.819,1041.347,0.2,10,0.2950000000000727
29574,2025-02-06 15:00:00,14942.228,28.627,4106.456,1040.983,15496.23,1041.376,0.32,10,0.4009999999998399
29574,2025-02-06 16:00:00,14942.394,28.627,4106.501,1040.995,15496.402,1041.388,0.103,10,0.1660000000010768
29574,2025-02-06 17:00:00,14943.043,28.627,4106.544,1041.011,15497.039,1041.404,0.608,10,0.6489999999994325
29574,2025-02-06 18:00:00,14943.862,28.627,4106.64,1041.023,15497.854,1041.416,0.8,10,0.8189999999995052
29574,2025-02-06 19:00:00,14944.504,28.627,4106.679,1041.045,15498.484,1041.438,0.598,10,0.6420000000016444
29574,2025-02-06 20:00:00,14945.803,28.627,4106.719,1041.062,15499.747,1041.455,1.274,10,1.298999999999069
29574,2025-02-06 21:00:00,14946.579,28.627,4106.773,1041.079,15500.509,1041.472,0.736,10,0.7759999999998399
29574,2025-02-06 22:00:00,14946.868,28.627,4106.859,1041.083,15500.811,1041.476,0.24,10,0.2890000000006694
29574,2025-02-06 23:00:00,14947.11,28.627,4106.983,1041.087,15501.077,1041.48,0.165,10,0.2420000000001891
29574,2025-02-07 02:00:00,14947.591,28.627,4107.181,1041.112,15501.593,1041.505,0.122,10,0.168999999999869
29574,2025-02-07 03:00:00,14947.759,28.627,4107.219,1041.122,15501.765,1041.515,0.116,10,0.1679999999996653
29574,2025-02-07 04:00:00,14947.909,28.627,4107.264,1041.134,15501.922,1041.527,0.1,10,0.1499999999996362
29574,2025-02-07 05:00:00,14948.094,28.627,4107.338,1041.142,15502.12,1041.535,0.143,10,0.1849999999994906
29574,2025-02-07 06:00:00,14948.261,28.627,4107.382,1041.169,15502.293,1041.562,0.105,10,0.1670000000012805
29574,2025-02-07 07:00:00,14949.926,28.627,4107.435,1041.188,15503.912,1041.581,1.65,10,1.664999999999054
29574,2025-02-07 08:00:00,14951.658,28.627,4107.497,1041.196,15505.599,1041.589,1.748,10,1.731999999999971
29574,2025-02-07 09:00:00,14952.946,28.627,4107.534,1041.212,15506.851,1041.605,1.287,10,1.2880000000004657
29574,2025-02-07 10:00:00,14953.497,28.627,4107.591,1041.218,15507.397,1041.611,0.55,10,0.5509999999994761
29574,2025-02-07 11:00:00,14954.488,28.627,4107.658,1041.228,15508.37,1041.621,0.991,10,0.9909999999999854
29574,2025-02-07 12:00:00,14954.824,28.627,4107.71,1041.234,15508.708,1041.627,0.335,10,0.3360000000011496
29574,2025-02-07 13:00:00,14955.055,28.627,4107.76,1041.24,15508.944,1041.633,0.23,10,0.2309999999997671
29574,2025-02-07 14:00:00,14955.812,28.627,4107.844,1041.248,15509.696,1041.641,0.756,10,0.7569999999996071
29574,2025-02-07 15:00:00,14955.936,28.627,4107.915,1041.25,15509.835,1041.643,0.124,10,0.1239999999997962
29574,2025-02-07 16:00:00,14956.058,28.627,4107.968,1041.257,15509.966,1041.65,0.121,10,0.1220000000012078
29574,2025-02-07 17:00:00,14956.211,28.627,4108.025,1041.273,15510.129,1041.666,0.153,10,0.1529999999984284
29574,2025-02-07 18:00:00,14957.101,28.627,4108.098,1041.282,15511.007,1041.675,0.889,10,0.8900000000012369
29574,2025-02-07 19:00:00,14958.942,28.627,4108.16,1041.306,15512.798,1041.699,1.84,10,1.8409999999985305
29574,2025-02-07 20:00:00,14960.001,28.627,4108.268,1041.312,15513.848,1041.705,1.058,10,1.059000000001106
29574,2025-02-07 21:00:00,14960.819,28.627,4108.339,1041.336,15514.656,1041.729,0.817,10,0.8179999999993015
29574,2025-02-07 22:00:00,14961.084,28.627,4108.383,1041.347,15514.923,1041.74,0.264,10,0.2650000000012369
29574,2025-02-07 23:00:00,14961.273,28.627,4108.467,1041.351,15515.127,1041.744,0.188,10,0.1889999999984866
29574,2025-02-08 00:00:00,14961.41,28.627,4108.607,1041.355,15515.296,1041.748,0.137,10,0.1370000000006257
29574,2025-02-08 01:00:00,14961.504,28.627,4108.659,1041.362,15515.401,1041.755,0.093,10,0.0940000000009604
29574,2025-02-08 02:00:00,14961.623,28.627,4108.758,1041.366,15515.542,1041.759,0.118,10,0.1189999999987776
29574,2025-02-08 03:00:00,14961.687,28.627,4108.803,1041.377,15515.616,1041.77,0.064,10,0.0640000000003055
29574,2025-02-08 04:00:00,14961.775,28.627,4108.857,1041.385,15515.715,1041.778,0.088,10,0.087999999999738
29574,2025-02-08 05:00:00,14961.887,28.627,4108.951,1041.39,15515.848,1041.783,0.111,10,0.1120000000009895
29574,2025-02-08 06:00:00,14961.958,28.627,4108.997,1041.399,15515.928,1041.792,0.07,10,0.0709999999999126
29574,2025-02-08 07:00:00,14962.29,28.627,4109.042,1041.41,15516.26,1041.803,0.331,10,0.3320000000003347
29574,2025-02-08 08:00:00,14963.067,28.627,4109.082,1041.424,15517.02,1041.817,0.776,10,0.7769999999982247
29574,2025-02-08 09:00:00,14963.314,28.627,4109.127,1041.436,15517.27,1041.829,0.246,10,0.2470000000012078
29574,2025-02-08 10:00:00,14964.383,28.627,4109.207,1041.442,15518.322,1041.835,1.068,10,1.0689999999995052
29574,2025-02-08 11:00:00,14964.927,28.627,4109.245,1041.461,15518.857,1041.854,0.543,10,0.543999999999869
29574,2025-02-08 12:00:00,14966.006,28.627,4109.284,1041.48,15519.908,1041.873,1.077,10,1.0789999999997235
29574,2025-02-08 13:00:00,14967.908,28.627,4109.336,1041.487,15521.756,1041.88,1.902,10,1.902000000000044
29574,2025-02-08 14:00:00,14968.786,28.627,4109.393,1041.495,15522.617,1041.888,0.877,10,0.8780000000006112
29574,2025-02-08 15:00:00,14970.57,28.627,4109.493,1041.495,15524.364,1041.888,1.783,10,1.7839999999996508
29574,2025-02-08 16:00:00,14972.095,28.627,4109.666,1041.495,15525.881,1041.888,1.524,10,1.5249999999996362
29574,2025-02-08 17:00:00,14972.234,28.627,4109.717,1041.504,15526.028,1041.897,0.138,10,0.1390000000010331
29574,2025-02-08 18:00:00,14972.511,28.627,4109.783,1041.515,15526.313,1041.908,0.276,10,0.2770000000000436
29574,2025-02-08 19:00:00,14973.497,28.627,4109.844,1041.532,15527.28,1041.925,0.985,10,0.9859999999989668
29574,2025-02-08 20:00:00,14974.154,28.627,4109.881,1041.567,15527.923,1041.96,0.657,10,0.6570000000010623
29574,2025-02-08 21:00:00,14975.284,28.627,4109.931,1041.59,15529.026,1041.983,1.13,10,1.1299999999991996
29574,2025-02-08 22:00:00,14976.701,28.627,4110.014,1041.594,15530.414,1041.987,1.416,10,1.4169999999994616
29574,2025-02-08 23:00:00,14976.867,28.627,4110.065,1041.609,15530.588,1042.002,0.165,10,0.1660000000010768
29574,2025-02-09 04:00:00,14977.687,28.627,4110.446,1041.651,15531.48,1042.044,0.132,10,0.1319999999996071
29574,2025-02-09 05:00:00,14977.829,28.627,4110.495,1041.66,15531.63,1042.053,0.141,10,0.1419999999998253
29574,2025-02-09 06:00:00,14977.954,28.627,4110.558,1041.672,15531.767,1042.065,0.126,10,0.125
29574,2025-02-09 07:00:00,14979.022,28.627,4110.621,1041.678,15532.813,1042.071,1.067,10,1.0680000000011205
29574,2025-02-09 08:00:00,14981.08,28.627,4110.667,1041.684,15534.81,1042.077,2.057,10,2.0579999999990832
29574,2025-02-09 09:00:00,14982.727,28.627,4110.704,1041.7,15536.408,1042.093,1.647,10,1.647000000000844
29574,2025-02-09 10:00:00,14983.249,28.627,4110.75,1041.71,15536.924,1042.103,0.521,10,0.521999999999025
29574,2025-02-09 17:00:00,14989.3,28.627,4111.233,1041.746,15542.887,1042.139,0.807,10,0.8079999999990832
29574,2025-02-09 18:00:00,14989.603,28.627,4111.339,1041.76,15543.207,1042.153,0.302,10,0.3029999999998836
29574,2025-02-09 19:00:00,14990.767,28.627,4111.552,1041.76,15544.386,1042.153,1.163,10,1.1640000000006694
29574,2025-02-09 20:00:00,14991.511,28.627,4111.666,1041.772,15545.134,1042.165,0.744,10,0.7440000000005966
29574,2025-02-09 21:00:00,14992.592,28.627,4111.721,1041.783,15546.191,1042.176,1.078,10,1.081000000000131
29574,2025-02-09 22:00:00,14992.93,28.627,4111.755,1041.796,15546.526,1042.189,0.338,10,0.337999999999738
29574,2025-02-09 23:00:00,14993.187,28.627,4111.965,1041.796,15546.829,1042.189,0.256,10,0.2569999999996071
29574,2025-02-10 00:00:00,14993.608,28.627,4112.105,1041.799,15547.272,1042.192,0.421,10,0.4210000000002765
29574,2025-02-10 01:00:00,14993.747,28.627,4112.248,1041.8,15547.444,1042.193,0.14,10,0.1389999999992142
29574,2025-02-10 02:00:00,14993.876,28.627,4112.355,1041.802,15547.597,1042.195,0.128,10,0.1290000000008149
29574,2025-02-10 03:00:00,14994.038,28.627,4112.504,1041.805,15547.792,1042.198,0.162,10,0.1620000000002619
29574,2025-02-10 04:00:00,14994.134,28.627,4112.579,1041.812,15547.905,1042.205,0.096,10,0.0959999999995488
29574,2025-02-10 05:00:00,14994.27,28.627,4112.698,1041.816,15548.067,1042.209,0.135,10,0.136000000000422
29574,2025-02-10 06:00:00,14994.702,28.627,4112.754,1041.818,15548.499,1042.211,0.431,10,0.4319999999988795
29574,2025-02-10 07:00:00,14996.119,28.627,4112.819,1041.822,15549.883,1042.215,1.416,10,1.4170000000012806
29574,2025-02-10 08:00:00,14997.651,28.627,4112.888,1041.824,15551.378,1042.217,1.532,10,1.5319999999992433
29574,2025-02-10 09:00:00,14999.076,28.627,4112.942,1041.834,15552.767,1042.227,1.424,10,1.4249999999992724
29574,2025-02-10 10:00:00,14999.771,28.627,4113.027,1041.839,15553.46,1042.232,0.694,10,0.695000000001528
29574,2025-02-10 11:00:00,15000.897,28.627,4113.097,1041.85,15554.564,1042.243,1.125,10,1.1260000000002035
29574,2025-02-10 12:00:00,15001.382,28.627,4113.152,1041.861,15555.046,1042.254,0.483,10,0.4849999999987631
29574,2025-02-10 13:00:00,15001.964,28.627,4113.225,1041.865,15555.627,1042.258,0.583,10,0.5820000000003347
29574,2025-02-10 14:00:00,15002.196,28.627,4113.304,1041.873,15555.872,1042.266,0.232,10,0.2319999999999709
29574,2025-02-10 15:00:00,15002.322,28.627,4113.331,1041.879,15556.0,1042.272,0.126,10,0.1260000000002037
29574,2025-02-10 16:00:00,15002.469,28.627,4113.443,1041.886,15556.172,1042.279,0.145,10,0.146999999999025
29574,2025-02-10 17:00:00,15003.227,28.627,4113.512,1041.886,15556.921,1042.279,0.758,10,0.7580000000016298
29574,2025-02-10 18:00:00,15003.876,28.627,4113.582,1041.896,15557.565,1042.289,0.648,10,0.6489999999994325
29574,2025-02-10 19:00:00,15004.722,28.627,4113.681,1041.907,15558.407,1042.3,0.846,10,0.8459999999995489
29574,2025-02-10 20:00:00,15005.733,28.627,4113.729,1041.92,15559.395,1042.313,1.01,10,1.011000000000422
29574,2025-02-10 21:00:00,15007.088,28.627,4113.772,1041.926,15560.713,1042.319,1.354,10,1.3549999999995634
29574,2025-02-10 22:00:00,15007.908,28.627,4113.843,1041.936,15561.523,1042.329,0.819,10,0.819999999999709
29574,2025-02-10 23:00:00,15008.646,28.627,4113.897,1041.943,15562.249,1042.336,0.737,10,0.7380000000011933
29574,2025-02-11 00:00:00,15008.785,28.627,4113.945,1041.951,15562.396,1042.344,0.139,10,0.1389999999992142
29574,2025-02-11 01:00:00,15008.979,28.627,4114.019,1041.962,15562.602,1042.355,0.194,10,0.1939999999995052
29574,2025-02-11 02:00:00,15009.19,28.627,4114.081,1041.967,15562.822,1042.36,0.21,10,0.2110000000011496
29574,2025-02-11 03:00:00,15009.335,28.627,4114.134,1041.974,15562.976,1042.367,0.145,10,0.1449999999986175
29574,2025-02-11 04:00:00,15009.458,28.627,4114.18,1041.981,15563.107,1042.374,0.122,10,0.1230000000014115
29574,2025-02-11 05:00:00,15009.56,28.627,4114.224,1041.992,15563.217,1042.385,0.102,10,0.1019999999989522
29574,2025-02-11 06:00:00,15010.088,28.627,4114.283,1042.004,15563.742,1042.397,0.527,10,0.5280000000002474
29574,2025-02-11 07:00:00,15011.619,28.627,4114.341,1042.014,15565.233,1042.407,1.531,10,1.5310000000008586
29574,2025-02-11 08:00:00,15013.647,28.627,4114.396,1042.014,15567.204,1042.407,2.027,10,2.0280000000002474
29574,2025-02-11 09:00:00,15014.744,28.627,4114.438,1042.024,15568.273,1042.417,1.096,10,1.0969999999997526
29574,2025-02-11 10:00:00,15015.101,28.627,4114.478,1042.034,15568.628,1042.427,0.357,10,0.3569999999999709
29574,2025-02-11 11:00:00,15016.46,28.627,4114.52,1042.046,15569.95,1042.439,1.358,10,1.3589999999985594
29574,2025-02-11 12:00:00,15017.036,28.627,4114.567,1042.059,15570.518,1042.452,0.575,10,0.5760000000009313
29574,2025-02-11 19:00:00,15020.708,28.627,4114.895,1042.135,15574.146,1042.528,0.54,10,0.6509999999998399
29574,2025-02-11 20:00:00,15021.094,28.627,4115.002,1042.149,15574.546,1042.542,0.307,10,0.385999999998603
29574,2025-02-11 21:00:00,15022.024,28.627,4115.044,1042.178,15575.454,1042.571,0.863,10,0.930000000000291
29574,2025-02-11 22:00:00,15022.259,28.627,4115.09,1042.215,15575.693,1042.608,0.222,10,0.235000000000582
29574,2025-02-11 23:00:00,15022.405,28.627,4115.132,1042.249,15575.845,1042.642,0.136,10,0.1460000000006402
29574,2025-02-13 01:00:00,15037.87,28.627,4116.702,1042.774,15591.176,1043.166,0.128,10,0.2160000000003492
29574,2025-02-13 02:00:00,15038.068,28.627,4116.745,1042.798,15591.378,1043.19,0.118,10,0.1979999999985011
29574,2025-02-13 03:00:00,15038.278,28.627,4116.804,1042.83,15591.596,1043.222,0.126,10,0.2100000000009458
29574,2025-02-13 04:00:00,15038.494,28.627,4116.846,1042.862,15591.815,1043.254,0.17,10,0.2160000000003492
29574,2025-02-13 05:00:00,15038.681,28.627,4116.89,1042.887,15592.007,1043.279,0.142,10,0.1869999999998981
29574,2025-02-13 06:00:00,15039.215,28.627,4116.92,1042.919,15592.53,1043.311,0.537,10,0.5339999999996508
29574,2025-02-13 07:00:00,15040.025,28.627,4116.95,1042.969,15593.32,1043.361,0.76,10,0.8099999999994907
29574,2025-02-13 08:00:00,15041.391,28.627,4117.002,1042.981,15594.651,1043.373,1.373,10,1.3659999999999854
29574,2025-02-13 09:00:00,15042.284,28.627,4117.067,1042.993,15595.529,1043.385,0.842,10,0.8930000000000291
29574,2025-02-13 10:00:00,15043.692,28.627,4117.116,1043.011,15596.9,1043.403,1.406,10,1.407999999999447
29574,2025-02-13 11:00:00,15044.221,28.627,4117.155,1043.031,15597.421,1043.423,0.47,10,0.5290000000004511
29574,2025-02-13 12:00:00,15044.559,28.627,4117.232,1043.039,15597.767,1043.431,0.267,10,0.337999999999738
29574,2025-02-13 16:00:00,15045.627,28.627,4117.481,1043.064,15598.863,1043.456,0.613,10,0.6930000000011205
29574,2025-02-13 20:00:00,15048.862,28.627,4117.794,1043.112,15602.066,1043.504,0.791,10,0.7770000000000437
29574,2025-02-13 21:00:00,15049.234,28.627,4117.839,1043.135,15602.437,1043.527,0.352,10,0.3720000000012078
29574,2025-02-13 22:00:00,15049.484,28.627,4117.888,1043.159,15602.691,1043.551,0.255,10,0.25
29574,2025-02-13 23:00:00,15049.758,28.627,4117.961,1043.171,15602.974,1043.563,0.218,10,0.2739999999994325
29574,2025-02-14 00:00:00,15049.944,28.627,4118.064,1043.183,15603.181,1043.575,0.158,10,0.1859999999996944
29574,2025-02-14 01:00:00,15050.132,28.627,4118.11,1043.21,15603.374,1043.602,0.12,10,0.1880000000001018
29574,2025-02-14 02:00:00,15050.315,28.627,4118.15,1043.242,15603.561,1043.634,0.111,10,0.1830000000009022
29574,2025-02-14 03:00:00,15050.507,28.627,4118.209,1043.275,15603.762,1043.667,0.125,10,0.1919999999990977
29574,2025-02-14 04:00:00,15050.701,28.627,4118.259,1043.299,15603.962,1043.691,0.131,10,0.1939999999995052
29574,2025-02-14 05:00:00,15051.172,28.627,4118.291,1043.35,15604.425,1043.742,0.436,10,0.4710000000013679
29574,2025-02-14 06:00:00,15051.796,28.627,4118.316,1043.397,15605.034,1043.789,0.618,10,0.6239999999997963
29574,2025-02-14 07:00:00,15052.684,28.627,4118.348,1043.438,15605.899,1043.83,0.897,10,0.8879999999990105
29574,2025-02-14 08:00:00,15053.404,28.627,4118.408,1043.448,15606.609,1043.84,0.746,10,0.7200000000011642
29574,2025-02-14 09:00:00,15054.613,28.627,4118.47,1043.458,15607.791,1043.85,1.21,10,1.2089999999989232
29574,2025-02-14 10:00:00,15055.663,28.627,4118.513,1043.468,15608.816,1043.86,1.05,10,1.0500000000010914
29574,2025-02-14 11:00:00,15055.968,28.627,4118.562,1043.481,15609.123,1043.873,0.304,10,0.305000000000291
29574,2025-02-14 12:00:00,15056.406,28.627,4118.606,1043.488,15609.557,1043.88,0.437,10,0.4380000000001018
29574,2025-02-14 13:00:00,15056.524,28.627,4118.659,1043.5,15609.685,1043.892,0.118,10,0.1179999999985739
29574,2025-02-14 14:00:00,15056.648,28.627,4118.718,1043.507,15609.82,1043.899,0.123,10,0.1239999999997962
29574,2025-02-14 15:00:00,15056.754,28.627,4118.793,1043.516,15609.942,1043.908,0.106,10,0.1060000000015861
29574,2025-02-14 16:00:00,15056.874,28.627,4118.847,1043.521,15610.072,1043.913,0.119,10,0.1199999999989813
29574,2025-02-14 17:00:00,15057.846,28.627,4118.893,1043.533,15611.021,1043.925,0.972,10,0.9719999999997526
29574,2025-02-14 18:00:00,15058.812,28.627,4118.952,1043.544,15611.969,1043.936,0.227,10,0.9660000000003492
29574,2025-02-14 19:00:00,15059.439,28.627,4119.0,1043.58,15612.586,1043.972,0.569,10,0.6270000000004075
29574,2025-02-15 01:00:00,15062.713,28.627,4119.388,1043.661,15615.847,1044.053,0.109,10,0.1340000000000145
29574,2025-02-15 02:00:00,15062.862,28.627,4119.448,1043.666,15616.006,1044.058,0.129,10,0.1489999999994324
29574,2025-02-15 03:00:00,15063.07,28.627,4119.506,1043.674,15616.222,1044.066,0.186,10,0.2080000000005384
29574,2025-02-15 04:00:00,15063.274,28.627,4119.634,1043.681,15616.453,1044.073,0.167,10,0.2039999999997235
29574,2025-02-15 05:00:00,15063.444,28.627,4119.688,1043.689,15616.631,1044.081,0.133,10,0.1700000000000727
29574,2025-02-15 06:00:00,15063.605,28.627,4119.721,1043.721,15616.795,1044.113,0.113,10,0.1610000000000582
29574,2025-02-15 07:00:00,15064.253,28.627,4119.759,1043.747,15617.43,1044.139,0.647,10,0.6480000000010477
29574,2025-02-15 08:00:00,15065.004,28.627,4119.779,1043.786,15618.16,1044.178,0.715,10,0.7510000000002037
29574,2025-02-15 09:00:00,15066.263,28.627,4119.824,1043.8,15619.386,1044.192,1.276,10,1.2590000000000146
29574,2025-02-15 10:00:00,15066.829,28.627,4119.917,1043.8,15619.956,1044.192,0.544,10,0.565999999998894
29574,2025-02-15 11:00:00,15066.961,28.627,4119.937,1043.843,15620.089,1044.235,0.139,10,0.1319999999996071
29574,2025-02-15 12:00:00,15067.412,28.627,4119.992,1043.88,15620.538,1044.272,0.472,10,0.4510000000009313
29574,2025-02-15 13:00:00,15067.573,28.627,4120.055,1043.888,15620.71,1044.28,0.163,10,0.1610000000000582
29574,2025-02-15 14:00:00,15068.467,28.627,4120.131,1043.908,15621.593,1044.3,0.901,10,0.8940000000002328
29574,2025-02-15 15:00:00,15069.924,28.627,4120.189,1043.93,15623.014,1044.322,1.518,10,1.4570000000003347
29574,2025-02-15 16:00:00,15070.15,28.627,4120.224,1043.955,15623.241,1044.347,0.241,10,0.2259999999987485
29574,2025-02-15 17:00:00,15070.47,28.627,4120.313,1043.968,15623.573,1044.36,0.306,10,0.3199999999997089
29574,2025-02-15 18:00:00,15070.949,28.627,4120.499,1043.968,15624.084,1044.36,0.484,10,0.4790000000011787
29574,2025-02-15 19:00:00,15071.721,28.627,4120.689,1043.968,15624.879,1044.36,0.77,10,0.771999999999025
29574,2025-02-15 20:00:00,15072.236,28.627,4120.841,1043.968,15625.416,1044.36,0.525,10,0.5150000000012369
29574,2025-02-15 21:00:00,15072.56,28.627,4120.957,1043.972,15625.759,1044.364,0.303,10,0.3239999999987049
29574,2025-02-15 22:00:00,15072.798,28.627,4121.11,1043.973,15626.029,1044.365,0.223,10,0.2380000000011932
29574,2025-02-15 23:00:00,15073.027,28.627,4121.282,1043.973,15626.295,1044.365,0.235,10,0.2289999999993597
29574,2025-02-16 03:00:00,15074.046,28.627,4121.958,1043.973,15627.456,1044.365,0.213,10,0.2469999999993888
29574,2025-02-16 04:00:00,15074.302,28.627,4122.138,1043.973,15627.751,1044.365,0.224,10,0.2559999999994033
29574,2025-02-16 05:00:00,15074.632,28.627,4122.304,1043.973,15628.113,1044.365,0.308,10,0.3299999999999272
29574,2025-02-16 06:00:00,15075.315,28.627,4122.374,1044.003,15628.79,1044.395,0.682,10,0.6830000000009022
29574,2025-02-16 07:00:00,15076.072,28.627,4122.523,1044.003,15629.559,1044.395,0.76,10,0.7569999999996071
29574,2025-02-16 08:00:00,15076.474,28.627,4122.613,1044.031,15629.971,1044.423,0.366,10,0.4020000000000436
29574,2025-02-16 09:00:00,15076.754,28.627,4122.672,1044.043,15630.257,1044.435,0.181,10,0.2800000000006548
29574,2025-02-16 10:00:00,15077.589,28.627,4122.715,1044.062,15631.073,1044.454,0.763,10,0.8349999999991269
29574,2025-02-16 11:00:00,15078.667,28.627,4122.754,1044.083,15632.123,1044.475,1.074,10,1.0779999999995198
29574,2025-02-16 12:00:00,15079.635,28.627,4122.791,1044.105,15633.067,1044.497,0.978,10,0.9680000000007568
29574,2025-02-16 13:00:00,15080.957,28.627,4122.837,1044.108,15634.354,1044.5,1.362,10,1.3220000000001164
29574,2025-02-16 14:00:00,15082.029,28.627,4122.893,1044.114,15635.403,1044.506,1.077,10,1.0720000000001164
29574,2025-02-16 15:00:00,15082.475,28.627,4122.947,1044.126,15635.848,1044.518,0.44,10,0.4459999999999127
29574,2025-02-16 16:00:00,15083.759,28.627,4123.013,1044.127,15637.104,1044.519,1.312,10,1.2839999999996508
29574,2025-02-16 17:00:00,15084.334,28.627,4123.118,1044.159,15637.686,1044.551,0.573,10,0.5750000000007276
29574,2025-02-16 18:00:00,15084.785,28.627,4123.394,1044.159,15638.194,1044.551,0.363,10,0.4509999999991123
29574,2025-02-16 19:00:00,15085.463,28.627,4123.572,1044.159,15638.895,1044.551,0.619,10,0.6779999999998836
29574,2025-02-16 20:00:00,15085.834,28.627,4123.731,1044.161,15639.294,1044.553,0.341,10,0.3710000000010041
29574,2025-02-16 21:00:00,15086.909,28.627,4123.778,1044.197,15640.344,1044.589,1.07,10,1.0749999999989086
29574,2025-02-16 22:00:00,15087.152,28.627,4123.837,1044.21,15640.594,1044.602,0.176,10,0.2430000000003929
29574,2025-02-16 23:00:00,15087.989,28.627,4123.85,1044.224,15641.405,1044.616,0.827,10,0.8369999999995343
29574,2025-02-17 00:00:00,15088.225,28.627,4123.938,1044.232,15641.655,1044.624,0.224,10,0.2360000000007858
29574,2025-02-17 01:00:00,15088.396,28.627,4123.97,1044.299,15641.829,1044.691,0.142,10,0.1710000000002765
29574,2025-02-17 02:00:00,15088.559,28.627,4124.018,1044.345,15641.999,1044.737,0.148,10,0.1629999999986466
29574,2025-02-17 03:00:00,15088.696,28.627,4124.043,1044.426,15642.137,1044.818,0.13,10,0.1370000000006257
29574,2025-02-17 04:00:00,15088.804,28.627,4124.083,1044.487,15642.252,1044.879,0.136,10,0.1080000000001746
29574,2025-02-17 05:00:00,15088.913,28.627,4124.104,1044.565,15642.363,1044.957,0.131,10,0.1090000000003783
29574,2025-02-17 06:00:00,15089.069,28.627,4124.149,1044.602,15642.525,1044.994,0.135,10,0.1559999999990395
29574,2025-02-17 07:00:00,15089.932,28.627,4124.188,1044.629,15643.368,1045.021,0.859,10,0.8630000000011933
29574,2025-02-17 08:00:00,15091.336,28.627,4124.243,1044.655,15644.737,1045.047,1.453,10,1.403999999998632
29574,2025-02-17 09:00:00,15092.385,28.627,4124.315,1044.684,15645.768,1045.076,1.027,10,1.0490000000008877
29574,2025-02-17 10:00:00,15094.062,28.627,4124.437,1044.688,15647.417,1045.08,1.705,10,1.67699999999968
29574,2025-02-17 11:00:00,15094.982,28.627,4124.525,1044.701,15648.328,1045.093,0.899,10,0.9200000000000728
29574,2025-02-17 12:00:00,15095.24,28.627,4124.571,1044.712,15648.589,1045.104,0.25,10,0.2579999999998108
29574,2025-02-17 13:00:00,15096.122,28.627,4124.611,1044.715,15649.45,1045.107,0.866,10,0.8819999999996071
29574,2025-02-17 14:00:00,15096.28,28.627,4124.67,1044.742,15649.618,1045.134,0.119,10,0.158000000001266
29574,2025-02-17 15:00:00,15096.472,28.627,4124.713,1044.753,15649.815,1045.145,0.122,10,0.1919999999990977
29574,2025-02-17 16:00:00,15096.701,28.627,4124.776,1044.765,15650.052,1045.157,0.186,10,0.2289999999993597
29574,2025-02-17 17:00:00,15096.905,28.627,4124.887,1044.782,15650.279,1045.174,0.148,10,0.2040000000015425
29574,2025-02-17 18:00:00,15097.135,28.627,4124.952,1044.804,15650.518,1045.196,0.167,10,0.2299999999995634
29574,2025-02-17 19:00:00,15098.206,28.627,4124.996,1044.814,15651.562,1045.206,1.083,10,1.070999999999913
29574,2025-02-17 20:00:00,15098.759,28.627,4125.03,1044.816,15652.105,1045.208,0.517,10,0.5529999999998836
29574,2025-02-17 21:00:00,15099.994,28.627,4125.082,1044.823,15653.31,1045.215,1.255,10,1.235000000000582
29574,2025-02-17 22:00:00,15100.631,28.627,4125.124,1044.835,15653.935,1045.227,0.659,10,0.6369999999988067
29574,2025-02-17 23:00:00,15100.764,28.627,4125.171,1044.853,15654.076,1045.245,0.134,10,0.1329999999998108
29574,2025-02-18 00:00:00,15100.933,28.627,4125.253,1044.864,15654.261,1045.256,0.144,10,0.169000000001688
29574,2025-02-18 01:00:00,15101.142,28.627,4125.331,1044.87,15654.483,1045.262,0.151,10,0.2089999999989231
29574,2025-02-18 02:00:00,15101.302,28.627,4125.373,1044.88,15654.648,1045.272,0.11,10,0.1599999999998544
29574,2025-02-18 03:00:00,15101.512,28.627,4125.425,1044.886,15654.864,1045.278,0.154,10,0.2100000000009458
29574,2025-02-18 04:00:00,15101.704,28.627,4125.471,1044.897,15655.062,1045.289,0.135,10,0.1919999999990977
29574,2025-02-18 05:00:00,15101.889,28.627,4125.525,1044.901,15655.254,1045.293,0.13,10,0.1849999999994906
29574,2025-02-18 06:00:00,15102.18,28.627,4125.57,1044.922,15655.547,1045.314,0.276,10,0.2910000000010768
29574,2025-02-18 07:00:00,15102.991,28.627,4125.688,1044.929,15656.36,1045.321,0.765,10,0.8109999999996944
29574,2025-02-18 08:00:00,15104.733,28.627,4125.765,1044.957,15658.061,1045.349,1.782,10,1.7420000000001892
29574,2025-02-18 09:00:00,15106.01,28.627,4125.826,1044.976,15659.309,1045.368,1.286,10,1.2770000000000437
29574,2025-02-18 10:00:00,15107.544,28.627,4125.904,1044.995,15660.809,1045.387,1.567,10,1.5339999999996508
29574,2025-02-18 11:00:00,15108.62,28.627,4125.959,1045.013,15661.862,1045.405,1.094,10,1.076000000000931
29574,2025-02-18 12:00:00,15109.276,28.627,4126.015,1045.033,15662.51,1045.425,0.583,10,0.6559999999990396
29574,2025-02-18 13:00:00,15109.794,28.627,4126.065,1045.045,15663.022,1045.437,0.458,10,0.5180000000000291
29574,2025-02-18 14:00:00,15109.99,28.627,4126.125,1045.055,15663.227,1045.447,0.106,10,0.1959999999999127
29574,2025-02-18 15:00:00,15110.159,28.627,4126.196,1045.08,15663.409,1045.472,0.144,10,0.168999999999869
29574,2025-02-18 16:00:00,15110.369,28.627,4126.27,1045.091,15663.631,1045.483,0.14,10,0.2100000000009458
29574,2025-02-18 17:00:00,15110.594,28.627,4126.313,1045.109,15663.859,1045.5,0.128,10,0.2249999999985448
29574,2025-02-18 18:00:00,15111.181,28.627,4126.35,1045.141,15664.436,1045.532,0.482,10,0.5870000000013533
29574,2025-02-18 19:00:00,15112.078,28.627,4126.459,1045.154,15665.33,1045.545,0.821,10,0.896999999999025
29574,2025-02-18 20:00:00,15113.539,28.627,4126.534,1045.173,15666.759,1045.564,1.433,10,1.4610000000011496
29574,2025-02-18 21:00:00,15114.321,28.627,4126.609,1045.193,15667.533,1045.584,0.79,10,0.7819999999992433
29574,2025-02-18 22:00:00,15114.486,28.627,4126.687,1045.2,15667.713,1045.591,0.143,10,0.1650000000008731
29574,2025-02-18 23:00:00,15114.652,28.627,4126.767,1045.203,15667.894,1045.594,0.143,10,0.1659999999992578
29574,2025-02-19 04:00:00,15115.505,28.627,4127.023,1045.233,15668.784,1045.624,0.146,10,0.1829999999990832
29574,2025-02-19 05:00:00,15115.655,28.627,4127.07,1045.24,15668.941,1045.631,0.112,10,0.1500000000014552
29574,2025-02-19 06:00:00,15115.837,28.627,4127.153,1045.251,15669.139,1045.642,0.132,10,0.1819999999988795
29574,2025-02-19 07:00:00,15116.792,28.627,4127.198,1045.277,15670.072,1045.668,0.88,10,0.9549999999999272
29574,2025-02-19 08:00:00,15116.954,28.627,4127.264,1045.299,15670.245,1045.69,0.113,10,0.1620000000002619
29574,2025-02-19 09:00:00,15117.085,28.627,4127.324,1045.338,15670.388,1045.729,0.106,10,0.1309999999994033
29574,2025-02-19 10:00:00,15118.659,28.627,4127.418,1045.341,15671.931,1045.732,1.563,10,1.574000000000524
29574,2025-02-19 11:00:00,15119.868,28.627,4127.47,1045.356,15673.111,1045.747,1.171,10,1.209000000000742
29574,2025-02-19 12:00:00,15121.141,28.627,4127.476,1045.39,15674.34,1045.781,1.237,10,1.2729999999992287
29574,2025-02-19 13:00:00,15121.44,28.627,4127.617,1045.398,15674.666,1045.789,0.199,10,0.2990000000008876
29574,2025-02-19 14:00:00,15121.688,28.627,4127.706,1045.437,15674.929,1045.828,0.14,10,0.2479999999995925
29574,2025-02-19 15:00:00,15122.056,28.627,4127.778,1045.442,15675.303,1045.833,0.319,10,0.3680000000003929
29574,2025-02-19 16:00:00,15122.251,28.627,4127.829,1045.45,15675.504,1045.841,0.128,10,0.1949999999997089
29574,2025-02-19 17:00:00,15122.433,28.627,4127.878,1045.459,15675.693,1045.85,0.115,10,0.1820000000006985
29574,2025-02-19 18:00:00,15122.784,28.627,4128.047,1045.481,15676.076,1045.872,0.244,10,0.3509999999987485
29574,2025-02-19 19:00:00,15123.398,28.627,4128.098,1045.493,15676.682,1045.884,0.512,10,0.613999999999578
29574,2025-02-19 20:00:00,15124.389,28.627,4128.145,1045.514,15677.65,1045.905,0.944,10,0.9909999999999854
29574,2025-02-19 21:00:00,15124.934,28.627,4128.2,1045.536,15678.19,1045.927,0.54,10,0.5450000000000728
29574,2025-02-19 22:00:00,15125.055,28.627,4128.248,1045.568,15678.32,1045.959,0.125,10,0.121000000001004
29574,2025-02-19 23:00:00,15125.214,28.627,4128.31,1045.579,15678.489,1045.97,0.112,10,0.1589999999996507
29574,2025-02-20 02:00:00,15125.793,28.627,4128.494,1045.622,15679.096,1046.013,0.118,10,0.1790000000000873
29574,2025-02-20 03:00:00,15125.929,28.627,4128.561,1045.629,15679.245,1046.02,0.118,10,0.136000000000422
29574,2025-02-20 04:00:00,15126.092,28.627,4128.639,1045.634,15679.423,1046.025,0.121,10,0.1630000000004656
29574,2025-02-20 05:00:00,15126.241,28.627,4128.695,1045.644,15679.581,1046.035,0.106,10,0.1489999999994324
29574,2025-02-20 06:00:00,15126.362,28.627,4128.757,1045.66,15679.714,1046.051,0.116,10,0.120999999999185
29574,2025-02-20 07:00:00,15127.257,28.627,4128.79,1045.678,15680.587,1046.069,0.899,10,0.8950000000004366
29574,2025-02-20 08:00:00,15128.915,28.627,4128.852,1045.683,15682.202,1046.074,1.715,10,1.658000000001266
29574,2025-02-20 09:00:00,15130.229,28.627,4128.886,1045.703,15683.479,1046.094,1.319,10,1.3139999999984866
29574,2025-02-20 10:00:00,15131.258,28.627,4128.932,1045.728,15684.484,1046.119,0.97,10,1.029000000000451
29574,2025-02-20 11:00:00,15132.023,28.627,4129.004,1045.737,15685.241,1046.128,0.735,10,0.7649999999994179
29574,2025-02-20 12:00:00,15132.36,28.627,4129.119,1045.74,15685.596,1046.131,0.319,10,0.3370000000013533
29574,2025-02-20 13:00:00,15132.634,28.627,4129.211,1045.753,15685.885,1046.144,0.224,10,0.2739999999994325
29574,2025-02-20 14:00:00,15132.838,28.627,4129.281,1045.766,15686.1,1046.157,0.128,10,0.2039999999997235
29574,2025-02-20 15:00:00,15133.06,28.627,4129.351,1045.771,15686.333,1046.162,0.11,10,0.2219999999997526
29574,2025-02-20 16:00:00,15133.386,28.627,4129.404,1045.796,15686.661,1046.187,0.217,10,0.3260000000009313
29574,2025-02-20 17:00:00,15133.695,28.627,4129.556,1045.809,15686.999,1046.2,0.226,10,0.3089999999992869
29574,2025-02-20 18:00:00,15134.424,28.627,4129.612,1045.821,15687.717,1046.212,0.725,10,0.7290000000011787
29574,2025-02-20 19:00:00,15135.073,28.627,4129.667,1045.845,15688.358,1046.236,0.636,10,0.6489999999994325
29574,2025-02-20 20:00:00,15136.059,28.627,4129.731,1045.867,15689.326,1046.258,1.003,10,0.9859999999989668
29574,2025-02-20 21:00:00,15136.898,28.627,4129.764,1045.885,15690.144,1046.276,0.838,10,0.8389999999999418
29574,2025-02-20 22:00:00,15137.198,28.627,4129.869,1045.893,15690.461,1046.284,0.259,10,0.3000000000010914
29574,2025-02-20 23:00:00,15137.348,28.627,4129.929,1045.913,15690.621,1046.304,0.133,10,0.1499999999996362
29574,2025-02-21 00:00:00,15137.481,28.627,4129.973,1045.929,15690.761,1046.32,0.121,10,0.1329999999998108
29574,2025-02-21 01:00:00,15137.724,28.627,4130.04,1045.942,15691.013,1046.333,0.214,10,0.2430000000003929
29574,2025-02-21 02:00:00,15137.861,28.627,4130.088,1045.969,15691.158,1046.36,0.1,10,0.1370000000006257
29574,2025-02-21 03:00:00,15138.029,28.627,4130.127,1045.99,15691.331,1046.381,0.136,10,0.1679999999996653
29574,2025-02-21 04:00:00,15138.193,28.627,4130.161,1046.018,15691.498,1046.409,0.112,10,0.1639999999988504
29574,2025-02-21 05:00:00,15138.429,28.627,4130.199,1046.05,15691.735,1046.441,0.206,10,0.2360000000007858
29574,2025-02-21 06:00:00,15138.623,28.627,4130.244,1046.076,15691.934,1046.467,0.155,10,0.1939999999995052
29574,2025-02-21 07:00:00,15139.329,28.627,4130.287,1046.111,15692.627,1046.502,0.72,10,0.706000000000131
29574,2025-02-21 08:00:00,15140.35,28.627,4130.363,1046.118,15693.632,1046.509,1.019,10,1.0210000000006405
29574,2025-02-21 09:00:00,15141.122,28.627,4130.431,1046.145,15694.395,1046.536,0.735,10,0.771999999999025
29574,2025-02-21 18:00:00,15147.864,28.627,4131.04,1046.289,15701.059,1046.68,0.933,10,0.9570000000003348
29574,2025-02-21 19:00:00,15149.152,28.627,4131.147,1046.301,15702.33,1046.692,1.264,10,1.2880000000004657
29574,2025-02-21 20:00:00,15150.351,28.627,4131.259,1046.309,15703.516,1046.7,1.228,10,1.199000000000524
29574,2025-02-21 21:00:00,15150.734,28.627,4131.296,1046.353,15703.895,1046.744,0.353,10,0.3829999999998108
29574,2025-02-21 22:00:00,15151.1,28.627,4131.382,1046.353,15704.271,1046.744,0.335,10,0.3659999999999854
29574,2025-02-21 23:00:00,15151.501,28.627,4131.423,1046.367,15704.669,1046.758,0.419,10,0.4009999999998399
29574,2025-02-22 00:00:00,15151.668,28.627,4131.478,1046.38,15704.844,1046.771,0.136,10,0.1669999999994615
29574,2025-02-23 02:00:00,15164.191,28.627,4133.309,1046.761,15717.408,1047.152,0.13,10,0.1970000000001164
29574,2025-02-23 03:00:00,15164.387,28.627,4133.405,1046.773,15717.622,1047.164,0.123,10,0.1959999999999127
29574,2025-02-23 04:00:00,15164.581,28.627,4133.475,1046.782,15717.828,1047.173,0.124,10,0.1939999999995052
29574,2025-02-23 05:00:00,15164.747,28.627,4133.534,1046.796,15718.004,1047.187,0.111,10,0.1659999999992578
29574,2025-02-23 06:00:00,15164.858,28.63,4133.588,1046.821,15718.125,1047.212,0.108,10,0.1110000000007858
29574,2025-02-23 07:00:00,15165.667,28.63,4133.645,1046.831,15718.92,1047.222,0.83,10,0.808999999999287
29574,2025-02-23 08:00:00,15166.939,28.63,4133.688,1046.846,15720.159,1047.237,1.312,10,1.272000000000844
29574,2025-02-23 09:00:00,15168.089,28.63,4133.743,1046.857,15721.283,1047.248,1.14,10,1.1499999999996362
29574,2025-02-23 10:00:00,15168.652,28.63,4133.892,1046.857,15721.865,1047.248,0.526,10,0.5630000000001019
29574,2025-02-23 11:00:00,15170.08,28.63,4133.946,1046.868,15723.257,1047.259,1.439,10,1.4279999999998836
29574,2025-02-23 12:00:00,15170.275,28.63,4134.003,1046.893,15723.46,1047.284,0.157,10,0.1949999999997089
29574,2025-02-23 13:00:00,15171.13,28.63,4134.1,1046.904,15724.311,1047.295,0.841,10,0.8549999999995634
29574,2025-02-23 14:00:00,15171.304,28.63,4134.208,1046.922,15724.507,1047.313,0.158,10,0.1740000000008876
29574,2025-02-23 15:00:00,15171.592,28.63,4134.332,1046.979,15724.818,1047.37,0.239,10,0.2880000000004656
29574,2025-02-23 16:00:00,15172.051,28.63,4134.457,1047.012,15725.293,1047.403,0.468,10,0.4589999999989231
29574,2025-02-23 17:00:00,15172.352,28.63,4134.534,1047.055,15725.604,1047.446,0.3,10,0.3010000000012951
29574,2025-02-23 18:00:00,15173.4,28.63,4134.611,1047.094,15726.635,1047.485,1.157,10,1.047999999998865
29574,2025-02-23 19:00:00,15173.857,28.63,4134.77,1047.103,15727.118,1047.494,0.464,10,0.4570000000003347
29574,2025-02-23 20:00:00,15174.342,28.63,4134.854,1047.117,15727.608,1047.508,0.515,10,0.4850000000005821
29574,2025-02-23 21:00:00,15174.501,28.63,4134.943,1047.125,15727.785,1047.516,0.166,10,0.1589999999996507
29574,2025-02-23 22:00:00,15174.665,28.63,4135.017,1047.134,15727.963,1047.525,0.126,10,0.1640000000006694
29574,2025-02-23 23:00:00,15174.79,28.63,4135.125,1047.162,15728.112,1047.553,0.105,10,0.125
29574,2025-02-24 00:00:00,15174.911,28.63,4135.205,1047.179,15728.249,1047.57,0.104,10,0.120999999999185
29574,2025-02-24 01:00:00,15175.058,28.63,4135.332,1047.195,15728.425,1047.586,0.116,10,0.147000000000844
29574,2025-02-24 02:00:00,15175.181,28.63,4135.397,1047.221,15728.56,1047.612,0.085,10,0.1229999999995925
29574,2025-02-24 03:00:00,15175.345,28.63,4135.48,1047.234,15728.74,1047.625,0.133,10,0.1639999999988504
29574,2025-02-24 04:00:00,15175.51,28.63,4135.587,1047.251,15728.928,1047.642,0.134,10,0.1650000000008731
29574,2025-02-24 05:00:00,15175.664,28.63,4135.653,1047.26,15729.094,1047.651,0.111,10,0.1540000000004511
29574,2025-02-24 06:00:00,15175.822,28.63,4135.738,1047.273,15729.268,1047.664,0.135,10,0.157999999999447
29574,2025-02-24 07:00:00,15176.788,28.63,4135.803,1047.303,15730.218,1047.694,0.985,10,0.9660000000003492
29574,2025-02-24 08:00:00,15178.246,28.63,4135.858,1047.311,15731.639,1047.702,1.504,10,1.4579999999987194
29574,2025-02-24 09:00:00,15179.303,28.63,4135.916,1047.33,15732.674,1047.721,1.022,10,1.0570000000006985
29574,2025-02-24 10:00:00,15179.67,28.63,4135.999,1047.34,15733.05,1047.731,0.368,10,0.3670000000001892
29574,2025-02-24 11:00:00,15180.711,28.63,4136.077,1047.351,15734.075,1047.742,1.021,10,1.040999999999258
29574,2025-02-24 12:00:00,15181.268,28.63,4136.152,1047.36,15734.632,1047.751,0.566,10,0.5570000000006985
29574,2025-02-24 13:00:00,15182.02,28.63,4136.301,1047.36,15735.396,1047.751,0.77,10,0.7520000000004075
29574,2025-02-24 14:00:00,15182.209,28.63,4136.401,1047.378,15735.605,1047.769,0.118,10,0.1890000000003056
29574,2025-02-24 15:00:00,15182.368,28.63,4136.483,1047.398,15735.78,1047.789,0.162,10,0.1589999999996507
29574,2025-02-24 16:00:00,15182.828,28.63,4136.548,1047.409,15736.241,1047.8,0.422,10,0.4599999999991269
29574,2025-02-24 17:00:00,15183.791,28.63,4136.666,1047.417,15737.201,1047.808,0.957,10,0.962999999999738
29574,2025-02-24 18:00:00,15184.732,28.63,4136.814,1047.428,15738.148,1047.819,0.921,10,0.941000000000713
29574,2025-02-24 19:00:00,15185.918,28.63,4136.887,1047.435,15739.311,1047.826,1.18,10,1.1859999999996944
29574,2025-02-24 20:00:00,15187.369,28.63,4136.974,1047.442,15740.734,1047.833,1.411,10,1.451000000000931
29574,2025-02-24 21:00:00,15187.623,28.63,4137.03,1047.458,15740.994,1047.849,0.229,10,0.2539999999989959
29574,2025-02-24 22:00:00,15187.777,28.63,4137.071,1047.477,15741.153,1047.868,0.098,10,0.1540000000004511
29574,2025-02-24 23:00:00,15188.041,28.63,4137.168,1047.487,15741.434,1047.878,0.241,10,0.2639999999992142
29574,2025-02-25 03:00:00,15188.584,28.63,4137.467,1047.518,15742.036,1047.909,0.093,10,0.1440000000002328
29574,2025-02-25 04:00:00,15188.716,28.63,4137.526,1047.523,15742.179,1047.914,0.084,10,0.1319999999996071
29574,2025-02-25 05:00:00,15188.823,28.63,4137.57,1047.528,15742.294,1047.919,0.068,10,0.1069999999999709
29574,2025-02-25 06:00:00,15189.062,28.635,4137.648,1047.548,15742.545,1047.939,0.218,10,0.238999999999578
29574,2025-02-25 07:00:00,15190.677,28.635,4137.715,1047.56,15744.121,1047.951,1.61,10,1.6149999999997815
29574,2025-02-25 08:00:00,15191.988,28.635,4137.759,1047.576,15745.397,1047.967,1.282,10,1.3109999999996944
29574,2025-02-25 09:00:00,15192.156,28.635,4137.827,1047.595,15745.577,1047.986,0.134,10,0.1680000000014843
29574,2025-02-25 10:00:00,15192.259,28.635,4137.862,1047.618,15745.686,1048.009,0.082,10,0.1029999999991559
29574,2025-02-25 11:00:00,15192.637,28.635,4137.939,1047.626,15746.071,1048.017,0.368,10,0.3780000000006112
29574,2025-02-25 12:00:00,15192.786,28.635,4137.976,1047.658,15746.224,1048.049,0.112,10,0.1489999999994324
29574,2025-02-25 13:00:00,15192.95,28.635,4138.014,1047.672,15746.392,1048.063,0.124,10,0.1640000000006694
29574,2025-02-25 14:00:00,15193.105,28.635,4138.053,1047.684,15746.552,1048.075,0.12,10,0.1549999999988358
29574,2025-02-25 15:00:00,15193.295,28.635,4138.145,1047.702,15746.76,1048.093,0.115,10,0.1900000000005093
29574,2025-02-25 16:00:00,15193.518,28.635,4138.192,1047.71,15746.987,1048.101,0.167,10,0.2229999999999563
29574,2025-02-25 17:00:00,15194.098,28.635,4138.247,1047.729,15747.561,1048.12,0.604,10,0.5799999999999272
29574,2025-02-25 18:00:00,15194.54,28.635,4138.316,1047.735,15748.006,1048.126,0.452,10,0.4420000000009167
29574,2025-02-25 19:00:00,15195.99,28.635,4138.391,1047.771,15749.425,1048.162,1.466,10,1.4499999999989086
29574,2025-02-25 20:00:00,15196.843,28.635,4138.414,1047.795,15750.254,1048.186,0.861,10,0.853000000000975
29574,2025-02-25 21:00:00,15197.134,28.635,4138.536,1047.8,15750.567,1048.191,0.28,10,0.2909999999992578
29574,2025-02-25 22:00:00,15197.335,28.635,4138.631,1047.806,15750.785,1048.197,0.171,10,0.2009999999991123
29574,2025-02-25 23:00:00,15197.463,28.635,4138.677,1047.814,15750.921,1048.205,0.147,10,0.1280000000006111
29574,2025-02-26 00:00:00,15197.619,28.635,4138.744,1047.818,15751.089,1048.209,0.156,10,0.1560000000008585
29574,2025-02-26 01:00:00,15197.92,28.635,4138.828,1047.82,15751.402,1048.211,0.297,10,0.3009999999994761
29574,2025-02-26 02:00:00,15198.046,28.635,4138.88,1047.827,15751.537,1048.218,0.109,10,0.1260000000002037
29574,2025-02-26 03:00:00,15198.157,28.635,4138.929,1047.838,15751.657,1048.229,0.099,10,0.1109999999989668
29574,2025-02-26 04:00:00,15198.296,28.635,4139.008,1047.843,15751.812,1048.234,0.124,10,0.1390000000010331
29574,2025-02-26 05:00:00,15198.401,28.635,4139.066,1047.852,15751.928,1048.243,0.112,10,0.1049999999995634
29574,2025-02-26 06:00:00,15198.62,28.635,4139.1,1047.887,15752.149,1048.278,0.193,10,0.2190000000009604
29574,2025-02-26 07:00:00,15198.737,28.635,4139.143,1047.904,15752.273,1048.295,0.107,10,0.1169999999983701
29574,2025-02-26 08:00:00,15198.901,28.635,4139.214,1047.92,15752.45,1048.311,0.127,10,0.1640000000006694
29574,2025-02-26 09:00:00,15199.415,28.635,4139.268,1047.93,15752.96,1048.321,0.514,10,0.5140000000010332
29574,2025-02-26 10:00:00,15201.367,28.635,4139.413,1047.935,15754.881,1048.326,2.021,10,1.951999999999316
29574,2025-02-26 11:00:00,15201.968,28.635,4139.485,1047.957,15755.48,1048.348,0.604,10,0.6010000000005675
29574,2025-02-26 12:00:00,15202.2,28.635,4139.575,1047.972,15755.728,1048.363,0.168,10,0.2319999999999709
29574,2025-02-26 13:00:00,15203.056,28.635,4139.64,1047.977,15756.571,1048.368,0.818,10,0.8559999999997672
29574,2025-02-26 14:00:00,15203.573,28.635,4139.696,1047.983,15757.084,1048.374,0.513,10,0.5169999999998254
29574,2025-02-26 15:00:00,15204.074,28.635,4139.838,1048.015,15757.605,1048.406,0.537,10,0.5010000000002037
29574,2025-02-26 16:00:00,15204.776,28.642,4139.922,1048.088,15758.304,1048.479,0.694,10,0.7019999999993161
29574,2025-02-26 17:00:00,15206.052,28.642,4140.017,1048.101,15759.56,1048.492,1.312,10,1.27599999999984
29574,2025-02-26 18:00:00,15206.859,28.642,4140.131,1048.104,15760.369,1048.495,0.793,10,0.8070000000006985
29574,2025-02-26 19:00:00,15207.619,28.642,4140.173,1048.137,15761.113,1048.528,0.743,10,0.7600000000002183
29574,2025-02-26 20:00:00,15207.959,28.642,4140.222,1048.145,15761.454,1048.536,0.302,10,0.3400000000001455
29574,2025-02-26 21:00:00,15208.844,28.642,4140.285,1048.152,15762.325,1048.543,0.886,10,0.8849999999983993
29574,2025-02-26 22:00:00,15209.073,28.642,4140.416,1048.163,15762.58,1048.554,0.22,10,0.2290000000011787
29574,2025-02-26 23:00:00,15209.622,28.642,4140.502,1048.17,15763.132,1048.561,0.578,10,0.5489999999990687
29574,2025-02-27 00:00:00,15209.816,28.642,4140.608,1048.174,15763.347,1048.565,0.164,10,0.1940000000013242
29574,2025-02-27 01:00:00,15209.974,28.642,4140.661,1048.185,15763.514,1048.576,0.12,10,0.157999999999447
29574,2025-02-27 02:00:00,15210.135,28.642,4140.72,1048.192,15763.685,1048.583,0.127,10,0.1610000000000582
29574,2025-02-27 03:00:00,15210.299,28.642,4140.815,1048.2,15763.868,1048.591,0.137,10,0.1640000000006694
29574,2025-02-27 04:00:00,15210.434,28.642,4140.875,1048.207,15764.014,1048.598,0.112,10,0.1349999999983993
29574,2025-02-27 05:00:00,15210.588,28.642,4140.93,1048.21,15764.177,1048.601,0.125,10,0.1540000000004511
29574,2025-02-27 06:00:00,15210.71,28.642,4141.003,1048.236,15764.314,1048.627,0.125,10,0.1219999999993888
29574,2025-02-27 07:00:00,15211.192,28.642,4141.059,1048.247,15764.794,1048.638,0.515,10,0.4819999999999709
29574,2025-02-27 08:00:00,15212.587,28.642,4141.109,1048.263,15766.153,1048.654,1.431,10,1.3950000000004366
29574,2025-02-27 09:00:00,15213.377,28.642,4141.157,1048.278,15766.928,1048.669,0.742,10,0.7900000000008731
29574,2025-02-27 10:00:00,15213.574,28.642,4141.252,1048.284,15767.143,1048.675,0.131,10,0.1970000000001164
29574,2025-02-27 11:00:00,15214.676,28.642,4141.34,1048.332,15768.229,1048.723,1.048,10,1.1019999999989525
29574,2025-02-27 12:00:00,15214.92,28.642,4141.377,1048.342,15768.474,1048.733,0.229,10,0.2440000000005966
29574,2025-02-27 13:00:00,15215.754,28.642,4141.447,1048.346,15769.297,1048.737,0.885,10,0.8340000000007421
29574,2025-02-27 14:00:00,15215.896,28.642,4141.516,1048.362,15769.452,1048.753,0.12,10,0.1419999999998253
29574,2025-02-27 15:00:00,15216.015,28.642,4141.571,1048.376,15769.582,1048.767,0.131,10,0.1189999999987776
29574,2025-02-27 16:00:00,15216.133,28.642,4141.637,1048.395,15769.713,1048.786,0.12,10,0.1180000000003929
29574,2025-02-27 17:00:00,15216.918,28.642,4141.775,1048.413,15770.507,1048.804,0.806,10,0.7849999999998545
29574,2025-02-27 18:00:00,15217.333,28.642,4141.851,1048.442,15770.927,1048.833,0.413,10,0.4150000000008731
29574,2025-02-27 19:00:00,15218.18,28.642,4141.983,1048.447,15771.779,1048.838,0.887,10,0.8469999999997526
29574,2025-02-27 20:00:00,15220.005,28.642,4142.187,1048.451,15773.593,1048.842,1.897,10,1.8249999999989088
29574,2025-02-27 21:00:00,15220.731,28.642,4142.232,1048.455,15774.306,1048.846,0.722,10,0.7260000000005675
29574,2025-02-27 22:00:00,15221.179,28.642,4142.266,1048.471,15774.747,1048.862,0.404,10,0.4480000000003201
29574,2025-02-27 23:00:00,15221.377,28.642,4142.321,1048.489,15774.952,1048.88,0.206,10,0.1980000000003201
29574,2025-02-28 00:00:00,15221.605,28.642,4142.442,1048.504,15775.204,1048.895,0.214,10,0.227999999999156
29574,2025-02-28 01:00:00,15221.785,28.642,4142.489,1048.52,15775.39,1048.911,0.155,10,0.180000000000291
29574,2025-02-28 04:00:00,15222.284,28.642,4142.653,1048.605,15775.915,1048.996,0.148,10,0.1859999999996944
29574,2025-02-28 05:00:00,15222.411,28.642,4142.689,1048.635,15776.047,1049.026,0.199,10,0.1270000000004074
29574,2025-02-28 06:00:00,15222.614,28.642,4142.741,1048.666,15776.256,1049.057,0.145,10,0.2029999999995198
29574,2025-02-28 11:00:00,15226.708,28.645,4142.982,1048.782,15780.27,1049.173,0.224,10,0.1920000000009167
29574,2025-02-28 12:00:00,15227.261,28.646,4143.058,1048.796,15780.824,1049.187,0.592,10,0.5529999999998836
29574,2025-02-28 13:00:00,15227.426,28.646,4143.118,1048.801,15780.998,1049.192,0.133,10,0.1649999999990541
29574,2025-02-28 14:00:00,15227.516,28.647,4143.165,1048.82,15781.098,1049.211,0.092,10,0.0900000000001455
29574,2025-02-28 15:00:00,15227.701,28.647,4143.223,1048.837,15781.291,1049.228,0.136,10,0.1849999999994906
29574,2025-02-28 16:00:00,15227.882,28.647,4143.308,1048.842,15781.488,1049.233,0.122,10,0.1810000000004947
29574,2025-02-28 17:00:00,15228.821,28.647,4143.352,1048.843,15782.406,1049.234,0.944,10,0.9390000000003056
29574,2025-02-28 18:00:00,15229.362,28.647,4143.406,1048.848,15782.942,1049.239,0.489,10,0.5409999999992579
29574,2025-02-28 19:00:00,15230.204,28.647,4143.471,1048.862,15783.772,1049.253,0.8,10,0.842000000000553
29574,2025-02-28 20:00:00,15230.822,28.647,4143.521,1048.886,15784.381,1049.277,0.565,10,0.6180000000003929
29574,2025-02-28 21:00:00,15231.342,28.647,4143.557,1048.902,15784.892,1049.293,0.281,10,0.5200000000004366
29574,2025-02-28 22:00:00,15231.561,28.647,4143.63,1048.912,15785.123,1049.303,0.194,10,0.2189999999991414
29574,2025-03-01 04:00:00,15233.003,28.647,4144.068,1048.953,15786.629,1049.344,0.163,10,0.2120000000013533
29574,2025-03-01 05:00:00,15233.213,28.647,4144.114,1048.973,15786.844,1049.364,0.144,10,0.2099999999991268
29574,2025-03-01 06:00:00,15233.428,28.647,4144.149,1049.007,15787.061,1049.398,0.14,10,0.2150000000001455
29574,2025-03-01 07:00:00,15233.619,28.647,4144.19,1049.024,15787.256,1049.415,0.151,10,0.191000000000713
29574,2025-03-01 08:00:00,15234.031,28.647,4144.226,1049.054,15787.663,1049.445,0.393,10,0.4120000000002619
29574,2025-03-01 09:00:00,15234.426,28.647,4144.301,1049.063,15788.064,1049.454,0.362,10,0.3949999999986175
29574,2025-03-01 10:00:00,15235.477,28.647,4144.338,1049.124,15789.087,1049.515,1.006,10,1.0510000000012951
29574,2025-03-01 11:00:00,15235.859,28.647,4144.398,1049.153,15789.472,1049.544,0.387,10,0.3819999999996071
29574,2025-03-01 12:00:00,15237.308,28.647,4144.442,1049.2,15790.882,1049.591,1.431,10,1.449000000000524
29574,2025-03-01 13:00:00,15238.432,28.647,4144.501,1049.223,15791.982,1049.614,1.089,10,1.1239999999997965
29574,2025-03-01 14:00:00,15239.157,28.647,4144.558,1049.233,15792.696,1049.623,0.702,10,0.7249999999985448
29574,2025-03-01 15:00:00,15240.304,28.647,4144.669,1049.238,15793.832,1049.628,1.13,10,1.147000000000844
29574,2025-03-01 16:00:00,15241.133,28.647,4144.721,1049.25,15794.646,1049.64,0.823,10,0.8289999999997235
29574,2025-03-01 17:00:00,15241.473,28.647,4144.808,1049.271,15794.997,1049.661,0.323,10,0.3400000000001455
29574,2025-03-01 18:00:00,15241.678,28.647,4144.84,1049.288,15795.203,1049.678,0.168,10,0.2049999999999272
29574,2025-03-01 19:00:00,15241.956,28.647,4144.874,1049.321,15795.48,1049.711,0.233,10,0.2780000000002474
29574,2025-03-01 20:00:00,15242.253,28.647,4144.919,1049.358,15795.778,1049.748,0.238,10,0.2970000000004802
29574,2025-03-01 21:00:00,15243.811,28.647,4144.986,1049.377,15797.299,1049.767,1.557,10,1.5579999999990832
29574,2025-03-01 22:00:00,15244.769,28.647,4145.027,1049.403,15798.235,1049.793,0.948,10,0.9580000000005384
29574,2025-03-01 23:00:00,15244.989,28.647,4145.076,1049.412,15798.46,1049.802,0.196,10,0.2199999999993451
29574,2025-03-02 02:00:00,15245.506,28.647,4145.247,1049.48,15799.003,1049.87,0.141,10,0.1769999999996798
29574,2025-03-02 03:00:00,15245.678,28.647,4145.285,1049.517,15799.179,1049.907,0.139,10,0.1720000000004802
29574,2025-03-02 04:00:00,15245.924,28.647,4145.341,1049.556,15799.431,1049.946,0.23,10,0.246000000001004
29574,2025-03-02 05:00:00,15246.102,28.647,4145.427,1049.581,15799.626,1049.971,0.163,10,0.1779999999998835
29574,2025-03-02 06:00:00,15246.237,28.647,4145.474,1049.606,15799.768,1049.996,0.148,10,0.1349999999983993
29574,2025-03-02 07:00:00,15246.365,28.647,4145.515,1049.626,15799.903,1050.016,0.132,10,0.1280000000006111
29574,2025-03-02 08:00:00,15246.717,28.647,4145.578,1049.641,15800.259,1050.031,0.379,10,0.3520000000007712
29574,2025-03-02 09:00:00,15247.45,28.647,4145.64,1049.65,15800.982,1050.04,0.744,10,0.7330000000001746
29574,2025-03-02 10:00:00,15248.916,28.647,4145.678,1049.674,15802.407,1050.064,1.473,10,1.4659999999985305
29574,2025-03-02 11:00:00,15249.509,28.647,4145.72,1049.689,15802.99,1050.079,0.565,10,0.5930000000007567
29574,2025-03-02 12:00:00,15250.11,28.647,4145.76,1049.732,15803.581,1050.122,0.592,10,0.6010000000005675
29574,2025-03-02 13:00:00,15250.619,28.647,4145.914,1049.735,15804.112,1050.125,0.508,10,0.5090000000000146
29574,2025-03-02 14:00:00,15251.604,28.647,4146.007,1049.741,15805.087,1050.131,0.967,10,0.9849999999987632
29574,2025-03-02 15:00:00,15252.669,28.647,4146.103,1049.741,15806.14,1050.131,1.06,10,1.065000000000509
29574,2025-03-02 16:00:00,15254.024,28.647,4146.18,1049.748,15807.468,1050.138,1.362,10,1.3549999999995634
29574,2025-03-02 17:00:00,15254.267,28.647,4146.25,1049.762,15807.721,1050.152,0.178,10,0.2430000000003929
29574,2025-03-02 18:00:00,15255.026,28.647,4146.336,1049.776,15808.476,1050.166,0.758,10,0.7590000000000146
29574,2025-03-02 19:00:00,15255.561,28.647,4146.388,1049.794,15809.006,1050.184,0.523,10,0.5349999999998545
29574,2025-03-02 20:00:00,15255.855,28.647,4146.432,1049.812,15809.301,1050.202,0.29,10,0.293999999999869
29574,2025-03-02 21:00:00,15256.108,28.647,4146.485,1049.829,15809.559,1050.219,0.243,10,0.2530000000006112
29574,2025-03-02 22:00:00,15256.416,28.647,4146.555,1049.833,15809.875,1050.223,0.288,10,0.3079999999990832
29574,2025-03-02 23:00:00,15256.605,28.647,4146.609,1049.86,15810.071,1050.25,0.173,10,0.1890000000003056
29574,2025-03-03 00:00:00,15256.789,28.647,4146.654,1049.867,15810.26,1050.257,0.193,10,0.1840000000011059
29574,2025-03-03 01:00:00,15256.952,28.647,4146.728,1049.886,15810.437,1050.276,0.166,10,0.1629999999986466
29574,2025-03-03 02:00:00,15257.121,28.647,4146.781,1049.911,15810.614,1050.301,0.158,10,0.168999999999869
29574,2025-03-03 03:00:00,15257.316,28.647,4146.805,1049.96,15810.809,1050.35,0.185,10,0.1950000000015279
29574,2025-03-03 04:00:00,15257.541,28.647,4146.91,1049.972,15811.053,1050.362,0.216,10,0.2249999999985448
29574,2025-03-03 05:00:00,15257.695,28.647,4146.979,1050.0,15811.22,1050.39,0.174,10,0.1540000000004511
29574,2025-03-03 06:00:00,15257.961,28.647,4147.038,1050.038,15811.492,1050.428,0.277,10,0.2659999999996216
29574,2025-03-03 07:00:00,15258.451,28.647,4147.082,1050.061,15811.976,1050.451,0.449,10,0.4899999999997817
29574,2025-03-03 08:00:00,15259.559,28.647,4147.127,1050.089,15813.057,1050.479,1.168,10,1.1080000000001746
29574,2025-03-03 09:00:00,15260.311,28.647,4147.206,1050.099,15813.804,1050.489,0.761,10,0.7520000000004075
29574,2025-03-03 10:00:00,15261.109,28.647,4147.247,1050.135,15814.585,1050.525,0.82,10,0.7980000000006839
29574,2025-03-03 11:00:00,15261.585,28.647,4147.297,1050.148,15815.057,1050.538,0.444,10,0.4759999999987485
29574,2025-03-03 12:00:00,15262.297,28.647,4147.367,1050.176,15815.763,1050.566,0.692,10,0.7120000000013533
29574,2025-03-03 13:00:00,15262.485,28.647,4147.475,1050.189,15815.972,1050.579,0.161,10,0.1880000000001018
29574,2025-03-03 14:00:00,15262.667,28.647,4147.549,1050.214,15816.167,1050.604,0.199,10,0.1819999999988795
29574,2025-03-03 15:00:00,15262.913,28.647,4147.649,1050.234,15816.431,1050.624,0.183,10,0.246000000001004
29574,2025-03-03 16:00:00,15263.151,28.647,4147.729,1050.248,15816.682,1050.638,0.2,10,0.2379999999993742
29574,2025-03-03 17:00:00,15263.564,28.647,4147.836,1050.329,15817.108,1050.719,0.275,10,0.4130000000004656
29574,2025-03-03 18:00:00,15264.288,28.647,4147.902,1050.351,15817.824,1050.741,0.72,10,0.7240000000001601
29574,2025-03-03 19:00:00,15265.258,28.647,4148.134,1050.352,15818.821,1050.742,0.983,10,0.9699999999993452
29574,2025-03-03 20:00:00,15266.086,28.647,4148.228,1050.364,15819.645,1050.754,0.845,10,0.8279999999995198
29574,2025-03-03 21:00:00,15267.674,28.647,4148.296,1050.371,15821.195,1050.761,1.642,10,1.588000000001557
29574,2025-03-03 22:00:00,15268.187,28.647,4148.423,1050.382,15821.723,1050.772,0.546,10,0.5129999999990105
29574,2025-03-03 23:00:00,15268.311,28.647,4148.494,1050.412,15821.862,1050.802,0.2,10,0.1239999999997962
29574,2025-03-04 00:00:00,15268.412,28.647,4148.537,1050.474,15821.97,1050.864,0.154,10,0.1010000000005675
29574,2025-03-05 00:00:00,15280.571,28.647,4150.219,1051.033,15834.145,1051.423,0.185,10,12.15899999999965
29574,2025-03-05 01:00:00,15280.769,28.647,4150.263,1051.077,15834.348,1051.467,0.195,10,0.1980000000003201
29574,2025-03-05 02:00:00,15280.952,28.647,4150.343,1051.089,15834.545,1051.479,0.168,10,0.1829999999990832
29574,2025-03-05 03:00:00,15281.247,28.647,4150.385,1051.119,15834.841,1051.509,0.295,10,0.2950000000000727
29574,2025-03-05 04:00:00,15281.412,28.647,4150.461,1051.141,15835.02,1051.531,0.145,10,0.1650000000008731
29574,2025-03-05 05:00:00,15281.558,28.647,4150.511,1051.167,15835.174,1051.557,0.133,10,0.1460000000006402
29574,2025-03-05 06:00:00,15281.713,28.647,4150.567,1051.193,15835.338,1051.583,0.146,10,0.1549999999988358
29574,2025-03-05 07:00:00,15282.872,28.647,4150.635,1051.21,15836.475,1051.6,1.196,10,1.1589999999996508
29574,2025-03-05 08:00:00,15284.401,28.647,4150.686,1051.234,15837.964,1051.624,1.566,10,1.529000000000451
29574,2025-03-05 09:00:00,15285.39,28.647,4150.739,1051.241,15838.932,1051.631,0.978,10,0.988999999999578
29574,2025-03-05 10:00:00,15285.826,28.647,4150.842,1051.257,15839.38,1051.647,0.446,10,0.4359999999996944
29574,2025-03-05 11:00:00,15286.892,28.647,4150.96,1051.264,15840.439,1051.654,1.097,10,1.066000000000713
29574,2025-03-05 12:00:00,15287.454,28.647,4151.054,1051.268,15841.006,1051.658,0.584,10,0.5619999999998981
29574,2025-03-05 13:00:00,15287.679,28.647,4151.133,1051.268,15841.244,1051.658,0.233,10,0.2250000000003638
29574,2025-03-05 14:00:00,15287.783,28.647,4151.212,1051.29,15841.365,1051.68,0.121,10,0.1039999999993597
29574,2025-03-05 15:00:00,15287.924,28.647,4151.315,1051.305,15841.528,1051.695,0.135,10,0.1410000000014406
29574,2025-03-05 16:00:00,15288.505,28.647,4151.361,1051.31,15842.101,1051.7,0.634,10,0.580999999998312
29574,2025-03-05 17:00:00,15289.591,28.647,4151.536,1051.311,15843.195,1051.701,1.122,10,1.0860000000011496
29574,2025-03-05 18:00:00,15290.461,28.647,4151.602,1051.333,15844.052,1051.723,0.839,10,0.8699999999989814
29574,2025-03-05 19:00:00,15291.374,28.647,4151.656,1051.344,15844.947,1051.734,0.875,10,0.9130000000004656
29574,2025-03-05 20:00:00,15291.75,28.647,4151.694,1051.356,15845.32,1051.746,0.329,10,0.3760000000002037
29574,2025-03-05 21:00:00,15293.136,28.647,4151.784,1051.361,15846.681,1051.751,1.4,10,1.386000000000422
29574,2025-03-05 22:00:00,15293.471,28.647,4151.829,1051.382,15847.016,1051.772,0.294,10,0.3349999999991269
29574,2025-03-05 23:00:00,15293.748,28.647,4151.897,1051.407,15847.301,1051.797,0.275,10,0.2770000000000436
29574,2025-03-06 00:00:00,15293.937,28.647,4151.958,1051.415,15847.5,1051.805,0.166,10,0.1890000000003056
29574,2025-03-06 01:00:00,15294.172,28.647,4152.069,1051.423,15847.756,1051.813,0.201,10,0.235000000000582
29574,2025-03-06 02:00:00,15294.365,28.647,4152.115,1051.435,15847.954,1051.825,0.157,10,0.1929999999993015
29574,2025-03-06 03:00:00,15294.569,28.647,4152.206,1051.445,15848.175,1051.835,0.18,10,0.2039999999997235
29574,2025-03-06 04:00:00,15294.771,28.647,4152.257,1051.459,15848.383,1051.849,0.174,10,0.202000000001135
29574,2025-03-06 05:00:00,15294.957,28.647,4152.345,1051.475,15848.586,1051.865,0.161,10,0.1859999999996944
29574,2025-03-06 06:00:00,15295.047,28.65,4152.382,1051.508,15848.682,1051.898,0.112,10,0.0900000000001455
29574,2025-03-06 07:00:00,15295.437,28.65,4152.489,1051.527,15849.086,1051.917,0.396,10,0.3899999999994179
29574,2025-03-06 08:00:00,15296.674,28.65,4152.541,1051.54,15850.294,1051.93,1.262,10,1.2370000000009895
29574,2025-03-06 09:00:00,15297.446,28.65,4152.634,1051.552,15851.063,1051.942,0.718,10,0.771999999999025
29574,2025-03-06 10:00:00,15298.766,28.65,4152.696,1051.571,15852.353,1051.961,1.367,10,1.319999999999709
29574,2025-03-06 11:00:00,15299.094,28.65,4152.851,1051.625,15852.711,1052.015,0.205,10,0.3279999999995198
29574,2025-03-06 12:00:00,15299.793,28.65,4152.886,1051.642,15853.394,1052.032,0.741,10,0.6990000000005239
29574,2025-03-06 13:00:00,15299.966,28.65,4152.986,1051.647,15853.587,1052.037,0.157,10,0.1730000000006839
29574,2025-03-06 14:00:00,15300.115,28.65,4153.072,1051.661,15853.754,1052.051,0.142,10,0.1489999999994324
29574,2025-03-06 15:00:00,15300.542,28.65,4153.13,1051.672,15854.181,1052.062,0.395,10,0.4269999999996798
29574,2025-03-06 16:00:00,15301.215,28.65,4153.212,1051.673,15854.852,1052.063,0.673,10,0.6730000000006839
29574,2025-03-06 17:00:00,15301.971,28.65,4153.263,1051.692,15855.595,1052.082,0.716,10,0.7559999999994034
29574,2025-03-06 18:00:00,15302.968,28.65,4153.374,1051.709,15856.586,1052.099,0.99,10,0.9970000000012078
29574,2025-03-06 19:00:00,15303.701,28.65,4153.416,1051.744,15857.305,1052.134,0.702,10,0.7329999999983556
29574,2025-03-06 20:00:00,15304.743,28.65,4153.493,1051.756,15858.331,1052.146,1.04,10,1.0420000000012806
29574,2025-03-06 21:00:00,15305.442,28.65,4153.547,1051.773,15859.019,1052.163,0.692,10,0.6989999999987049
29574,2025-03-06 22:00:00,15305.576,28.65,4153.606,1051.782,15859.164,1052.172,0.126,10,0.1340000000000145
29574,2025-03-06 23:00:00,15306.009,28.65,4153.685,1051.789,15859.603,1052.179,0.429,10,0.4330000000009022
29574,2025-03-07 00:00:00,15306.121,28.65,4153.73,1051.798,15859.722,1052.188,0.107,10,0.1119999999991705
29574,2025-03-07 01:00:00,15306.235,28.65,4153.813,1051.808,15859.854,1052.198,0.111,10,0.1140000000013969
29574,2025-03-07 02:00:00,15306.339,28.65,4153.86,1051.819,15859.967,1052.209,0.096,10,0.1039999999993597
29574,2025-03-07 03:00:00,15306.473,28.65,4153.922,1051.829,15860.112,1052.219,0.114,10,0.1340000000000145
29574,2025-03-07 04:00:00,15306.583,28.65,4153.986,1051.844,15860.235,1052.234,0.098,10,0.110000000000582
29574,2025-03-07 05:00:00,15306.713,28.65,4154.044,1051.861,15860.376,1052.251,0.098,10,0.1299999999991996
29574,2025-03-07 06:00:00,15306.858,28.65,4154.154,1051.864,15860.545,1052.254,0.126,10,0.1450000000004365
29574,2025-03-07 07:00:00,15308.292,28.651,4154.279,1051.871,15861.961,1052.261,1.512,10,1.433999999999287
29574,2025-03-07 08:00:00,15309.861,28.651,4154.371,1051.88,15863.5,1052.27,1.626,10,1.5690000000013242
29574,2025-03-07 09:00:00,15310.936,28.651,4154.45,1051.888,15864.558,1052.278,0.951,10,1.0749999999989086
29574,2025-03-07 10:00:00,15311.287,28.651,4154.501,1051.898,15864.91,1052.288,0.351,10,0.3510000000005675
29574,2025-03-07 15:00:00,15313.638,28.651,4154.908,1051.916,15867.286,1052.306,0.576,10,0.577000000001135
29574,2025-03-07 16:00:00,15314.101,28.651,4154.956,1051.918,15867.745,1052.308,0.463,10,0.462999999999738
29574,2025-03-07 17:00:00,15314.251,28.651,4155.045,1051.921,15867.913,1052.311,0.15,10,0.1499999999996362
29574,2025-03-07 18:00:00,15314.682,28.651,4155.083,1051.946,15868.339,1052.336,0.431,10,0.4310000000004947
29574,2025-03-07 19:00:00,15315.186,28.651,4155.142,1051.965,15868.841,1052.355,0.503,10,0.5039999999989959
29574,2025-03-07 20:00:00,15316.7,28.651,4155.203,1051.972,15870.318,1052.362,1.514,10,1.5140000000010332
29574,2025-03-07 21:00:00,15317.157,28.651,4155.24,1052.001,15870.769,1052.391,0.456,10,0.4569999999985157
29574,2025-03-07 22:00:00,15317.37,28.651,4155.322,1052.015,15870.996,1052.405,0.212,10,0.213000000001557
29574,2025-03-07 23:00:00,15317.521,28.651,4155.37,1052.028,15871.154,1052.418,0.151,10,0.1509999999998399
29574,2025-03-08 00:00:00,15317.665,28.651,4155.448,1052.033,15871.314,1052.423,0.143,10,0.1440000000002328
29574,2025-03-08 01:00:00,15317.789,28.651,4155.515,1052.041,15871.451,1052.431,0.124,10,0.1239999999997962
29574,2025-03-08 02:00:00,15317.929,28.651,4155.563,1052.052,15871.598,1052.442,0.139,10,0.1399999999994179
29574,2025-03-08 03:00:00,15318.094,28.651,4155.657,1052.059,15871.782,1052.449,0.165,10,0.1649999999990541
29574,2025-03-08 04:00:00,15318.21,28.651,4155.702,1052.073,15871.906,1052.463,0.115,10,0.1159999999999854
29574,2025-03-08 05:00:00,15318.348,28.651,4155.759,1052.083,15872.054,1052.473,0.137,10,0.1380000000008294
29574,2025-03-08 06:00:00,15318.498,28.651,4155.844,1052.091,15872.221,1052.481,0.15,10,0.1499999999996362
29574,2025-03-08 07:00:00,15318.608,28.651,4155.885,1052.105,15872.338,1052.495,0.109,10,0.110000000000582
29574,2025-03-08 08:00:00,15318.751,28.651,4155.936,1052.119,15872.489,1052.509,0.142,10,0.1430000000000291
29574,2025-03-08 09:00:00,15319.006,28.651,4156.012,1052.13,15872.755,1052.52,0.255,10,0.2549999999991996
29574,2025-03-08 10:00:00,15319.547,28.651,4156.051,1052.152,15873.288,1052.542,0.54,10,0.5410000000010768
29574,2025-03-08 11:00:00,15320.23,28.651,4156.083,1052.169,15873.955,1052.559,0.683,10,0.6829999999990832
29574,2025-03-08 12:00:00,15322.107,28.651,4156.236,1052.169,15875.807,1052.559,1.877,10,1.8770000000004077
29574,2025-03-08 13:00:00,15323.881,28.651,4156.438,1052.169,15877.572,1052.559,1.773,10,1.7739999999994325
29574,2025-03-08 14:00:00,15324.667,28.651,4156.498,1052.173,15878.346,1052.563,0.785,10,0.7860000000000582
29574,2025-03-08 15:00:00,15324.874,28.651,4156.568,1052.181,15878.564,1052.571,0.206,10,0.2070000000003347
29574,2025-03-08 16:00:00,15325.009,28.651,4156.655,1052.187,15878.717,1052.577,0.134,10,0.1350000000002182
29574,2025-03-08 17:00:00,15325.223,28.651,4156.702,1052.197,15878.936,1052.587,0.214,10,0.2139999999999418
29574,2025-03-08 18:00:00,15326.399,28.651,4156.756,1052.222,15880.085,1052.611,1.176,10,1.175999999999476
29574,2025-03-08 19:00:00,15326.718,28.651,4156.831,1052.248,15880.413,1052.637,0.318,10,0.3190000000013242
29574,2025-03-08 20:00:00,15326.975,28.651,4156.871,1052.28,15880.671,1052.669,0.257,10,0.2569999999996071
29574,2025-03-08 21:00:00,15327.176,28.651,4156.915,1052.305,15880.877,1052.694,0.2,10,0.2009999999991123
29574,2025-03-08 22:00:00,15327.671,28.651,4157.012,1052.315,15881.38,1052.704,0.494,10,0.4950000000008003
29574,2025-03-08 23:00:00,15327.781,28.651,4157.07,1052.321,15881.501,1052.71,0.109,10,0.110000000000582
29574,2025-03-09 00:00:00,15327.905,28.651,4157.153,1052.327,15881.643,1052.716,0.124,10,0.1239999999997962
29574,2025-03-09 01:00:00,15328.028,28.651,4157.239,1052.33,15881.784,1052.719,0.122,10,0.1229999999995925
29574,2025-03-09 02:00:00,15328.119,28.651,4157.295,1052.336,15881.886,1052.725,0.091,10,0.0910000000003492
29574,2025-03-09 03:00:00,15328.228,28.651,4157.394,1052.341,15882.018,1052.73,0.109,10,0.1089999999985593
29574,2025-03-09 04:00:00,15328.325,28.651,4157.463,1052.345,15882.129,1052.734,0.097,10,0.0970000000015716
29574,2025-03-09 05:00:00,15328.402,28.651,4157.513,1052.351,15882.217,1052.74,0.076,10,0.076999999999316
29574,2025-03-09 06:00:00,15328.628,28.651,4157.596,1052.357,15882.457,1052.746,0.225,10,0.2260000000005675
29574,2025-03-09 07:00:00,15329.135,28.651,4157.664,1052.364,15882.964,1052.753,0.507,10,0.5069999999996071
29574,2025-03-09 08:00:00,15329.782,28.651,4157.706,1052.379,15883.599,1052.768,0.646,10,0.646999999999025
29574,2025-03-09 09:00:00,15330.516,28.651,4157.752,1052.387,15884.32,1052.776,0.733,10,0.7340000000003783
29574,2025-03-09 10:00:00,15331.588,28.651,4157.823,1052.389,15885.373,1052.778,1.071,10,1.0720000000001164
29574,2025-03-09 11:00:00,15332.0,28.651,4157.967,1052.391,15885.808,1052.78,0.412,10,0.4120000000002619
29574,2025-03-09 12:00:00,15332.77,28.651,4158.033,1052.397,15886.568,1052.786,0.769,10,0.7700000000004366
29574,2025-03-09 13:00:00,15332.882,28.651,4158.096,1052.405,15886.693,1052.794,0.112,10,0.1119999999991705
29574,2025-03-09 14:00:00,15333.008,28.651,4158.182,1052.412,15886.837,1052.801,0.126,10,0.1260000000002037
29574,2025-03-09 15:00:00,15333.113,28.651,4158.231,1052.417,15886.951,1052.806,0.104,10,0.1049999999995634
29574,2025-03-09 16:00:00,15333.526,28.651,4158.298,1052.422,15887.367,1052.811,0.413,10,0.4130000000004656
29574,2025-03-09 17:00:00,15334.301,28.651,4158.37,1052.433,15888.134,1052.822,0.774,10,0.7749999999996362
29574,2025-03-09 18:00:00,15335.261,28.651,4158.41,1052.452,15889.071,1052.841,0.959,10,0.960000000000946
29574,2025-03-09 19:00:00,15335.858,28.651,4158.528,1052.459,15889.678,1052.848,0.597,10,0.5969999999997526
29574,2025-03-09 20:00:00,15337.29,28.651,4158.604,1052.478,15891.08,1052.867,1.43,10,1.4320000000006985
29574,2025-03-09 21:00:00,15337.986,28.651,4158.646,1052.503,15891.763,1052.892,0.695,10,0.6959999999999127
29574,2025-03-09 22:00:00,15338.149,28.651,4158.709,1052.516,15891.937,1052.905,0.162,10,0.1629999999986466
29574,2025-03-09 23:00:00,15338.31,28.651,4158.798,1052.525,15892.116,1052.914,0.16,10,0.1610000000000582
29574,2025-03-10 00:00:00,15338.426,28.651,4158.847,1052.534,15892.24,1052.923,0.115,10,0.1159999999999854
29574,2025-03-10 01:00:00,15338.549,28.651,4158.902,1052.543,15892.373,1052.932,0.123,10,0.1230000000014115
29574,2025-03-10 06:00:00,15339.162,28.651,4159.257,1052.576,15893.058,1052.965,0.109,10,0.1090000000003783
29574,2025-03-10 07:00:00,15340.02,28.651,4159.3,1052.582,15893.897,1052.971,0.857,10,0.8580000000001746
29574,2025-03-10 08:00:00,15341.692,28.651,4159.343,1052.587,15895.522,1052.976,1.671,10,1.6719999999986612
29574,2025-03-10 09:00:00,15342.803,28.651,4159.398,1052.602,15896.609,1052.991,1.111,10,1.1110000000007858
29574,2025-03-10 10:00:00,15343.917,28.651,4159.449,1052.609,15897.698,1052.998,1.113,10,1.113999999999578
29574,2025-03-10 11:00:00,15344.296,28.651,4159.572,1052.612,15898.096,1053.001,0.379,10,0.3790000000008149
29574,2025-03-10 12:00:00,15344.578,28.651,4159.649,1052.617,15898.388,1053.006,0.281,10,0.2819999999992433
29574,2025-03-10 13:00:00,15344.779,28.651,4159.741,1052.622,15898.606,1053.011,0.201,10,0.2010000000009313
29574,2025-03-10 14:00:00,15344.928,28.651,4159.795,1052.626,15898.764,1053.015,0.148,10,0.1489999999994324
29574,2025-03-10 15:00:00,15345.045,28.651,4159.851,1052.633,15898.891,1053.022,0.116,10,0.1170000000001891
29574,2025-03-10 16:00:00,15345.218,28.651,4159.947,1052.639,15899.084,1053.028,0.173,10,0.1730000000006839
29574,2025-03-10 17:00:00,15346.085,28.651,4160.0,1052.642,15899.934,1053.031,0.866,10,0.8669999999983702
29574,2025-03-10 18:00:00,15346.834,28.651,4160.053,1052.656,15900.671,1053.045,0.749,10,0.7490000000016153
29574,2025-03-10 19:00:00,15347.26,28.651,4160.131,1052.675,15901.103,1053.064,0.425,10,0.4259999999994761
29574,2025-03-10 20:00:00,15347.729,28.651,4160.172,1052.693,15901.566,1053.082,0.468,10,0.4689999999991414
29574,2025-03-10 21:00:00,15348.323,28.651,4160.219,1052.712,15902.152,1053.101,0.593,10,0.5940000000009604
29574,2025-03-10 22:00:00,15348.98,28.651,4160.333,1052.724,15902.816,1053.113,0.656,10,0.6569999999992433
29574,2025-03-10 23:00:00,15349.089,28.651,4160.38,1052.739,15902.933,1053.128,0.109,10,0.1090000000003783
29574,2025-03-11 00:00:00,15349.206,28.651,4160.454,1052.747,15903.065,1053.136,0.117,10,0.1170000000001891
29574,2025-03-11 01:00:00,15349.334,28.651,4160.542,1052.754,15903.212,1053.143,0.126,10,0.1280000000006111
29574,2025-03-11 02:00:00,15349.413,28.651,4160.592,1052.762,15903.301,1053.151,0.079,10,0.0789999999997235
29574,2025-03-11 03:00:00,15349.522,28.651,4160.676,1052.768,15903.428,1053.157,0.109,10,0.1090000000003783
29574,2025-03-11 04:00:00,15349.627,28.651,4160.756,1052.774,15903.551,1053.163,0.104,10,0.1049999999995634
29574,2025-03-11 05:00:00,15349.701,28.651,4160.806,1052.781,15903.635,1053.17,0.074,10,0.0739999999987048
29574,2025-03-11 06:00:00,15349.808,28.651,4160.889,1052.786,15903.76,1053.175,0.106,10,0.1070000000017898
29574,2025-03-11 07:00:00,15350.88,28.651,4160.959,1052.797,15904.813,1053.186,1.753,10,1.0719999999982974
29574,2025-03-11 12:00:00,15355.131,28.651,4161.389,1052.835,15909.029,1053.224,0.115,10,0.1649999999990541
29574,2025-03-11 13:00:00,15355.481,28.651,4161.477,1052.845,15909.389,1053.234,0.34,10,0.3500000000003638
29574,2025-03-11 14:00:00,15355.658,28.651,4161.523,1052.856,15909.572,1053.245,0.12,10,0.1769999999996798
29574,2025-03-11 15:00:00,15355.833,28.651,4161.611,1052.881,15909.764,1053.27,0.139,10,0.1750000000010914
29574,2025-03-11 16:00:00,15356.473,28.651,4161.673,1052.897,15910.398,1053.286,0.639,10,0.6399999999994179
29574,2025-03-11 17:00:00,15356.659,28.651,4161.753,1052.911,15910.599,1053.3,0.158,10,0.1859999999996944
29574,2025-03-11 18:00:00,15357.224,28.651,4161.835,1052.925,15911.165,1053.314,0.538,10,0.5650000000005093
29574,2025-03-11 19:00:00,15357.605,28.651,4161.883,1052.947,15911.546,1053.336,0.332,10,0.3809999999994033
29574,2025-03-11 20:00:00,15358.166,28.651,4161.959,1052.959,15912.107,1053.348,0.53,10,0.5609999999996944
29574,2025-03-11 21:00:00,15358.371,28.651,4162.013,1052.99,15912.319,1053.379,0.2,10,0.2049999999999272
29574,2025-03-11 22:00:00,15358.767,28.651,4162.137,1052.997,15912.734,1053.386,0.329,10,0.3960000000006403
29574,2025-03-11 23:00:00,15358.98,28.651,4162.243,1053.002,15912.967,1053.391,0.14,10,0.212999999999738
29574,2025-03-12 02:00:00,15359.516,28.651,4162.495,1053.03,15913.55,1053.419,0.132,10,0.1949999999997089
29574,2025-03-12 03:00:00,15359.666,28.651,4162.564,1053.048,15913.713,1053.437,0.112,10,0.1499999999996362
29574,2025-03-12 04:00:00,15359.836,28.651,4162.629,1053.056,15913.894,1053.445,0.108,10,0.1700000000000727
29574,2025-03-12 05:00:00,15360.058,28.651,4162.681,1053.077,15914.122,1053.466,0.151,10,0.2220000000015716
29574,2025-03-12 06:00:00,15360.243,28.651,4162.802,1053.093,15914.332,1053.482,0.155,10,0.1849999999994906
29574,2025-03-12 07:00:00,15360.891,28.651,4162.869,1053.11,15914.975,1053.499,0.668,10,0.6479999999992287
29574,2025-03-12 08:00:00,15362.321,28.651,4162.966,1053.124,15916.381,1053.513,1.507,10,1.430000000000291
29574,2025-03-12 09:00:00,15363.586,28.651,4163.051,1053.135,15917.624,1053.524,1.278,10,1.264999999999418
29574,2025-03-12 10:00:00,15364.317,28.651,4163.104,1053.164,15918.343,1053.553,0.751,10,0.7309999999997672
29574,2025-03-12 11:00:00,15364.608,28.651,4163.198,1053.169,15918.649,1053.558,0.303,10,0.2910000000010768
29574,2025-03-12 12:00:00,15364.769,28.651,4163.292,1053.176,15918.829,1053.565,0.142,10,0.1610000000000582
29574,2025-03-12 13:00:00,15364.905,28.651,4163.35,1053.186,15918.975,1053.575,0.129,10,0.136000000000422
29574,2025-03-12 14:00:00,15365.257,28.651,4163.44,1053.189,15919.339,1053.578,0.346,10,0.3519999999989522
29574,2025-03-12 15:00:00,15365.425,28.651,4163.523,1053.211,15919.522,1053.6,0.177,10,0.1679999999996653
29574,2025-03-12 16:00:00,15365.802,28.651,4163.593,1053.223,15919.905,1053.612,0.363,10,0.3770000000004074
29574,2025-03-12 17:00:00,15366.136,28.651,4163.717,1053.23,15920.259,1053.619,0.307,10,0.3340000000007421
29574,2025-03-12 18:00:00,15366.914,28.651,4163.915,1053.24,15921.062,1053.629,0.782,10,0.7780000000002474
29574,2025-03-12 19:00:00,15367.339,28.651,4164.019,1053.25,15921.499,1053.639,0.418,10,0.4249999999992724
29574,2025-03-12 20:00:00,15367.778,28.651,4164.096,1053.268,15921.943,1053.657,0.444,10,0.4390000000003056
29574,2025-03-23 00:00:00,15476.906,28.661,4188.24,1056.3,16033.588,1056.688,0.143,10,0.20500000000176
29574,2025-03-23 01:00:00,15477.057,28.661,4188.326,1056.306,16033.757,1056.694,0.149,10,0.1509999999998399
29574,2025-03-23 02:00:00,15477.254,28.661,4188.404,1056.317,16033.967,1056.705,0.196,10,0.1970000000001164
29574,2025-03-23 03:00:00,15477.44,28.661,4188.583,1056.321,16034.193,1056.709,0.186,10,0.1859999999996944
29574,2025-03-23 04:00:00,15477.575,28.661,4188.665,1056.326,16034.345,1056.714,0.134,10,0.1350000000002182
29574,2025-03-23 05:00:00,15477.719,28.661,4188.763,1056.33,16034.51,1056.718,0.144,10,0.1439999999984138
29574,2025-03-23 06:00:00,15477.861,28.661,4188.858,1056.337,16034.672,1056.725,0.141,10,0.1420000000016443
29574,2025-03-23 07:00:00,15478.139,28.661,4188.903,1056.345,16034.952,1056.733,0.278,10,0.2779999999984284
29574,2025-03-23 08:00:00,15479.136,28.661,4188.987,1056.353,16035.936,1056.741,0.995,10,0.9970000000012078
29574,2025-03-23 09:00:00,15479.725,28.661,4189.029,1056.364,16036.516,1056.752,0.588,10,0.5889999999999418
29574,2025-03-23 10:00:00,15480.143,28.661,4189.11,1056.366,16036.94,1056.754,0.417,10,0.4179999999996653
29574,2025-03-23 11:00:00,15480.924,28.661,4189.154,1056.371,16037.706,1056.759,0.781,10,0.7810000000008586
29574,2025-03-23 12:00:00,15481.45,28.661,4189.249,1056.374,16038.238,1056.762,0.525,10,0.5259999999998399
29574,2025-03-23 13:00:00,15481.543,28.661,4189.296,1056.38,16038.34,1056.768,0.093,10,0.0929999999989377
29574,2025-03-23 14:00:00,15481.683,28.661,4189.393,1056.384,16038.501,1056.772,0.139,10,0.1400000000012369
29574,2025-03-23 15:00:00,15481.803,28.661,4189.454,1056.39,16038.633,1056.778,0.12,10,0.1199999999989813
29574,2025-03-23 21:00:00,15485.041,28.661,4190.003,1056.491,16041.902,1056.879,0.468,10,0.4560000000001309
29574,2025-03-24 03:00:00,15486.801,28.661,4190.667,1056.518,16043.774,1056.906,0.126,10,0.1589999999996507
29574,2025-03-24 04:00:00,15487.048,28.661,4190.791,1056.519,16044.045,1056.907,0.212,10,0.2470000000012078
29574,2025-03-24 05:00:00,15487.234,28.661,4190.864,1056.524,16044.243,1056.912,0.145,10,0.1859999999996944
29574,2025-03-24 06:00:00,15487.391,28.661,4190.991,1056.53,16044.428,1056.918,0.156,10,0.1569999999992433
29574,2025-03-24 07:00:00,15487.93,28.661,4191.028,1056.536,16044.958,1056.924,0.576,10,0.5390000000006694
29574,2025-03-24 08:00:00,15489.249,28.661,4191.117,1056.54,16046.254,1056.928,1.348,10,1.3189999999995052
29574,2025-03-24 09:00:00,15489.995,28.67,4191.173,1056.576,16046.989,1056.964,0.728,10,0.7460000000010041
29574,2025-03-24 10:00:00,15491.39,28.672,4191.293,1056.586,16048.367,1056.974,1.417,10,1.3949999999986176
29574,2025-03-24 11:00:00,15491.72,28.672,4191.437,1056.59,16048.723,1056.978,0.329,10,0.3299999999999272
29574,2025-03-24 12:00:00,15491.91,28.672,4191.536,1056.593,16048.932,1056.981,0.19,10,0.1900000000005093
29574,2025-03-24 13:00:00,15492.094,28.672,4191.635,1056.598,16049.136,1056.986,0.184,10,0.1839999999992869
29574,2025-03-24 14:00:00,15492.223,28.672,4191.716,1056.604,16049.282,1056.992,0.128,10,0.1290000000008149
29574,2025-03-24 15:00:00,15492.465,28.672,4191.834,1056.61,16049.546,1056.998,0.242,10,0.2420000000001891
29574,2025-03-24 16:00:00,15492.646,28.672,4191.895,1056.617,16049.737,1057.005,0.18,10,0.1810000000004947
29574,2025-03-24 17:00:00,15493.647,28.672,4192.004,1056.619,16050.731,1057.007,1.001,10,1.0010000000002035
29574,2025-03-24 18:00:00,15494.5,28.672,4192.132,1056.628,16051.588,1057.016,0.853,10,0.852999999999156
29574,2025-03-24 19:00:00,15494.976,28.672,4192.223,1056.644,16052.071,1057.032,0.476,10,0.4760000000005675
29574,2025-03-24 20:00:00,15495.718,28.672,4192.329,1056.659,16052.815,1057.047,0.742,10,0.7420000000001892
29574,2025-03-24 21:00:00,15496.205,28.672,4192.403,1056.675,16053.305,1057.063,0.486,10,0.4869999999991705
29574,2025-03-24 22:00:00,15496.597,28.672,4192.48,1056.689,16053.703,1057.077,0.391,10,0.3919999999998254
29574,2025-03-24 23:00:00,15496.91,28.672,4192.598,1056.693,16054.036,1057.081,0.312,10,0.3130000000001018
29574,2025-03-25 02:00:00,15497.392,28.672,4192.902,1056.71,16054.581,1057.098,0.167,10,0.1679999999996653
29574,2025-03-25 03:00:00,15497.531,28.672,4192.97,1056.72,16054.733,1057.108,0.139,10,0.1390000000010331
29574,2025-03-25 04:00:00,15497.696,28.672,4193.087,1056.726,16054.923,1057.114,0.164,10,0.1649999999990541
29574,2025-03-25 05:00:00,15497.835,28.672,4193.169,1056.735,16055.078,1057.123,0.138,10,0.1389999999992142
29574,2025-03-25 06:00:00,15497.976,28.672,4193.257,1056.742,16055.237,1057.13,0.14,10,0.1410000000014406
29574,2025-03-25 07:00:00,15498.14,28.672,4193.332,1056.755,16055.415,1057.143,0.165,10,0.1639999999988504
29574,2025-03-25 08:00:00,15499.242,28.672,4193.406,1056.766,16056.498,1057.154,1.101,10,1.1020000000007713
29574,2025-03-25 09:00:00,15500.492,28.672,4193.549,1056.77,16057.742,1057.158,1.25,10,1.25
29574,2025-03-25 10:00:00,15501.196,28.672,4193.668,1056.777,16058.453,1057.165,0.703,10,0.7039999999997235
29574,2025-03-25 11:00:00,15501.803,28.672,4193.72,1056.786,16059.053,1057.174,0.606,10,0.6069999999999709
29574,2025-03-25 12:00:00,15502.086,28.672,4193.852,1056.792,16059.36,1057.18,0.283,10,0.282999999999447
29574,2025-03-25 13:00:00,15502.251,28.672,4193.958,1056.795,16059.547,1057.183,0.165,10,0.1650000000008731
29574,2025-03-25 14:00:00,15502.689,28.672,4194.076,1056.8,16060.001,1057.188,0.437,10,0.4380000000001018
29574,2025-03-25 15:00:00,15502.821,28.672,4194.156,1056.804,16060.149,1057.192,0.132,10,0.1319999999996071
29574,2025-03-25 16:00:00,15502.959,28.672,4194.247,1056.805,16060.306,1057.193,0.149,10,0.1380000000008294
29574,2025-03-25 17:00:00,15503.599,28.672,4194.351,1056.806,16060.951,1057.194,0.623,10,0.6399999999994179
29574,2025-03-25 21:00:00,15506.164,28.672,4194.706,1056.857,16063.52,1057.245,0.324,10,0.3340000000007421
29574,2025-03-25 22:00:00,15506.446,28.672,4194.82,1056.862,16063.822,1057.25,0.237,10,0.2819999999992433
29574,2025-03-25 23:00:00,15506.981,28.672,4194.929,1056.881,16064.367,1057.269,0.526,10,0.5349999999998545
29574,2025-03-26 02:00:00,15507.531,28.672,4195.296,1056.899,16064.993,1057.287,0.129,10,0.1570000000010623
29574,2025-03-26 03:00:00,15507.648,28.672,4195.4,1056.922,16065.133,1057.31,0.139,10,0.1169999999983701
29574,2025-03-26 04:00:00,15507.812,28.672,4195.468,1056.944,16065.309,1057.332,0.189,10,0.1640000000006694
29574,2025-03-26 05:00:00,15507.965,28.672,4195.593,1056.957,16065.49,1057.345,0.174,10,0.1530000000002473
29574,2025-03-26 06:00:00,15508.059,28.679,4195.688,1056.979,16065.605,1057.368,0.137,10,0.0939999999991414
29574,2025-03-26 07:00:00,15508.587,28.695,4195.771,1057.002,16066.137,1057.391,0.606,10,0.5280000000002474
29574,2025-03-26 08:00:00,15509.628,28.695,4195.863,1057.017,16067.166,1057.406,1.095,10,1.0410000000010768
29574,2025-03-26 09:00:00,15510.399,28.695,4195.94,1057.026,16067.93,1057.415,0.749,10,0.7709999999988213
29574,2025-03-26 10:00:00,15511.455,28.695,4196.047,1057.028,16068.977,1057.417,1.043,10,1.0560000000004948
29574,2025-03-26 11:00:00,15511.919,28.695,4196.152,1057.032,16069.453,1057.421,0.444,10,0.4639999999999418
29574,2025-03-26 12:00:00,15512.382,28.695,4196.297,1057.032,16069.937,1057.421,0.483,10,0.462999999999738
29574,2025-03-26 13:00:00,15512.709,28.695,4196.419,1057.046,16070.285,1057.435,0.332,10,0.327000000001135
29574,2025-03-26 14:00:00,15512.846,28.695,4196.434,1057.07,16070.421,1057.459,0.088,10,0.1369999999988067
29574,2025-03-26 15:00:00,15513.012,28.695,4196.445,1057.09,16070.584,1057.479,0.16,10,0.1660000000010768
29574,2025-03-26 16:00:00,15513.211,28.695,4196.445,1057.115,16070.776,1057.504,0.139,10,0.1989999999987048
29574,2025-03-26 17:00:00,15514.166,28.695,4196.538,1057.125,16071.722,1057.514,0.958,10,0.9549999999999272
29574,2025-03-26 18:00:00,15514.896,28.695,4196.772,1057.125,16072.488,1057.514,0.732,10,0.7300000000013824
29574,2025-03-26 19:00:00,15515.552,28.695,4196.96,1057.125,16073.171,1057.514,0.699,10,0.6559999999990396
29574,2025-03-26 20:00:00,15516.35,28.695,4197.043,1057.137,16073.963,1057.526,0.821,10,0.7980000000006839
29574,2025-03-26 21:00:00,15516.806,28.695,4197.217,1057.137,16074.448,1057.526,0.411,10,0.4560000000001309
29574,2025-03-26 22:00:00,15517.142,28.695,4197.364,1057.139,16074.811,1057.528,0.287,10,0.3359999999993306
29574,2025-03-26 23:00:00,15517.46,28.695,4197.571,1057.139,16075.172,1057.528,0.259,10,0.3179999999993015
29574,2025-03-27 00:00:00,15517.708,28.695,4197.705,1057.144,16075.446,1057.533,0.185,10,0.2480000000014115
29574,2025-03-27 01:00:00,15517.97,28.695,4197.867,1057.149,16075.741,1057.538,0.203,10,0.2619999999988067
29574,2025-03-27 02:00:00,15518.198,28.695,4197.976,1057.15,16075.99,1057.539,0.167,10,0.2280000000009749
29574,2025-03-27 03:00:00,15518.447,28.695,4198.116,1057.152,16076.267,1057.541,0.18,10,0.2489999999997962
29574,2025-03-27 04:00:00,15518.669,28.695,4198.236,1057.157,16076.513,1057.546,0.157,10,0.2219999999997526
29574,2025-03-27 05:00:00,15518.846,28.695,4198.339,1057.159,16076.71,1057.548,0.149,10,0.1769999999996798
29574,2025-03-27 06:00:00,15518.968,28.696,4198.449,1057.179,16076.857,1057.568,0.145,10,0.1220000000012078
29574,2025-03-27 07:00:00,15519.147,28.696,4198.534,1057.202,16077.052,1057.591,0.168,10,0.1790000000000873
29574,2025-03-27 08:00:00,15519.555,28.696,4198.668,1057.232,16077.481,1057.621,0.397,10,0.407999999999447
29574,2025-03-27 09:00:00,15520.045,28.696,4198.804,1057.243,16077.989,1057.632,0.542,10,0.4899999999997817
29574,2025-03-27 10:00:00,15520.38,28.696,4198.957,1057.249,16078.353,1057.638,0.358,10,0.3349999999991269
29574,2025-03-27 11:00:00,15521.347,28.696,4199.098,1057.255,16079.323,1057.644,1.041,10,0.967000000000553
29574,2025-03-27 12:00:00,15522.941,28.696,4199.2,1057.26,16080.888,1057.649,1.703,10,1.5940000000009604
29574,2025-03-27 13:00:00,15524.495,28.696,4199.302,1057.263,16082.415,1057.652,1.648,10,1.554000000000087
29574,2025-03-27 14:00:00,15524.937,28.696,4199.411,1057.267,16082.87,1057.656,0.468,10,0.4419999999990978
29574,2025-03-27 15:00:00,15525.159,28.696,4199.579,1057.271,16083.128,1057.66,0.197,10,0.2219999999997526
29574,2025-03-27 16:00:00,15525.347,28.696,4199.691,1057.277,16083.339,1057.666,0.167,10,0.1880000000001018
29574,2025-03-27 17:00:00,15525.563,28.696,4199.822,1057.286,16083.582,1057.675,0.197,10,0.2160000000003492
29574,2025-03-27 18:00:00,15525.953,28.696,4199.954,1057.298,16083.992,1057.687,0.408,10,0.3899999999994179
29574,2025-03-27 19:00:00,15526.411,28.696,4200.115,1057.302,16084.477,1057.691,0.471,10,0.4580000000005384
29574,2025-03-27 20:00:00,15527.004,28.696,4200.256,1057.344,16085.086,1057.733,0.658,10,0.5930000000007567
29574,2025-03-27 21:00:00,15527.351,28.696,4200.366,1057.35,16085.45,1057.739,0.369,10,0.3469999999997526
29574,2025-03-27 22:00:00,15527.596,28.696,4200.559,1057.352,16085.736,1057.741,0.241,10,0.2449999999989813
29574,2025-03-27 23:00:00,15527.805,28.696,4200.713,1057.354,16085.978,1057.743,0.196,10,0.2090000000007421
29574,2025-03-28 02:00:00,15528.377,28.696,4201.047,1057.369,16086.618,1057.758,0.154,10,0.1710000000002765
29574,2025-03-28 03:00:00,15528.554,28.696,4201.143,1057.379,16086.814,1057.768,0.154,10,0.1769999999996798
29574,2025-03-28 04:00:00,15528.742,28.696,4201.249,1057.384,16087.023,1057.773,0.163,10,0.1880000000001018
29574,2025-03-28 05:00:00,15528.933,28.696,4201.37,1057.389,16087.239,1057.778,0.159,10,0.191000000000713
29574,2025-03-28 06:00:00,15529.046,28.699,4201.459,1057.405,16087.371,1057.794,0.141,10,0.1129999999993742
29574,2025-03-28 07:00:00,15529.235,28.699,4201.533,1057.423,16087.573,1057.812,0.133,10,0.1890000000003056
29574,2025-03-28 08:00:00,15529.488,28.699,4201.657,1057.428,16087.85,1057.817,0.228,10,0.2529999999987922
29574,2025-03-28 09:00:00,15529.979,28.699,4201.767,1057.435,16088.352,1057.824,0.455,10,0.4909999999999854
29574,2025-03-28 10:00:00,15530.469,28.699,4201.858,1057.448,16088.849,1057.837,0.487,10,0.4899999999997817
29574,2025-03-28 11:00:00,15530.823,28.699,4201.929,1057.458,16089.209,1057.847,0.371,10,0.3540000000011787
29574,2025-03-28 12:00:00,15531.993,28.699,4202.034,1057.459,16090.366,1057.848,1.161,10,1.1700000000000728
29574,2025-03-28 13:00:00,15532.729,28.699,4202.133,1057.467,16091.102,1057.856,0.742,10,0.7359999999989668
29574,2025-03-28 14:00:00,15534.068,28.699,4202.419,1057.467,16092.47,1057.856,1.38,10,1.3389999999999418
29574,2025-03-28 15:00:00,15534.264,28.699,4202.533,1057.472,16092.689,1057.861,0.196,10,0.1959999999999127
29574,2025-03-28 16:00:00,15534.487,28.699,4202.657,1057.48,16092.936,1057.869,0.222,10,0.2229999999999563
29574,2025-03-28 17:00:00,15534.775,28.699,4202.78,1057.485,16093.246,1057.874,0.288,10,0.2880000000004656
29574,2025-03-28 18:00:00,15535.005,28.699,4202.864,1057.495,16093.49,1057.884,0.23,10,0.2299999999995634
29574,2025-03-28 19:00:00,15535.448,28.699,4202.959,1057.513,16093.943,1057.902,0.443,10,0.4430000000011205
29574,2025-03-28 20:00:00,15536.13,28.699,4203.067,1057.52,16094.629,1057.909,0.681,10,0.6819999999988795
29574,2025-03-28 21:00:00,15536.477,28.699,4203.16,1057.527,16094.989,1057.916,0.347,10,0.3470000000015716
29574,2025-03-28 22:00:00,15536.761,28.699,4203.235,1057.545,16095.282,1057.934,0.284,10,0.2839999999996507
29574,2025-03-28 23:00:00,15536.924,28.699,4203.315,1057.557,16095.46,1057.946,0.163,10,0.1630000000004656
29574,2025-03-29 02:00:00,15537.471,28.699,4203.662,1057.569,16096.079,1057.958,0.155,10,0.1559999999990395
29574,2025-03-29 03:00:00,15537.618,28.699,4203.752,1057.573,16096.245,1057.962,0.146,10,0.147000000000844
29574,2025-03-29 04:00:00,15537.801,28.699,4203.85,1057.577,16096.447,1057.966,0.183,10,0.1829999999990832
29574,2025-03-29 05:00:00,15538.02,28.699,4204.015,1057.58,16096.701,1057.969,0.218,10,0.2190000000009604
29574,2025-03-29 06:00:00,15538.173,28.699,4204.126,1057.586,16096.878,1057.975,0.152,10,0.1530000000002473
29574,2025-03-29 07:00:00,15538.39,28.699,4204.211,1057.591,16097.11,1057.98,0.217,10,0.2169999999987339
29574,2025-03-29 08:00:00,15538.53,28.699,4204.296,1057.596,16097.267,1057.985,0.14,10,0.1400000000012369
29574,2025-03-29 09:00:00,15538.712,28.699,4204.395,1057.6,16097.468,1057.989,0.181,10,0.1819999999988795
29574,2025-03-29 10:00:00,15539.178,28.699,4204.497,1057.604,16097.945,1057.993,0.465,10,0.4660000000003492
29574,2025-03-29 11:00:00,15539.972,28.699,4204.576,1057.608,16098.732,1057.997,0.795,10,0.793999999999869
29574,2025-03-29 12:00:00,15540.478,28.699,4204.667,1057.61,16099.244,1057.999,0.506,10,0.5059999999994034
29574,2025-03-29 13:00:00,15541.158,28.699,4204.776,1057.614,16099.929,1058.003,0.678,10,0.680000000000291
29574,2025-03-29 14:00:00,15541.481,28.699,4204.882,1057.619,16100.269,1058.008,0.323,10,0.3230000000003201
29574,2025-03-29 15:00:00,15542.186,28.699,4204.987,1057.629,16100.977,1058.018,0.703,10,0.7049999999999272
29574,2025-03-29 16:00:00,15542.929,28.699,4205.115,1057.634,16101.727,1058.023,0.743,10,0.7430000000003929
29574,2025-03-29 17:00:00,15543.18,28.699,4205.241,1057.641,16102.002,1058.03,0.25,10,0.2510000000002037
29574,2025-03-29 18:00:00,15543.438,28.699,4205.35,1057.655,16102.28,1058.044,0.257,10,0.2579999999998108
29574,2025-03-29 19:00:00,15543.921,28.699,4205.448,1057.671,16102.772,1058.06,0.483,10,0.4830000000001746
29574,2025-03-29 20:00:00,15544.351,28.699,4205.528,1057.687,16103.208,1058.076,0.43,10,0.430000000000291
29574,2025-03-29 21:00:00,15544.723,28.699,4205.679,1057.696,16103.606,1058.085,0.371,10,0.3719999999993888
29574,2025-03-29 22:00:00,15545.1,28.699,4205.788,1057.707,16103.999,1058.096,0.376,10,0.3770000000004074
29574,2025-03-29 23:00:00,15545.355,28.699,4205.895,1057.717,16104.273,1058.106,0.254,10,0.2549999999991996
29574,2025-03-30 02:00:00,15546.199,28.699,4206.224,1057.743,16105.173,1058.132,0.204,10,0.2039999999997235
29574,2025-03-30 03:00:00,15546.412,28.699,4206.322,1057.754,16105.405,1058.143,0.213,10,0.212999999999738
29574,2025-03-30 04:00:00,15546.615,28.699,4206.41,1057.77,16105.623,1058.159,0.203,10,0.2029999999995198
29574,2025-03-30 05:00:00,15546.819,28.699,4206.502,1057.79,16105.844,1058.179,0.203,10,0.2039999999997235
29574,2025-03-30 06:00:00,15547.026,28.699,4206.606,1057.805,16106.071,1058.194,0.206,10,0.2070000000003347
29574,2025-03-30 07:00:00,15547.338,28.699,4206.691,1057.822,16106.395,1058.211,0.312,10,0.3119999999998981
29574,2025-03-30 08:00:00,15548.457,28.699,4206.851,1057.822,16107.517,1058.211,1.119,10,1.1190000000005966
29574,2025-03-30 09:00:00,15549.441,28.699,4206.913,1057.831,16108.483,1058.22,0.983,10,0.9840000000003783
29574,2025-03-30 10:00:00,15550.569,28.699,4207.007,1057.836,16109.596,1058.225,1.126,10,1.1279999999987922
29574,2025-03-30 11:00:00,15551.484,28.699,4207.09,1057.842,16110.501,1058.231,0.915,10,0.9150000000008732
29574,2025-03-30 12:00:00,15551.856,28.699,4207.196,1057.853,16110.888,1058.242,0.371,10,0.3719999999993888
29574,2025-03-30 13:00:00,15552.175,28.699,4207.358,1057.853,16111.238,1058.242,0.319,10,0.3189999999995052
29574,2025-03-30 14:00:00,15552.343,28.699,4207.465,1057.857,16111.428,1058.246,0.167,10,0.1680000000014843
29574,2025-03-30 15:00:00,15552.576,28.699,4207.597,1057.858,16111.688,1058.247,0.325,10,0.2329999999983556
29574,2025-03-30 16:00:00,15552.724,28.699,4207.692,1057.863,16111.855,1058.252,0.147,10,0.1480000000010477
29574,2025-03-31 01:00:00,15555.995,28.699,4208.527,1057.934,16115.231,1058.323,0.156,10,0.1560000000008585
29574,2025-03-31 04:00:00,15556.487,28.699,4208.779,1057.949,16115.772,1058.338,0.181,10,0.1819999999988795
29574,2025-03-31 05:00:00,15556.685,28.699,4208.951,1057.95,16116.008,1058.339,0.198,10,0.1980000000003201
29574,2025-03-31 06:00:00,15556.829,28.699,4209.042,1057.954,16116.17,1058.343,0.144,10,0.1440000000002328
29574,2025-03-31 07:00:00,15556.991,28.699,4209.129,1057.96,16116.349,1058.349,0.162,10,0.1620000000002619
29574,2025-03-31 08:00:00,15557.627,28.699,4209.22,1057.962,16116.987,1058.351,0.636,10,0.636000000000422
29574,2025-03-31 09:00:00,15559.128,28.699,4209.269,1057.974,16118.449,1058.363,1.5,10,1.5010000000002035
29574,2025-03-31 10:00:00,15559.341,28.699,4209.377,1057.976,16118.683,1058.365,0.213,10,0.212999999999738
29574,2025-03-31 11:00:00,15560.916,28.699,4209.581,1057.976,16120.256,1058.365,1.575,10,1.5749999999989086
29574,2025-03-31 12:00:00,15561.058,28.699,4209.646,1057.98,16120.41,1058.369,0.142,10,0.1420000000016443
29574,2025-03-31 13:00:00,15561.229,28.699,4209.751,1057.982,16120.603,1058.371,0.17,10,0.1709999999984575
29574,2025-03-31 14:00:00,15561.493,28.699,4209.843,1057.985,16120.882,1058.374,0.264,10,0.2640000000010332
29574,2025-03-31 15:00:00,15561.616,28.699,4209.912,1057.989,16121.018,1058.378,0.122,10,0.1229999999995925
29574,2025-03-31 16:00:00,15561.795,28.699,4210.019,1057.991,16121.219,1058.38,0.178,10,0.1790000000000873
29574,2025-03-31 17:00:00,15561.977,28.699,4210.108,1057.999,16121.418,1058.388,0.182,10,0.1820000000006985
29574,2025-03-31 18:00:00,15562.439,28.699,4210.185,1058.01,16121.884,1058.399,0.461,10,0.4619999999995343
29574,2025-03-31 19:00:00,15562.888,28.699,4210.287,1058.021,16122.344,1058.41,0.449,10,0.4490000000005238
29574,2025-03-31 20:00:00,15563.283,28.699,4210.384,1058.04,16122.751,1058.429,0.395,10,0.3949999999986175
29574,2025-03-31 21:00:00,15563.907,28.699,4210.447,1058.059,16123.37,1058.448,0.622,10,0.6239999999997963
29574,2025-03-31 22:00:00,15564.312,28.699,4210.602,1058.064,16123.801,1058.453,0.405,10,0.4050000000006548
29574,2025-03-31 23:00:00,15564.665,28.699,4210.712,1058.072,16124.171,1058.461,0.353,10,0.353000000000975
29574,2025-04-01 00:00:00,15564.913,28.699,4210.79,1058.083,16124.43,1058.472,0.248,10,0.2479999999995925
29574,2025-04-02 00:00:00,15574.559,28.699,4213.188,1058.302,16134.368,1058.691,0.237,10,9.64599999999882
29574,2025-04-02 01:00:00,15574.768,28.699,4213.288,1058.311,16134.596,1058.7,0.207,10,0.2090000000007421
29574,2025-04-02 04:00:00,15575.305,28.699,4213.603,1058.333,16135.196,1058.722,0.172,10,0.1730000000006839
29574,2025-04-02 05:00:00,15575.495,28.699,4213.637,1058.346,16135.389,1058.735,0.19,10,0.1900000000005093
29574,2025-04-02 06:00:00,15575.715,28.699,4213.794,1058.347,16135.642,1058.736,0.22,10,0.2199999999993451
29574,2025-04-02 07:00:00,15575.884,28.699,4213.884,1058.352,16135.829,1058.741,0.168,10,0.168999999999869
29574,2025-04-02 08:00:00,15576.414,28.699,4213.967,1058.36,16136.362,1058.749,0.53,10,0.5300000000006548
29574,2025-04-02 09:00:00,15577.178,28.699,4214.157,1058.361,16137.149,1058.75,0.763,10,0.7639999999992142
29574,2025-04-02 10:00:00,15577.35,28.699,4214.225,1058.369,16137.333,1058.758,0.171,10,0.1720000000004802
29574,2025-04-02 11:00:00,15578.35,28.699,4214.317,1058.372,16138.322,1058.761,1.0,10,1.0
29574,2025-04-02 12:00:00,15579.066,28.699,4214.394,1058.378,16139.033,1058.767,0.716,10,0.7160000000003492
29574,2025-04-02 13:00:00,15579.483,28.699,4214.468,1058.383,16139.455,1058.772,0.417,10,0.4169999999994616
29574,2025-04-02 14:00:00,15579.673,28.699,4214.569,1058.386,16139.665,1058.775,0.189,10,0.1900000000005093
29574,2025-04-02 15:00:00,15579.902,28.699,4214.651,1058.39,16139.907,1058.779,0.229,10,0.2289999999993597
29574,2025-04-02 16:00:00,15580.163,28.699,4214.76,1058.392,16140.188,1058.781,0.254,10,0.261000000000422
29574,2025-04-03 01:00:00,15583.149,28.699,4215.913,1058.505,16143.371,1058.893,0.186,10,0.2209999999995489
29574,2025-04-03 02:00:00,15583.358,28.699,4216.006,1058.505,16143.597,1058.893,0.161,10,0.2090000000007421
29574,2025-04-03 03:00:00,15583.629,28.699,4216.143,1058.506,16143.895,1058.894,0.233,10,0.2710000000006403
29574,2025-04-03 04:00:00,15583.824,28.699,4216.263,1058.51,16144.114,1058.898,0.158,10,0.1949999999997089
29574,2025-04-03 05:00:00,15584.013,28.699,4216.333,1058.517,16144.315,1058.905,0.136,10,0.1890000000003056
29574,2025-04-03 06:00:00,15584.28,28.699,4216.448,1058.529,16144.603,1058.917,0.255,10,0.2669999999998254
29574,2025-04-03 07:00:00,15584.602,28.699,4216.634,1058.599,16144.962,1058.987,0.156,10,0.3220000000001164
29574,2025-04-03 08:00:00,15585.037,28.699,4216.725,1058.615,16145.406,1059.003,0.498,10,0.4349999999994907
29574,2025-04-03 09:00:00,15585.338,28.699,4216.85,1058.624,16145.729,1059.012,0.33,10,0.3009999999994761
29574,2025-04-03 10:00:00,15585.984,28.699,4217.046,1058.624,16146.404,1059.012,0.676,10,0.6460000000006403
29574,2025-04-03 11:00:00,15587.007,28.699,4217.127,1058.639,16147.413,1059.027,1.117,10,1.0229999999992287
29574,2025-04-03 12:00:00,15587.809,28.699,4217.222,1058.649,16148.212,1059.037,0.821,10,0.8019999999996799
29574,2025-04-03 13:00:00,15588.027,28.699,4217.324,1058.649,16148.449,1059.037,0.262,10,0.2180000000007567
29574,2025-04-03 14:00:00,15588.223,28.699,4217.481,1058.662,16148.679,1059.05,0.186,10,0.1959999999999127
29574,2025-04-03 15:00:00,15588.606,28.699,4217.529,1058.677,16149.061,1059.065,0.379,10,0.3829999999998108
29574,2025-04-03 16:00:00,15589.209,28.699,4217.741,1058.682,16149.698,1059.07,0.62,10,0.603000000000975
29574,2025-04-03 17:00:00,15589.431,28.699,4217.852,1058.686,16149.942,1059.074,0.287,10,0.2219999999997526
29574,2025-04-04 01:00:00,15592.667,28.699,4218.633,1058.79,16153.269,1059.178,0.268,10,0.2680000000000291
29574,2025-04-04 04:00:00,15593.209,28.699,4218.907,1058.817,16153.864,1059.205,0.169,10,0.1700000000000727
29574,2025-04-04 05:00:00,15593.36,28.699,4218.992,1058.825,16154.032,1059.213,0.151,10,0.1509999999998399
29574,2025-04-04 06:00:00,15593.595,28.699,4219.071,1058.834,16154.28,1059.222,0.235,10,0.2349999999987631
29574,2025-04-04 07:00:00,15593.767,28.699,4219.144,1058.839,16154.465,1059.227,0.172,10,0.1720000000004802
29574,2025-04-04 08:00:00,15594.209,28.699,4219.252,1058.847,16154.92,1059.235,0.44,10,0.4420000000009167
29574,2025-04-04 09:00:00,15594.377,28.699,4219.344,1058.86,16155.106,1059.248,0.168,10,0.1679999999996653
29574,2025-04-04 10:00:00,15594.916,28.699,4219.439,1058.869,16155.651,1059.257,0.539,10,0.5389999999988504
29574,2025-04-04 11:00:00,15595.448,28.699,4219.544,1058.874,16156.192,1059.262,0.531,10,0.5320000000010623
29574,2025-04-04 12:00:00,15595.79,28.699,4219.627,1058.882,16156.544,1059.27,0.341,10,0.342000000000553
29574,2025-04-04 13:00:00,15596.347,28.699,4219.746,1058.885,16157.112,1059.273,0.557,10,0.5569999999988795
29574,2025-04-04 14:00:00,15596.895,28.699,4219.93,1058.885,16157.689,1059.273,0.23,10,0.5480000000006839
29574,2025-04-04 15:00:00,15597.382,28.699,4220.028,1058.902,16158.185,1059.29,0.532,10,0.4869999999991705
29574,2025-04-04 20:00:00,15598.96,28.699,4220.577,1058.98,16159.852,1059.368,0.32,10,0.2989999999990687
29574,2025-04-04 21:00:00,15599.349,28.699,4220.679,1058.986,16160.254,1059.374,0.451,10,0.3890000000010332
29574,2025-04-04 22:00:00,15599.593,28.699,4220.814,1058.987,16160.525,1059.375,0.217,10,0.2440000000005966
29574,2025-04-05 01:00:00,15600.458,28.699,4221.081,1059.006,16161.429,1059.394,0.195,10,0.2480000000014115
29574,2025-04-05 02:00:00,15600.702,28.699,4221.242,1059.01,16161.707,1059.398,0.197,10,0.2439999999987776
29574,2025-04-05 03:00:00,15600.905,28.699,4221.351,1059.017,16161.931,1059.405,0.151,10,0.2030000000013387
29574,2025-04-05 04:00:00,15601.128,28.699,4221.467,1059.018,16162.177,1059.406,0.171,10,0.2229999999999563
29574,2025-04-05 05:00:00,15601.338,28.699,4221.562,1059.021,16162.404,1059.409,0.161,10,0.2099999999991268
29574,2025-04-05 06:00:00,15601.471,28.699,4221.667,1059.028,16162.56,1059.416,0.139,10,0.1329999999998108
29574,2025-04-05 07:00:00,15601.756,28.699,4221.777,1059.051,16162.864,1059.439,0.26,10,0.2849999999998545
29574,2025-04-05 08:00:00,15602.087,28.699,4221.844,1059.099,16163.201,1059.487,0.341,10,0.3310000000001309
29574,2025-04-05 09:00:00,15602.422,28.699,4221.945,1059.106,16163.551,1059.494,0.357,10,0.3350000000009459
29574,2025-04-05 10:00:00,15603.118,28.699,4222.007,1059.117,16164.239,1059.505,0.68,10,0.6959999999999127
29574,2025-04-05 11:00:00,15603.744,28.699,4222.156,1059.126,16164.882,1059.514,0.566,10,0.6260000000002037
29574,2025-04-05 12:00:00,15604.591,28.699,4222.266,1059.134,16165.728,1059.522,0.788,10,0.8469999999997526
29574,2025-04-05 13:00:00,15604.713,28.699,4222.315,1059.141,16165.859,1059.529,0.266,10,0.1219999999993888
29574,2025-04-05 14:00:00,15604.91,28.699,4222.395,1059.148,16166.07,1059.536,0.151,10,0.1970000000001164
29574,2025-04-05 19:00:00,15606.609,28.699,4222.801,1059.2,16167.816,1059.588,0.839,10,0.8119999999998981
29574,2025-04-05 20:00:00,15607.045,28.699,4222.954,1059.209,16168.277,1059.597,0.423,10,0.4359999999996944
29574,2025-04-05 21:00:00,15607.364,28.699,4223.068,1059.217,16168.615,1059.605,0.324,10,0.3189999999995052
29574,2025-04-05 22:00:00,15607.751,28.699,4223.216,1059.233,16169.027,1059.621,0.373,10,0.3870000000006257
29574,2025-04-05 23:00:00,15607.977,28.699,4223.331,1059.249,16169.275,1059.637,0.197,10,0.2260000000005675
29574,2025-04-06 03:00:00,15608.897,28.699,4223.641,1059.345,16170.244,1059.733,0.201,10,0.158000000001266
29574,2025-04-06 04:00:00,15609.02,28.699,4223.717,1059.363,16170.383,1059.751,0.161,10,0.1229999999995925
29574,2025-04-06 05:00:00,15609.119,28.699,4223.789,1059.395,16170.497,1059.783,0.138,10,0.09900000000016
29574,2025-04-06 06:00:00,15609.207,28.702,4223.879,1059.421,16170.605,1059.809,0.157,10,0.087999999999738
29574,2025-04-06 07:00:00,15609.547,28.702,4223.968,1059.448,16170.957,1059.836,0.327,10,0.3400000000001455
29574,2025-04-06 08:00:00,15610.092,28.702,4224.022,1059.461,16171.497,1059.849,0.593,10,0.5450000000000728
29574,2025-04-06 09:00:00,15610.254,28.702,4224.104,1059.481,16171.675,1059.869,0.195,10,0.1620000000002619
29574,2025-04-06 10:00:00,15610.419,28.702,4224.163,1059.501,16171.85,1059.889,0.183,10,0.1649999999990541
29574,2025-04-06 11:00:00,15611.22,28.702,4224.267,1059.511,16172.65,1059.899,0.83,10,0.8009999999994761
29574,2025-04-06 12:00:00,15611.427,28.702,4224.368,1059.523,16172.876,1059.911,0.199,10,0.2070000000003347
29574,2025-04-06 13:00:00,15611.739,28.702,4224.459,1059.539,16173.201,1059.927,0.32,10,0.3119999999998981
29574,2025-04-06 14:00:00,15612.007,28.702,4224.534,1059.543,16173.479,1059.931,0.268,10,0.2680000000000291
29574,2025-04-06 15:00:00,15613.196,28.702,4224.984,1059.548,16174.745,1059.936,1.05,10,1.1890000000003056
29574,2025-04-06 16:00:00,15613.488,28.702,4225.137,1059.56,16175.066,1059.948,0.199,10,0.2919999999994616
29574,2025-04-06 17:00:00,15613.729,28.702,4225.245,1059.589,16175.327,1059.977,0.159,10,0.2409999999999854
29574,2025-04-06 18:00:00,15613.961,28.702,4225.369,1059.601,16175.584,1059.989,0.202,10,0.2319999999999709
29574,2025-04-06 19:00:00,15614.387,28.702,4225.466,1059.617,16176.02,1060.005,0.46,10,0.4260000000012951
29574,2025-04-06 20:00:00,15614.891,28.702,4225.518,1059.63,16176.52,1060.018,0.508,10,0.5039999999989959
29574,2025-04-06 21:00:00,15615.233,28.702,4225.618,1059.637,16176.876,1060.025,0.335,10,0.342000000000553
29574,2025-04-06 22:00:00,15615.68,28.702,4225.751,1059.64,16177.343,1060.028,0.433,10,0.4470000000001164
29574,2025-04-06 23:00:00,15616.122,28.702,4225.853,1059.658,16177.796,1060.046,0.432,10,0.4419999999990978
29574,2025-04-07 00:00:00,15616.372,28.702,4225.996,1059.661,16178.075,1060.049,0.227,10,0.25
29574,2025-04-07 01:00:00,15616.582,28.702,4226.094,1059.667,16178.303,1060.055,0.175,10,0.2100000000009458
29574,2025-04-07 04:00:00,15617.106,28.702,4226.41,1059.685,16178.891,1060.073,0.145,10,0.1679999999996653
29574,2025-04-07 05:00:00,15617.289,28.702,4226.531,1059.693,16179.1,1060.081,0.16,10,0.1830000000009022
29574,2025-04-07 06:00:00,15617.6,28.702,4226.652,1059.78,16179.431,1060.168,0.253,10,0.3109999999996944
29574,2025-04-07 07:00:00,15617.934,28.702,4226.778,1059.844,16179.787,1060.232,0.216,10,0.3339999999989231
29574,2025-04-07 08:00:00,15618.463,28.702,4226.93,1059.855,16180.337,1060.243,0.534,10,0.5290000000004511
29574,2025-04-07 09:00:00,15618.724,28.702,4227.033,1059.864,16180.616,1060.252,0.275,10,0.261000000000422
29574,2025-04-07 10:00:00,15618.979,28.702,4227.111,1059.883,16180.882,1060.271,0.277,10,0.2549999999991996
29574,2025-04-07 11:00:00,15619.85,28.702,4227.193,1059.894,16181.745,1060.282,0.892,10,0.8710000000010041
29574,2025-04-07 12:00:00,15620.195,28.702,4227.325,1059.898,16182.112,1060.286,0.366,10,0.3449999999993451
29574,2025-04-07 13:00:00,15621.109,28.702,4227.436,1059.902,16183.023,1060.29,0.926,10,0.9140000000006694
29574,2025-04-07 14:00:00,15621.548,28.702,4227.612,1059.902,16183.493,1060.29,0.438,10,0.4390000000003056
29574,2025-04-07 15:00:00,15621.945,28.702,4227.83,1059.902,16183.933,1060.29,0.396,10,0.396999999999025
29574,2025-04-07 16:00:00,15622.182,28.702,4227.935,1059.905,16184.189,1060.293,0.235,10,0.2370000000009895
29574,2025-04-07 17:00:00,15622.411,28.702,4228.089,1059.908,16184.451,1060.296,0.228,10,0.2289999999993597
29574,2025-04-07 18:00:00,15622.667,28.702,4228.174,1059.919,16184.72,1060.307,0.256,10,0.2559999999994033
29574,2025-04-07 19:00:00,15623.017,28.702,4228.281,1059.926,16185.086,1060.314,0.35,10,0.3500000000003638
29574,2025-04-07 20:00:00,15623.401,28.702,4228.381,1059.938,16185.483,1060.326,0.383,10,0.3840000000000145
29574,2025-04-07 21:00:00,15623.738,28.702,4228.464,1059.949,16185.83,1060.337,0.337,10,0.3369999999995343
29574,2025-04-07 22:00:00,15624.446,28.702,4228.552,1059.956,16186.536,1060.344,0.707,10,0.7080000000005384
29574,2025-04-07 23:00:00,15624.767,28.702,4228.688,1059.965,16186.881,1060.353,0.32,10,0.3209999999999127
29574,2025-04-08 00:00:00,15624.983,28.702,4228.822,1059.971,16187.125,1060.359,0.216,10,0.2160000000003492
29574,2025-04-08 01:00:00,15625.245,28.702,4228.955,1059.98,16187.413,1060.368,0.262,10,0.2620000000006257
29574,2025-04-08 02:00:00,15625.385,28.702,4229.045,1059.988,16187.571,1060.376,0.14,10,0.1399999999994179
29574,2025-04-08 03:00:00,15625.543,28.702,4229.136,1059.997,16187.748,1060.385,0.157,10,0.157999999999447
29574,2025-04-08 04:00:00,15625.719,28.702,4229.258,1060.0,16187.949,1060.388,0.176,10,0.1759999999994761
29574,2025-04-08 05:00:00,15625.883,28.702,4229.357,1060.005,16188.133,1060.393,0.164,10,0.1640000000006694
29574,2025-04-08 06:00:00,15626.023,28.702,4229.432,1060.011,16188.288,1060.399,0.139,10,0.1399999999994179
29574,2025-04-08 07:00:00,15626.294,28.702,4229.534,1060.014,16188.576,1060.402,0.271,10,0.2710000000006403
29574,2025-04-08 08:00:00,15626.973,28.702,4229.612,1060.02,16189.252,1060.408,0.68,10,0.6790000000000873
29574,2025-04-08 09:00:00,15627.444,28.702,4229.721,1060.025,16189.735,1060.413,0.47,10,0.4709999999995489
29574,2025-04-08 10:00:00,15628.339,28.702,4229.836,1060.031,16190.629,1060.419,0.894,10,0.8950000000004366
29574,2025-04-08 11:00:00,15629.029,28.702,4229.904,1060.036,16191.313,1060.424,0.69,10,0.6900000000005093
29574,2025-04-08 12:00:00,15630.055,28.702,4230.03,1060.036,16192.336,1060.424,1.025,10,1.02599999999984
29574,2025-04-08 13:00:00,15630.811,28.702,4230.104,1060.04,16193.085,1060.428,0.756,10,0.7559999999994034
29574,2025-04-08 14:00:00,15631.612,28.702,4230.225,1060.041,16193.89,1060.429,0.801,10,0.8009999999994761
29574,2025-04-08 15:00:00,15631.958,28.702,4230.363,1060.044,16194.26,1060.432,0.346,10,0.3460000000013679
29574,2025-04-08 16:00:00,15632.171,28.702,4230.463,1060.047,16194.492,1060.435,0.213,10,0.212999999999738
29574,2025-04-08 17:00:00,15632.474,28.702,4230.528,1060.058,16194.801,1060.446,0.302,10,0.3029999999998836
29574,2025-04-08 18:00:00,15632.734,28.702,4230.638,1060.067,16195.081,1060.455,0.26,10,0.2600000000002183
29574,2025-04-08 19:00:00,15633.508,28.702,4230.779,1060.076,16195.865,1060.464,0.774,10,0.7739999999994325
29574,2025-04-08 20:00:00,15634.437,28.702,4230.959,1060.076,16196.809,1060.464,0.928,10,0.9290000000000872
29574,2025-04-08 21:00:00,15634.805,28.702,4231.062,1060.086,16197.191,1060.474,0.368,10,0.3680000000003929
29574,2025-04-08 22:00:00,15635.251,28.702,4231.198,1060.098,16197.657,1060.486,0.445,10,0.4459999999999127
29574,2025-04-08 23:00:00,15635.469,28.702,4231.291,1060.107,16197.892,1060.495,0.218,10,0.2179999999989377
29574,2025-04-09 02:00:00,15636.196,28.702,4231.604,1060.12,16198.675,1060.508,0.207,10,0.2070000000003347
29574,2025-04-09 03:00:00,15636.371,28.702,4231.688,1060.125,16198.866,1060.513,0.174,10,0.1749999999992724
29574,2025-04-09 04:00:00,15636.564,28.702,4231.81,1060.129,16199.084,1060.517,0.193,10,0.1930000000011205
29574,2025-04-09 05:00:00,15636.732,28.702,4231.886,1060.14,16199.266,1060.528,0.166,10,0.1679999999996653
29574,2025-04-09 06:00:00,15637.138,28.702,4232.001,1060.15,16199.688,1060.538,0.405,10,0.4060000000008585
29574,2025-04-09 07:00:00,15637.525,28.702,4232.117,1060.153,16200.092,1060.541,0.387,10,0.3869999999988067
29574,2025-04-09 08:00:00,15638.018,28.702,4232.204,1060.158,16200.591,1060.546,0.492,10,0.4930000000003929
29574,2025-04-09 09:00:00,15638.221,28.702,4232.26,1060.164,16200.801,1060.552,0.203,10,0.2029999999995198
29574,2025-04-09 10:00:00,15639.067,28.702,4232.356,1060.173,16201.643,1060.561,0.846,10,0.8459999999995489
29574,2025-04-09 11:00:00,15639.526,28.702,4232.42,1060.19,16202.103,1060.578,0.459,10,0.4590000000007421
29574,2025-04-09 18:00:00,15642.078,28.702,4233.065,1060.288,16204.735,1060.676,0.21,10,0.315999999998894
29574,2025-04-09 19:00:00,15642.48,28.702,4233.164,1060.301,16205.149,1060.689,0.345,10,0.4020000000000436
29574,2025-04-09 20:00:00,15643.167,28.702,4233.209,1060.312,16205.824,1060.7,0.673,10,0.6869999999998981
29574,2025-04-09 21:00:00,15643.587,28.702,4233.322,1060.322,16206.258,1060.71,0.401,10,0.4200000000000727
29574,2025-04-09 22:00:00,15644.052,28.702,4233.385,1060.338,16206.724,1060.726,0.441,10,0.4650000000001455
29574,2025-04-09 23:00:00,15644.325,28.702,4233.483,1060.345,16207.013,1060.733,0.252,10,0.2730000000010477
29574,2025-04-10 00:00:00,15644.566,28.702,4233.563,1060.35,16207.266,1060.738,0.216,10,0.2409999999999854
29574,2025-04-10 01:00:00,15644.878,28.702,4233.676,1060.353,16207.597,1060.741,0.293,10,0.3119999999998981
29574,2025-04-10 06:00:00,15646.272,28.702,4234.178,1060.38,16209.074,1060.768,0.33,10,0.3210000000017317
29574,2025-04-10 07:00:00,15646.675,28.702,4234.274,1060.389,16209.488,1060.777,0.349,10,0.4029999999984284
29574,2025-04-10 08:00:00,15646.938,28.702,4234.308,1060.413,16209.751,1060.801,0.237,10,0.2630000000008294
29574,2025-04-10 09:00:00,15647.156,28.702,4234.428,1060.427,16209.992,1060.815,0.175,10,0.2180000000007567
29574,2025-04-10 10:00:00,15647.338,28.702,4234.489,1060.465,16210.184,1060.853,0.188,10,0.1819999999988795
29574,2025-04-10 11:00:00,15648.445,28.702,4234.604,1060.47,16211.283,1060.858,1.126,10,1.106999999999971
29574,2025-04-10 12:00:00,15648.991,28.702,4234.692,1060.473,16211.833,1060.861,0.525,10,0.5460000000002765
29574,2025-04-10 13:00:00,15649.53,28.702,4234.876,1060.479,16212.401,1060.867,0.549,10,0.5390000000006694
29574,2025-04-10 14:00:00,15650.049,28.702,4234.99,1060.481,16212.932,1060.869,0.532,10,0.5190000000002328
29574,2025-04-10 15:00:00,15650.322,28.702,4235.091,1060.484,16213.222,1060.872,0.292,10,0.2729999999992287
29574,2025-04-10 16:00:00,15650.564,28.702,4235.161,1060.492,16213.474,1060.88,0.202,10,0.2420000000001891
29574,2025-04-10 17:00:00,15650.987,28.702,4235.286,1060.512,16213.915,1060.9,0.414,10,0.4229999999988649
29574,2025-04-10 18:00:00,15651.348,28.702,4235.4,1060.535,16214.293,1060.923,0.318,10,0.3610000000007858
29574,2025-04-10 19:00:00,15651.79,28.702,4235.52,1060.543,16214.751,1060.931,0.415,10,0.4420000000009167
29574,2025-04-10 20:00:00,15652.213,28.702,4235.735,1060.543,16215.215,1060.931,0.4,10,0.4229999999988649
29574,2025-04-10 21:00:00,15652.645,28.702,4235.884,1060.548,16215.671,1060.936,0.392,10,0.4320000000006985
29574,2025-04-10 22:00:00,15653.123,28.702,4236.055,1060.548,16216.177,1060.936,0.409,10,0.477999999999156
29574,2025-04-10 23:00:00,15653.427,28.702,4236.221,1060.548,16216.514,1060.936,0.23,10,0.3040000000000873
